
== tokenize wikitext (13:29:26)
ggml_cuda_init: found 1 CUDA devices (Total VRAM: 15840 MiB):
  Device 0: NVIDIA GeForce RTX 5080, compute capability 12.0, VMM: yes, VRAM: 15840 MiB
llama_model_loader: additional 1 GGUFs metadata loaded.
llama_model_loader: loaded meta data with 73 key-value pairs and 1224 tensors from $MODELS/Qwen3.8-Flash-Next-GSQ-RCO-Q2_0-00001-of-00002.gguf (version GGUF V3 (latest))
llama_model_loader: Dumping metadata keys/values. Note: KV overrides do not apply in this output.
llama_model_loader: - kv   0:                       general.architecture str              = qwen4exp
llama_model_loader: - kv   1:                               general.type str              = model
llama_model_loader: - kv   2:                     general.sampling.top_k i32              = 20
llama_model_loader: - kv   3:                     general.sampling.top_p f32              = 0.950000
llama_model_loader: - kv   4:                      general.sampling.temp f32              = 1.000000
llama_model_loader: - kv   5:                         general.size_label str              = 512x56B
llama_model_loader: - kv   6:                       qwen4exp.block_count u32              = 48
llama_model_loader: - kv   7:                    qwen4exp.context_length u32              = 262144
llama_model_loader: - kv   8:                  qwen4exp.embedding_length u32              = 2560
llama_model_loader: - kv   9:              qwen4exp.attention.head_count u32              = 24
llama_model_loader: - kv  10:           qwen4exp.attention.head_count_kv u32              = 2
llama_model_loader: - kv  11:           qwen4exp.rope.dimension_sections arr[i32,4]       = [11, 11, 10, 0]
llama_model_loader: - kv  12:                    qwen4exp.rope.freq_base f32              = 10000000.000000
llama_model_loader: - kv  13:  qwen4exp.attention.layer_norm_rms_epsilon f32              = 0.000001
llama_model_loader: - kv  14:                      qwen4exp.expert_count u32              = 512
llama_model_loader: - kv  15:                 qwen4exp.expert_used_count u32              = 10
llama_model_loader: - kv  16:              qwen4exp.attention.key_length u32              = 256
llama_model_loader: - kv  17:            qwen4exp.attention.value_length u32              = 256
llama_model_loader: - kv  18:        qwen4exp.expert_feed_forward_length u32              = 640
llama_model_loader: - kv  19: qwen4exp.expert_shared_feed_forward_length u32              = 640
llama_model_loader: - kv  20:                   qwen4exp.ssm.conv_kernel u32              = 4
llama_model_loader: - kv  21:                    qwen4exp.ssm.state_size u32              = 128
llama_model_loader: - kv  22:                   qwen4exp.ssm.group_count u32              = 16
llama_model_loader: - kv  23:                qwen4exp.ssm.time_step_rank u32              = 48
llama_model_loader: - kv  24:                    qwen4exp.ssm.inner_size u32              = 6144
llama_model_loader: - kv  25:           qwen4exp.full_attention_interval u32              = 4
llama_model_loader: - kv  26:              qwen4exp.rope.dimension_count u32              = 64
llama_model_loader: - kv  27:            qwen4exp.hyper_connection.count u32              = 4
llama_model_loader: - kv  28:         qwen4exp.hyper_connection.low_rank u32              = 320
llama_model_loader: - kv  29:      qwen4exp.attention.indexer.head_count u32              = 4
llama_model_loader: - kv  30:      qwen4exp.attention.indexer.key_length u32              = 128
llama_model_loader: - kv  31:           qwen4exp.attention.indexer.top_k u32              = 2048
llama_model_loader: - kv  32:         qwen4exp.attention.compress_ratios arr[i32,48]      = [0, 0, 0, 4, 0, 0, 0, 4, 0, 0, 0, 4, ...
llama_model_loader: - kv  33:                        qwen4exp.ple.layers arr[i32,1]       = [1]
llama_model_loader: - kv  34:                    qwen4exp.ple.ngram_size u32              = 3
llama_model_loader: - kv  35:               qwen4exp.ple.heads_per_ngram u32              = 8
llama_model_loader: - kv  36:                   qwen4exp.ple.conv_kernel u32              = 4
llama_model_loader: - kv  37:                  qwen4exp.ple.eos_token_id u32              = 248044
llama_model_loader: - kv  38:  qwen4exp.embedding_length_per_layer_input u32              = 160
llama_model_loader: - kv  39:             qwen4exp.ple.layer_multipliers arr[u64,3]       = [23703573157769, 20109073645365, 8052...
llama_model_loader: - kv  40:                  qwen4exp.ple.head_offsets arr[u64,16]      = [0, 20000003, 40000026, 60000059, 800...
llama_model_loader: - kv  41:              qwen4exp.ple.head_vocab_sizes arr[u64,16]      = [20000003, 20000023, 20000033, 200000...
llama_model_loader: - kv  42:                       tokenizer.ggml.model str              = gpt2
llama_model_loader: - kv  43:                         tokenizer.ggml.pre str              = qwen35
llama_model_loader: - kv  44:                      tokenizer.ggml.tokens arr[str,248320]  = ["!", "\"", "#", "$", "%", "&", "'", ...
llama_model_loader: - kv  45:                  tokenizer.ggml.token_type arr[i32,248320]  = [1, 1, 1, 1, 1, 1, 1, 1, 1, 1, 1, 1, ...
llama_model_loader: - kv  46:                      tokenizer.ggml.merges arr[str,247587]  = ["Ġ Ġ", "ĠĠ ĠĠ", "i n", "Ġ t",...
llama_model_loader: - kv  47:                tokenizer.ggml.eos_token_id u32              = 248046
llama_model_loader: - kv  48:            tokenizer.ggml.padding_token_id u32              = 248044
llama_model_loader: - kv  49:                tokenizer.ggml.bos_token_id u32              = 248044
llama_model_loader: - kv  50:               tokenizer.ggml.add_bos_token bool             = false
llama_model_loader: - kv  51:                    tokenizer.chat_template str              = {%- set image_count = namespace(value...
llama_model_loader: - kv  52:                qwen4exp.ple.image_token_id u32              = 248056
llama_model_loader: - kv  53:                      quantize.imatrix.file str              = imatrix-qwen3.8-flash-next.gguf
llama_model_loader: - kv  54:                   quantize.imatrix.dataset str              = calib_qwen3.8-flash-next.tokids
llama_model_loader: - kv  55:             quantize.imatrix.entries_count u32              = 926
llama_model_loader: - kv  56:              quantize.imatrix.chunks_count u32              = 1000
llama_model_loader: - kv  57:                               general.name str              = Qwen3.8-Flash-Next GSQ-RCO
llama_model_loader: - kv  58:                           general.basename str              = Qwen3.8-Flash-Next
llama_model_loader: - kv  59:                       general.quantized_by str              = ISTA DASLab
llama_model_loader: - kv  60:                           general.repo_url str              = https://huggingface.co/ISTA-DASLab
llama_model_loader: - kv  61:                            general.license str              = apache-2.0
llama_model_loader: - kv  62:                               general.tags arr[str,2]       = ["gsq-rco", "ista-daslab"]
llama_model_loader: - kv  63:                        general.description str              = GSQ-RCO non-uniform mixed-precision G...
llama_model_loader: - kv  64:                   general.base_model.count u32              = 1
llama_model_loader: - kv  65:                  general.base_model.0.name str              = Qwen3.8 Flash Next
llama_model_loader: - kv  66:          general.base_model.0.organization str              = Qwen
llama_model_loader: - kv  67:              general.base_model.0.repo_url str              = https://huggingface.co/Qwen/Qwen3.8-F...
llama_model_loader: - kv  68:                          general.file_type u32              = 41
llama_model_loader: - kv  69:               general.quantization_version u32              = 2
llama_model_loader: - kv  70:                                   split.no u16              = 0
llama_model_loader: - kv  71:                                split.count u16              = 2
llama_model_loader: - kv  72:                        split.tensors.count i32              = 1224
llama_model_loader: - type  f32:  292 tensors
llama_model_loader: - type  f16:    1 tensors
llama_model_loader: - type q4_0:   16 tensors
llama_model_loader: - type q5_0:    7 tensors
llama_model_loader: - type q8_0:    2 tensors
llama_model_loader: - type q3_K:   91 tensors
llama_model_loader: - type q4_K:   38 tensors
llama_model_loader: - type q5_K:   16 tensors
llama_model_loader: - type q6_K:   12 tensors
llama_model_loader: - type iq4_nl:    8 tensors
llama_model_loader: - type iq4_xs:   56 tensors
llama_model_loader: - type bf16:  483 tensors
llama_model_loader: - type q2_0:  202 tensors
print_info: file format = GGUF V3 (latest)
print_info: file type   = Q2_0
print_info: file size   = 61.85 GiB (3.00 BPW) 
llama_prepare_model_devices: using device CUDA0 (NVIDIA GeForce RTX 5080) (0000:01:00.0) - 790 MiB free
init_tokenizer: initializing tokenizer for type 2
load: 0 unused tokens
load: control token: 248075 '<tts_text_bos_single>' is not marked as EOG
load: control token: 248073 '<tts_text_bos>' is not marked as EOG
load: control token: 248072 '<tts_pad>' is not marked as EOG
load: control token: 248071 '<|audio_end|>' is not marked as EOG
load: control token: 248061 '<|fim_middle|>' is not marked as EOG
load: control token: 248055 '<|vision_pad|>' is not marked as EOG
load: control token: 248052 '<|quad_end|>' is not marked as EOG
load: control token: 248049 '<|box_start|>' is not marked as EOG
load: control token: 248048 '<|object_ref_end|>' is not marked as EOG
load: control token: 248045 '<|im_start|>' is not marked as EOG
load: control token: 248057 '<|video_pad|>' is not marked as EOG
load: control token: 248070 '<|audio_start|>' is not marked as EOG
load: control token: 248056 '<|image_pad|>' is not marked as EOG
load: control token: 248054 '<|vision_end|>' is not marked as EOG
load: control token: 248060 '<|fim_prefix|>' is not marked as EOG
load: control token: 248050 '<|box_end|>' is not marked as EOG
load: control token: 248074 '<tts_text_eod>' is not marked as EOG
load: control token: 248053 '<|vision_start|>' is not marked as EOG
load: control token: 248062 '<|fim_suffix|>' is not marked as EOG
load: control token: 248047 '<|object_ref_start|>' is not marked as EOG
load: control token: 248051 '<|quad_start|>' is not marked as EOG
load: control token: 248076 '<|audio_pad|>' is not marked as EOG
load: printing all EOG tokens:
load:   - 248044 ('<|endoftext|>')
load:   - 248046 ('<|im_end|>')
load:   - 248063 ('<|fim_pad|>')
load:   - 248064 ('<|repo_name|>')
load:   - 248065 ('<|file_sep|>')
load: special tokens cache size = 33
load: token to piece cache size = 1.7581 MB
print_info: arch                  = qwen4exp
print_info: vocab_only            = 1
print_info: no_alloc              = 0
print_info: vocab type            = BPE
print_info: n_vocab               = 248320
print_info: n_merges              = 247587
print_info: BOS token             = 248044 '<|endoftext|>'
print_info: EOS token             = 248046 '<|im_end|>'
print_info: EOT token             = 248046 '<|im_end|>'
print_info: PAD token             = 248044 '<|endoftext|>'
print_info: LF token              = 198 'Ċ'
print_info: FIM PRE token         = 248060 '<|fim_prefix|>'
print_info: FIM SUF token         = 248062 '<|fim_suffix|>'
print_info: FIM MID token         = 248061 '<|fim_middle|>'
print_info: FIM PAD token         = 248063 '<|fim_pad|>'
print_info: FIM REP token         = 248064 '<|repo_name|>'
print_info: FIM SEP token         = 248065 '<|file_sep|>'
print_info: EOG token             = 248044 '<|endoftext|>'
print_info: EOG token             = 248046 '<|im_end|>'
print_info: EOG token             = 248063 '<|fim_pad|>'
print_info: EOG token             = 248064 '<|repo_name|>'
print_info: EOG token             = 248065 '<|file_sep|>'
print_info: max token length      = 256
llama_model_load: vocab only - skipping tensors
tokenized wiki.txt: 2437436 bytes -> 558604 tokens
wiki prompt: 140000 tokens, 12084 distinct, 0.703 unique trigrams per token
START 13:29:34
out=$BENCH/p0b-20260927

== h2dbw concurrent (13:29:34)
h2dbw copy-alloc   chunk=    1.38MB   25.19 GB/s  cpu  25.77 GB/s  sum  50.96
h2dbw copy-alloc   chunk=   16.78MB   25.87 GB/s  cpu  25.93 GB/s  sum  51.80
h2dbw copy-alloc   chunk=   67.11MB   25.90 GB/s  cpu  25.54 GB/s  sum  51.44
h2dbw registered buffer: pages=thp huge_frac=0.39
h2dbw copy-reg     chunk=    1.38MB   25.72 GB/s  cpu  26.72 GB/s  sum  52.44
h2dbw copy-reg     chunk=   16.78MB   26.23 GB/s  cpu  25.22 GB/s  sum  51.45
h2dbw copy-reg     chunk=   67.11MB   25.70 GB/s  cpu  24.04 GB/s  sum  49.74
h2dbw zero-copy    chunk=    1.38MB   21.35 GB/s  cpu  26.24 GB/s  sum  47.59
h2dbw zero-copy    chunk=   16.78MB   22.87 GB/s  cpu  26.68 GB/s  sum  49.54
h2dbw zero-copy    chunk=   67.11MB   23.00 GB/s  cpu  28.31 GB/s  sum  51.31
h2dbw done (cpu_threads=6)
h2dbw copy-alloc   chunk=    1.38MB   24.92 GB/s  cpu  24.45 GB/s  sum  49.37
h2dbw copy-alloc   chunk=   16.78MB   25.91 GB/s  cpu  24.42 GB/s  sum  50.32
h2dbw copy-alloc   chunk=   67.11MB   25.75 GB/s  cpu  23.75 GB/s  sum  49.50
h2dbw registered buffer: pages=thp huge_frac=0.38
h2dbw copy-reg     chunk=    1.38MB   24.83 GB/s  cpu  23.97 GB/s  sum  48.80
h2dbw copy-reg     chunk=   16.78MB   25.85 GB/s  cpu  23.85 GB/s  sum  49.70
h2dbw copy-reg     chunk=   67.11MB   25.81 GB/s  cpu  24.16 GB/s  sum  49.97
h2dbw zero-copy    chunk=    1.38MB   21.27 GB/s  cpu  26.48 GB/s  sum  47.75
h2dbw zero-copy    chunk=   16.78MB   22.62 GB/s  cpu  25.27 GB/s  sum  47.88
h2dbw zero-copy    chunk=   67.11MB   22.53 GB/s  cpu  25.51 GB/s  sum  48.04
h2dbw done (cpu_threads=12)

== route_trace wikitext (13:31:39)
ggml_cuda_init: found 1 CUDA devices (Total VRAM: 15840 MiB):
  Device 0: NVIDIA GeForce RTX 5080, compute capability 12.0, VMM: yes, VRAM: 15840 MiB
llama_model_loader: additional 1 GGUFs metadata loaded.
llama_model_loader: loaded meta data with 73 key-value pairs and 1224 tensors from $MODELS/Qwen3.8-Flash-Next-GSQ-RCO-Q2_0-00001-of-00002.gguf (version GGUF V3 (latest))
llama_model_loader: Dumping metadata keys/values. Note: KV overrides do not apply in this output.
llama_model_loader: - kv   0:                       general.architecture str              = qwen4exp
llama_model_loader: - kv   1:                               general.type str              = model
llama_model_loader: - kv   2:                     general.sampling.top_k i32              = 20
llama_model_loader: - kv   3:                     general.sampling.top_p f32              = 0.950000
llama_model_loader: - kv   4:                      general.sampling.temp f32              = 1.000000
llama_model_loader: - kv   5:                         general.size_label str              = 512x56B
llama_model_loader: - kv   6:                       qwen4exp.block_count u32              = 48
llama_model_loader: - kv   7:                    qwen4exp.context_length u32              = 262144
llama_model_loader: - kv   8:                  qwen4exp.embedding_length u32              = 2560
llama_model_loader: - kv   9:              qwen4exp.attention.head_count u32              = 24
llama_model_loader: - kv  10:           qwen4exp.attention.head_count_kv u32              = 2
llama_model_loader: - kv  11:           qwen4exp.rope.dimension_sections arr[i32,4]       = [11, 11, 10, 0]
llama_model_loader: - kv  12:                    qwen4exp.rope.freq_base f32              = 10000000.000000
llama_model_loader: - kv  13:  qwen4exp.attention.layer_norm_rms_epsilon f32              = 0.000001
llama_model_loader: - kv  14:                      qwen4exp.expert_count u32              = 512
llama_model_loader: - kv  15:                 qwen4exp.expert_used_count u32              = 10
llama_model_loader: - kv  16:              qwen4exp.attention.key_length u32              = 256
llama_model_loader: - kv  17:            qwen4exp.attention.value_length u32              = 256
llama_model_loader: - kv  18:        qwen4exp.expert_feed_forward_length u32              = 640
llama_model_loader: - kv  19: qwen4exp.expert_shared_feed_forward_length u32              = 640
llama_model_loader: - kv  20:                   qwen4exp.ssm.conv_kernel u32              = 4
llama_model_loader: - kv  21:                    qwen4exp.ssm.state_size u32              = 128
llama_model_loader: - kv  22:                   qwen4exp.ssm.group_count u32              = 16
llama_model_loader: - kv  23:                qwen4exp.ssm.time_step_rank u32              = 48
llama_model_loader: - kv  24:                    qwen4exp.ssm.inner_size u32              = 6144
llama_model_loader: - kv  25:           qwen4exp.full_attention_interval u32              = 4
llama_model_loader: - kv  26:              qwen4exp.rope.dimension_count u32              = 64
llama_model_loader: - kv  27:            qwen4exp.hyper_connection.count u32              = 4
llama_model_loader: - kv  28:         qwen4exp.hyper_connection.low_rank u32              = 320
llama_model_loader: - kv  29:      qwen4exp.attention.indexer.head_count u32              = 4
llama_model_loader: - kv  30:      qwen4exp.attention.indexer.key_length u32              = 128
llama_model_loader: - kv  31:           qwen4exp.attention.indexer.top_k u32              = 2048
llama_model_loader: - kv  32:         qwen4exp.attention.compress_ratios arr[i32,48]      = [0, 0, 0, 4, 0, 0, 0, 4, 0, 0, 0, 4, ...
llama_model_loader: - kv  33:                        qwen4exp.ple.layers arr[i32,1]       = [1]
llama_model_loader: - kv  34:                    qwen4exp.ple.ngram_size u32              = 3
llama_model_loader: - kv  35:               qwen4exp.ple.heads_per_ngram u32              = 8
llama_model_loader: - kv  36:                   qwen4exp.ple.conv_kernel u32              = 4
llama_model_loader: - kv  37:                  qwen4exp.ple.eos_token_id u32              = 248044
llama_model_loader: - kv  38:  qwen4exp.embedding_length_per_layer_input u32              = 160
llama_model_loader: - kv  39:             qwen4exp.ple.layer_multipliers arr[u64,3]       = [23703573157769, 20109073645365, 8052...
llama_model_loader: - kv  40:                  qwen4exp.ple.head_offsets arr[u64,16]      = [0, 20000003, 40000026, 60000059, 800...
llama_model_loader: - kv  41:              qwen4exp.ple.head_vocab_sizes arr[u64,16]      = [20000003, 20000023, 20000033, 200000...
llama_model_loader: - kv  42:                       tokenizer.ggml.model str              = gpt2
llama_model_loader: - kv  43:                         tokenizer.ggml.pre str              = qwen35
llama_model_loader: - kv  44:                      tokenizer.ggml.tokens arr[str,248320]  = ["!", "\"", "#", "$", "%", "&", "'", ...
llama_model_loader: - kv  45:                  tokenizer.ggml.token_type arr[i32,248320]  = [1, 1, 1, 1, 1, 1, 1, 1, 1, 1, 1, 1, ...
llama_model_loader: - kv  46:                      tokenizer.ggml.merges arr[str,247587]  = ["Ġ Ġ", "ĠĠ ĠĠ", "i n", "Ġ t",...
llama_model_loader: - kv  47:                tokenizer.ggml.eos_token_id u32              = 248046
llama_model_loader: - kv  48:            tokenizer.ggml.padding_token_id u32              = 248044
llama_model_loader: - kv  49:                tokenizer.ggml.bos_token_id u32              = 248044
llama_model_loader: - kv  50:               tokenizer.ggml.add_bos_token bool             = false
llama_model_loader: - kv  51:                    tokenizer.chat_template str              = {%- set image_count = namespace(value...
llama_model_loader: - kv  52:                qwen4exp.ple.image_token_id u32              = 248056
llama_model_loader: - kv  53:                      quantize.imatrix.file str              = imatrix-qwen3.8-flash-next.gguf
llama_model_loader: - kv  54:                   quantize.imatrix.dataset str              = calib_qwen3.8-flash-next.tokids
llama_model_loader: - kv  55:             quantize.imatrix.entries_count u32              = 926
llama_model_loader: - kv  56:              quantize.imatrix.chunks_count u32              = 1000
llama_model_loader: - kv  57:                               general.name str              = Qwen3.8-Flash-Next GSQ-RCO
llama_model_loader: - kv  58:                           general.basename str              = Qwen3.8-Flash-Next
llama_model_loader: - kv  59:                       general.quantized_by str              = ISTA DASLab
llama_model_loader: - kv  60:                           general.repo_url str              = https://huggingface.co/ISTA-DASLab
llama_model_loader: - kv  61:                            general.license str              = apache-2.0
llama_model_loader: - kv  62:                               general.tags arr[str,2]       = ["gsq-rco", "ista-daslab"]
llama_model_loader: - kv  63:                        general.description str              = GSQ-RCO non-uniform mixed-precision G...
llama_model_loader: - kv  64:                   general.base_model.count u32              = 1
llama_model_loader: - kv  65:                  general.base_model.0.name str              = Qwen3.8 Flash Next
llama_model_loader: - kv  66:          general.base_model.0.organization str              = Qwen
llama_model_loader: - kv  67:              general.base_model.0.repo_url str              = https://huggingface.co/Qwen/Qwen3.8-F...
llama_model_loader: - kv  68:                          general.file_type u32              = 41
llama_model_loader: - kv  69:               general.quantization_version u32              = 2
llama_model_loader: - kv  70:                                   split.no u16              = 0
llama_model_loader: - kv  71:                                split.count u16              = 2
llama_model_loader: - kv  72:                        split.tensors.count i32              = 1224
llama_model_loader: - type  f32:  292 tensors
llama_model_loader: - type  f16:    1 tensors
llama_model_loader: - type q4_0:   16 tensors
llama_model_loader: - type q5_0:    7 tensors
llama_model_loader: - type q8_0:    2 tensors
llama_model_loader: - type q3_K:   91 tensors
llama_model_loader: - type q4_K:   38 tensors
llama_model_loader: - type q5_K:   16 tensors
llama_model_loader: - type q6_K:   12 tensors
llama_model_loader: - type iq4_nl:    8 tensors
llama_model_loader: - type iq4_xs:   56 tensors
llama_model_loader: - type bf16:  483 tensors
llama_model_loader: - type q2_0:  202 tensors
print_info: file format = GGUF V3 (latest)
print_info: file type   = Q2_0
print_info: file size   = 61.85 GiB (3.00 BPW) 
llama_prepare_model_devices: using device CUDA0 (NVIDIA GeForce RTX 5080) (0000:01:00.0) - 15559 MiB free
init_tokenizer: initializing tokenizer for type 2
load: 0 unused tokens
load: control token: 248075 '<tts_text_bos_single>' is not marked as EOG
load: control token: 248073 '<tts_text_bos>' is not marked as EOG
load: control token: 248072 '<tts_pad>' is not marked as EOG
load: control token: 248071 '<|audio_end|>' is not marked as EOG
load: control token: 248061 '<|fim_middle|>' is not marked as EOG
load: control token: 248055 '<|vision_pad|>' is not marked as EOG
load: control token: 248052 '<|quad_end|>' is not marked as EOG
load: control token: 248049 '<|box_start|>' is not marked as EOG
load: control token: 248048 '<|object_ref_end|>' is not marked as EOG
load: control token: 248045 '<|im_start|>' is not marked as EOG
load: control token: 248057 '<|video_pad|>' is not marked as EOG
load: control token: 248070 '<|audio_start|>' is not marked as EOG
load: control token: 248056 '<|image_pad|>' is not marked as EOG
load: control token: 248054 '<|vision_end|>' is not marked as EOG
load: control token: 248060 '<|fim_prefix|>' is not marked as EOG
load: control token: 248050 '<|box_end|>' is not marked as EOG
load: control token: 248074 '<tts_text_eod>' is not marked as EOG
load: control token: 248053 '<|vision_start|>' is not marked as EOG
load: control token: 248062 '<|fim_suffix|>' is not marked as EOG
load: control token: 248047 '<|object_ref_start|>' is not marked as EOG
load: control token: 248051 '<|quad_start|>' is not marked as EOG
load: control token: 248076 '<|audio_pad|>' is not marked as EOG
load: printing all EOG tokens:
load:   - 248044 ('<|endoftext|>')
load:   - 248046 ('<|im_end|>')
load:   - 248063 ('<|fim_pad|>')
load:   - 248064 ('<|repo_name|>')
load:   - 248065 ('<|file_sep|>')
load: special tokens cache size = 33
load: token to piece cache size = 1.7581 MB
print_info: arch                  = qwen4exp
print_info: vocab_only            = 0
print_info: no_alloc              = 0
print_info: n_ctx_train           = 262144
print_info: n_embd_inp            = 2560
print_info: n_embd                = 2560
print_info: n_embd_out            = 10240
print_info: n_layer               = 48
print_info: n_layer_all           = 48
print_info: n_head                = 24
print_info: n_head_kv             = 2
print_info: n_rot                 = 64
print_info: n_swa                 = 0
print_info: is_swa_any            = 0
print_info: non_causal_type       = 0
print_info: n_embd_head_k         = 256
print_info: n_embd_head_v         = 256
print_info: n_gqa                 = 12
print_info: n_embd_k_gqa          = 512
print_info: n_embd_v_gqa          = 512
print_info: f_norm_eps            = 0.0e+00
print_info: f_norm_rms_eps        = 1.0e-06
print_info: f_clamp_kqv           = 0.0e+00
print_info: f_max_alibi_bias      = 0.0e+00
print_info: f_logit_scale         = 0.0e+00
print_info: f_attn_scale          = 0.0e+00
print_info: f_attn_value_scale    = 0.0000
print_info: n_ff                  = 0
print_info: n_expert              = 512
print_info: n_expert_used         = 10
print_info: n_expert_groups       = 0
print_info: n_group_used          = 0
print_info: causal attn           = 1
print_info: pooling type          = -1
print_info: rope type             = 40
print_info: rope scaling          = linear
print_info: freq_base_train       = 10000000.0
print_info: freq_scale_train      = 1
print_info: n_ctx_orig_yarn       = 262144
print_info: rope_yarn_log_mul     = 0.0000
print_info: rope_finetuned        = unknown
print_info: mrope sections        = [11, 11, 10, 0]
print_info: model type            = A3B
print_info: model params          = 176.94 B
print_info: general.name          = Qwen3.8-Flash-Next GSQ-RCO
print_info: vocab type            = BPE
print_info: n_vocab               = 248320
print_info: n_merges              = 247587
print_info: BOS token             = 248044 '<|endoftext|>'
print_info: EOS token             = 248046 '<|im_end|>'
print_info: EOT token             = 248046 '<|im_end|>'
print_info: PAD token             = 248044 '<|endoftext|>'
print_info: LF token              = 198 'Ċ'
print_info: FIM PRE token         = 248060 '<|fim_prefix|>'
print_info: FIM SUF token         = 248062 '<|fim_suffix|>'
print_info: FIM MID token         = 248061 '<|fim_middle|>'
print_info: FIM PAD token         = 248063 '<|fim_pad|>'
print_info: FIM REP token         = 248064 '<|repo_name|>'
print_info: FIM SEP token         = 248065 '<|file_sep|>'
print_info: EOG token             = 248044 '<|endoftext|>'
print_info: EOG token             = 248046 '<|im_end|>'
print_info: EOG token             = 248063 '<|fim_pad|>'
print_info: EOG token             = 248064 '<|repo_name|>'
print_info: EOG token             = 248065 '<|file_sep|>'
print_info: max token length      = 256
load_tensors: loading model tensors, this can take a while... (load_mode = mmap)
load_tensors: layer   0 assigned to device CUDA0, is_swa = 0
load_tensors: layer   1 assigned to device CUDA0, is_swa = 0
load_tensors: layer   2 assigned to device CUDA0, is_swa = 0
load_tensors: layer   3 assigned to device CUDA0, is_swa = 0
load_tensors: layer   4 assigned to device CUDA0, is_swa = 0
load_tensors: layer   5 assigned to device CUDA0, is_swa = 0
load_tensors: layer   6 assigned to device CUDA0, is_swa = 0
load_tensors: layer   7 assigned to device CUDA0, is_swa = 0
load_tensors: layer   8 assigned to device CUDA0, is_swa = 0
load_tensors: layer   9 assigned to device CUDA0, is_swa = 0
load_tensors: layer  10 assigned to device CUDA0, is_swa = 0
load_tensors: layer  11 assigned to device CUDA0, is_swa = 0
load_tensors: layer  12 assigned to device CUDA0, is_swa = 0
load_tensors: layer  13 assigned to device CUDA0, is_swa = 0
load_tensors: layer  14 assigned to device CUDA0, is_swa = 0
load_tensors: layer  15 assigned to device CUDA0, is_swa = 0
load_tensors: layer  16 assigned to device CUDA0, is_swa = 0
load_tensors: layer  17 assigned to device CUDA0, is_swa = 0
load_tensors: layer  18 assigned to device CUDA0, is_swa = 0
load_tensors: layer  19 assigned to device CUDA0, is_swa = 0
load_tensors: layer  20 assigned to device CUDA0, is_swa = 0
load_tensors: layer  21 assigned to device CUDA0, is_swa = 0
load_tensors: layer  22 assigned to device CUDA0, is_swa = 0
load_tensors: layer  23 assigned to device CUDA0, is_swa = 0
load_tensors: layer  24 assigned to device CUDA0, is_swa = 0
load_tensors: layer  25 assigned to device CUDA0, is_swa = 0
load_tensors: layer  26 assigned to device CUDA0, is_swa = 0
load_tensors: layer  27 assigned to device CUDA0, is_swa = 0
load_tensors: layer  28 assigned to device CUDA0, is_swa = 0
load_tensors: layer  29 assigned to device CUDA0, is_swa = 0
load_tensors: layer  30 assigned to device CUDA0, is_swa = 0
load_tensors: layer  31 assigned to device CUDA0, is_swa = 0
load_tensors: layer  32 assigned to device CUDA0, is_swa = 0
load_tensors: layer  33 assigned to device CUDA0, is_swa = 0
load_tensors: layer  34 assigned to device CUDA0, is_swa = 0
load_tensors: layer  35 assigned to device CUDA0, is_swa = 0
load_tensors: layer  36 assigned to device CUDA0, is_swa = 0
load_tensors: layer  37 assigned to device CUDA0, is_swa = 0
load_tensors: layer  38 assigned to device CUDA0, is_swa = 0
load_tensors: layer  39 assigned to device CUDA0, is_swa = 0
load_tensors: layer  40 assigned to device CUDA0, is_swa = 0
load_tensors: layer  41 assigned to device CUDA0, is_swa = 0
load_tensors: layer  42 assigned to device CUDA0, is_swa = 0
load_tensors: layer  43 assigned to device CUDA0, is_swa = 0
load_tensors: layer  44 assigned to device CUDA0, is_swa = 0
load_tensors: layer  45 assigned to device CUDA0, is_swa = 0
load_tensors: layer  46 assigned to device CUDA0, is_swa = 0
load_tensors: layer  47 assigned to device CUDA0, is_swa = 0
load_tensors: layer  48 assigned to device CUDA0, is_swa = 0
create_tensor: loading tensor token_embd.weight
create_tensor: loading tensor output_hc_norm.weight
create_tensor: loading tensor output_hc_down.weight
create_tensor: loading tensor output_hc_up.weight
create_tensor: loading tensor output.weight
create_tensor: loading tensor per_layer_token_embd.weight
add: tensor per_layer_token_embd.weight (size = 27465 MiB) lazy read enabled
create_tensor: loading tensor blk.0.hc_attn_norm.weight
create_tensor: loading tensor blk.0.hc_attn_down.weight
create_tensor: loading tensor blk.0.hc_attn_up.weight
create_tensor: loading tensor blk.0.hc_attn_inject.weight
create_tensor: loading tensor blk.0.hc_ffn_norm.weight
create_tensor: loading tensor blk.0.hc_ffn_down.weight
create_tensor: loading tensor blk.0.hc_ffn_up.weight
create_tensor: loading tensor blk.0.hc_ffn_inject.weight
create_tensor: loading tensor blk.0.attn_qkv.weight
create_tensor: loading tensor blk.0.attn_gate.weight
create_tensor: loading tensor blk.0.ssm_conv1d.weight
create_tensor: loading tensor blk.0.ssm_dt.bias
create_tensor: loading tensor blk.0.ssm_a
create_tensor: loading tensor blk.0.ssm_beta.weight
create_tensor: loading tensor blk.0.ssm_alpha.weight
create_tensor: loading tensor blk.0.ssm_norm.weight
create_tensor: loading tensor blk.0.ssm_out.weight
create_tensor: loading tensor blk.0.ffn_gate_inp.weight
create_tensor: loading tensor blk.0.ffn_down_exps.weight
llama_model_loader: tensor overrides to CPU are used with mmap enabled - consider using --load-mode none for better performance
tensor blk.0.ffn_down_exps.weight (225 MiB q2_0) buffer type overridden to CUDA_Host
create_tensor: loading tensor blk.0.ffn_gate_up_exps.weight
create_tensor: loading tensor blk.0.ffn_gate_exps.weight
tensor blk.0.ffn_gate_exps.weight (225 MiB q2_0) buffer type overridden to CUDA_Host
create_tensor: loading tensor blk.0.ffn_up_exps.weight
tensor blk.0.ffn_up_exps.weight (225 MiB q2_0) buffer type overridden to CUDA_Host
create_tensor: loading tensor blk.0.ffn_gate_inp_shexp.weight
create_tensor: loading tensor blk.0.ffn_gate_shexp.weight
create_tensor: loading tensor blk.0.ffn_up_shexp.weight
create_tensor: loading tensor blk.0.ffn_down_shexp.weight
create_tensor: loading tensor blk.1.hc_attn_norm.weight
create_tensor: loading tensor blk.1.hc_attn_down.weight
create_tensor: loading tensor blk.1.hc_attn_up.weight
create_tensor: loading tensor blk.1.hc_attn_inject.weight
create_tensor: loading tensor blk.1.hc_ffn_norm.weight
create_tensor: loading tensor blk.1.hc_ffn_down.weight
create_tensor: loading tensor blk.1.hc_ffn_up.weight
create_tensor: loading tensor blk.1.hc_ffn_inject.weight
create_tensor: loading tensor blk.1.attn_qkv.weight
create_tensor: loading tensor blk.1.attn_gate.weight
create_tensor: loading tensor blk.1.ssm_conv1d.weight
create_tensor: loading tensor blk.1.ssm_dt.bias
create_tensor: loading tensor blk.1.ssm_a
create_tensor: loading tensor blk.1.ssm_beta.weight
create_tensor: loading tensor blk.1.ssm_alpha.weight
create_tensor: loading tensor blk.1.ssm_norm.weight
create_tensor: loading tensor blk.1.ssm_out.weight
create_tensor: loading tensor blk.1.ple_key.weight
create_tensor: loading tensor blk.1.ple_value.weight
create_tensor: loading tensor blk.1.ple_norm_key.weight
create_tensor: loading tensor blk.1.ple_norm_query.weight
create_tensor: loading tensor blk.1.ple_norm_conv.weight
create_tensor: loading tensor blk.1.ple_conv1d.weight
create_tensor: loading tensor blk.1.ffn_gate_inp.weight
create_tensor: loading tensor blk.1.ffn_down_exps.weight
tensor blk.1.ffn_down_exps.weight (225 MiB q2_0) buffer type overridden to CUDA_Host
create_tensor: loading tensor blk.1.ffn_gate_up_exps.weight
create_tensor: loading tensor blk.1.ffn_gate_exps.weight
tensor blk.1.ffn_gate_exps.weight (225 MiB q2_0) buffer type overridden to CUDA_Host
create_tensor: loading tensor blk.1.ffn_up_exps.weight
tensor blk.1.ffn_up_exps.weight (225 MiB q2_0) buffer type overridden to CUDA_Host
create_tensor: loading tensor blk.1.ffn_gate_inp_shexp.weight
create_tensor: loading tensor blk.1.ffn_gate_shexp.weight
create_tensor: loading tensor blk.1.ffn_up_shexp.weight
create_tensor: loading tensor blk.1.ffn_down_shexp.weight
create_tensor: loading tensor blk.2.hc_attn_norm.weight
create_tensor: loading tensor blk.2.hc_attn_down.weight
create_tensor: loading tensor blk.2.hc_attn_up.weight
create_tensor: loading tensor blk.2.hc_attn_inject.weight
create_tensor: loading tensor blk.2.hc_ffn_norm.weight
create_tensor: loading tensor blk.2.hc_ffn_down.weight
create_tensor: loading tensor blk.2.hc_ffn_up.weight
create_tensor: loading tensor blk.2.hc_ffn_inject.weight
create_tensor: loading tensor blk.2.attn_qkv.weight
create_tensor: loading tensor blk.2.attn_gate.weight
create_tensor: loading tensor blk.2.ssm_conv1d.weight
create_tensor: loading tensor blk.2.ssm_dt.bias
create_tensor: loading tensor blk.2.ssm_a
create_tensor: loading tensor blk.2.ssm_beta.weight
create_tensor: loading tensor blk.2.ssm_alpha.weight
create_tensor: loading tensor blk.2.ssm_norm.weight
create_tensor: loading tensor blk.2.ssm_out.weight
create_tensor: loading tensor blk.2.ffn_gate_inp.weight
create_tensor: loading tensor blk.2.ffn_down_exps.weight
tensor blk.2.ffn_down_exps.weight (225 MiB q2_0) buffer type overridden to CUDA_Host
create_tensor: loading tensor blk.2.ffn_gate_up_exps.weight
create_tensor: loading tensor blk.2.ffn_gate_exps.weight
tensor blk.2.ffn_gate_exps.weight (225 MiB q2_0) buffer type overridden to CUDA_Host
create_tensor: loading tensor blk.2.ffn_up_exps.weight
tensor blk.2.ffn_up_exps.weight (225 MiB q2_0) buffer type overridden to CUDA_Host
create_tensor: loading tensor blk.2.ffn_gate_inp_shexp.weight
create_tensor: loading tensor blk.2.ffn_gate_shexp.weight
create_tensor: loading tensor blk.2.ffn_up_shexp.weight
create_tensor: loading tensor blk.2.ffn_down_shexp.weight
create_tensor: loading tensor blk.3.hc_attn_norm.weight
create_tensor: loading tensor blk.3.hc_attn_down.weight
create_tensor: loading tensor blk.3.hc_attn_up.weight
create_tensor: loading tensor blk.3.hc_attn_inject.weight
create_tensor: loading tensor blk.3.hc_ffn_norm.weight
create_tensor: loading tensor blk.3.hc_ffn_down.weight
create_tensor: loading tensor blk.3.hc_ffn_up.weight
create_tensor: loading tensor blk.3.hc_ffn_inject.weight
create_tensor: loading tensor blk.3.attn_qkv.weight
create_tensor: loading tensor blk.3.attn_q.weight
create_tensor: loading tensor blk.3.attn_k.weight
create_tensor: loading tensor blk.3.attn_v.weight
create_tensor: loading tensor blk.3.attn_q.bias
create_tensor: loading tensor blk.3.attn_k.bias
create_tensor: loading tensor blk.3.attn_v.bias
create_tensor: loading tensor blk.3.attn_output.weight
create_tensor: loading tensor blk.3.attn_q_norm.weight
create_tensor: loading tensor blk.3.attn_k_norm.weight
create_tensor: loading tensor blk.3.indexer.q_proj.weight
create_tensor: loading tensor blk.3.indexer.k_proj.weight
create_tensor: loading tensor blk.3.indexer.q_norm.weight
create_tensor: loading tensor blk.3.indexer.k_norm.weight
create_tensor: loading tensor blk.3.ffn_gate_inp.weight
create_tensor: loading tensor blk.3.ffn_down_exps.weight
tensor blk.3.ffn_down_exps.weight (225 MiB q2_0) buffer type overridden to CUDA_Host
create_tensor: loading tensor blk.3.ffn_gate_up_exps.weight
create_tensor: loading tensor blk.3.ffn_gate_exps.weight
tensor blk.3.ffn_gate_exps.weight (225 MiB q2_0) buffer type overridden to CUDA_Host
create_tensor: loading tensor blk.3.ffn_up_exps.weight
tensor blk.3.ffn_up_exps.weight (225 MiB q2_0) buffer type overridden to CUDA_Host
create_tensor: loading tensor blk.3.ffn_gate_inp_shexp.weight
create_tensor: loading tensor blk.3.ffn_gate_shexp.weight
create_tensor: loading tensor blk.3.ffn_up_shexp.weight
create_tensor: loading tensor blk.3.ffn_down_shexp.weight
create_tensor: loading tensor blk.4.hc_attn_norm.weight
create_tensor: loading tensor blk.4.hc_attn_down.weight
create_tensor: loading tensor blk.4.hc_attn_up.weight
create_tensor: loading tensor blk.4.hc_attn_inject.weight
create_tensor: loading tensor blk.4.hc_ffn_norm.weight
create_tensor: loading tensor blk.4.hc_ffn_down.weight
create_tensor: loading tensor blk.4.hc_ffn_up.weight
create_tensor: loading tensor blk.4.hc_ffn_inject.weight
create_tensor: loading tensor blk.4.attn_qkv.weight
create_tensor: loading tensor blk.4.attn_gate.weight
create_tensor: loading tensor blk.4.ssm_conv1d.weight
create_tensor: loading tensor blk.4.ssm_dt.bias
create_tensor: loading tensor blk.4.ssm_a
create_tensor: loading tensor blk.4.ssm_beta.weight
create_tensor: loading tensor blk.4.ssm_alpha.weight
create_tensor: loading tensor blk.4.ssm_norm.weight
create_tensor: loading tensor blk.4.ssm_out.weight
create_tensor: loading tensor blk.4.ffn_gate_inp.weight
create_tensor: loading tensor blk.4.ffn_down_exps.weight
tensor blk.4.ffn_down_exps.weight (225 MiB q2_0) buffer type overridden to CUDA_Host
create_tensor: loading tensor blk.4.ffn_gate_up_exps.weight
create_tensor: loading tensor blk.4.ffn_gate_exps.weight
tensor blk.4.ffn_gate_exps.weight (225 MiB q2_0) buffer type overridden to CUDA_Host
create_tensor: loading tensor blk.4.ffn_up_exps.weight
tensor blk.4.ffn_up_exps.weight (225 MiB q2_0) buffer type overridden to CUDA_Host
create_tensor: loading tensor blk.4.ffn_gate_inp_shexp.weight
create_tensor: loading tensor blk.4.ffn_gate_shexp.weight
create_tensor: loading tensor blk.4.ffn_up_shexp.weight
create_tensor: loading tensor blk.4.ffn_down_shexp.weight
create_tensor: loading tensor blk.5.hc_attn_norm.weight
create_tensor: loading tensor blk.5.hc_attn_down.weight
create_tensor: loading tensor blk.5.hc_attn_up.weight
create_tensor: loading tensor blk.5.hc_attn_inject.weight
create_tensor: loading tensor blk.5.hc_ffn_norm.weight
create_tensor: loading tensor blk.5.hc_ffn_down.weight
create_tensor: loading tensor blk.5.hc_ffn_up.weight
create_tensor: loading tensor blk.5.hc_ffn_inject.weight
create_tensor: loading tensor blk.5.attn_qkv.weight
create_tensor: loading tensor blk.5.attn_gate.weight
create_tensor: loading tensor blk.5.ssm_conv1d.weight
create_tensor: loading tensor blk.5.ssm_dt.bias
create_tensor: loading tensor blk.5.ssm_a
create_tensor: loading tensor blk.5.ssm_beta.weight
create_tensor: loading tensor blk.5.ssm_alpha.weight
create_tensor: loading tensor blk.5.ssm_norm.weight
create_tensor: loading tensor blk.5.ssm_out.weight
create_tensor: loading tensor blk.5.ffn_gate_inp.weight
create_tensor: loading tensor blk.5.ffn_down_exps.weight
tensor blk.5.ffn_down_exps.weight (225 MiB q2_0) buffer type overridden to CUDA_Host
create_tensor: loading tensor blk.5.ffn_gate_up_exps.weight
create_tensor: loading tensor blk.5.ffn_gate_exps.weight
tensor blk.5.ffn_gate_exps.weight (225 MiB q2_0) buffer type overridden to CUDA_Host
create_tensor: loading tensor blk.5.ffn_up_exps.weight
tensor blk.5.ffn_up_exps.weight (225 MiB q2_0) buffer type overridden to CUDA_Host
create_tensor: loading tensor blk.5.ffn_gate_inp_shexp.weight
create_tensor: loading tensor blk.5.ffn_gate_shexp.weight
create_tensor: loading tensor blk.5.ffn_up_shexp.weight
create_tensor: loading tensor blk.5.ffn_down_shexp.weight
create_tensor: loading tensor blk.6.hc_attn_norm.weight
create_tensor: loading tensor blk.6.hc_attn_down.weight
create_tensor: loading tensor blk.6.hc_attn_up.weight
create_tensor: loading tensor blk.6.hc_attn_inject.weight
create_tensor: loading tensor blk.6.hc_ffn_norm.weight
create_tensor: loading tensor blk.6.hc_ffn_down.weight
create_tensor: loading tensor blk.6.hc_ffn_up.weight
create_tensor: loading tensor blk.6.hc_ffn_inject.weight
create_tensor: loading tensor blk.6.attn_qkv.weight
create_tensor: loading tensor blk.6.attn_gate.weight
create_tensor: loading tensor blk.6.ssm_conv1d.weight
create_tensor: loading tensor blk.6.ssm_dt.bias
create_tensor: loading tensor blk.6.ssm_a
create_tensor: loading tensor blk.6.ssm_beta.weight
create_tensor: loading tensor blk.6.ssm_alpha.weight
create_tensor: loading tensor blk.6.ssm_norm.weight
create_tensor: loading tensor blk.6.ssm_out.weight
create_tensor: loading tensor blk.6.ffn_gate_inp.weight
create_tensor: loading tensor blk.6.ffn_down_exps.weight
tensor blk.6.ffn_down_exps.weight (225 MiB q2_0) buffer type overridden to CUDA_Host
create_tensor: loading tensor blk.6.ffn_gate_up_exps.weight
create_tensor: loading tensor blk.6.ffn_gate_exps.weight
tensor blk.6.ffn_gate_exps.weight (225 MiB q2_0) buffer type overridden to CUDA_Host
create_tensor: loading tensor blk.6.ffn_up_exps.weight
tensor blk.6.ffn_up_exps.weight (225 MiB q2_0) buffer type overridden to CUDA_Host
create_tensor: loading tensor blk.6.ffn_gate_inp_shexp.weight
create_tensor: loading tensor blk.6.ffn_gate_shexp.weight
create_tensor: loading tensor blk.6.ffn_up_shexp.weight
create_tensor: loading tensor blk.6.ffn_down_shexp.weight
create_tensor: loading tensor blk.7.hc_attn_norm.weight
create_tensor: loading tensor blk.7.hc_attn_down.weight
create_tensor: loading tensor blk.7.hc_attn_up.weight
create_tensor: loading tensor blk.7.hc_attn_inject.weight
create_tensor: loading tensor blk.7.hc_ffn_norm.weight
create_tensor: loading tensor blk.7.hc_ffn_down.weight
create_tensor: loading tensor blk.7.hc_ffn_up.weight
create_tensor: loading tensor blk.7.hc_ffn_inject.weight
create_tensor: loading tensor blk.7.attn_qkv.weight
create_tensor: loading tensor blk.7.attn_q.weight
create_tensor: loading tensor blk.7.attn_k.weight
create_tensor: loading tensor blk.7.attn_v.weight
create_tensor: loading tensor blk.7.attn_q.bias
create_tensor: loading tensor blk.7.attn_k.bias
create_tensor: loading tensor blk.7.attn_v.bias
create_tensor: loading tensor blk.7.attn_output.weight
create_tensor: loading tensor blk.7.attn_q_norm.weight
create_tensor: loading tensor blk.7.attn_k_norm.weight
create_tensor: loading tensor blk.7.indexer.q_proj.weight
create_tensor: loading tensor blk.7.indexer.k_proj.weight
create_tensor: loading tensor blk.7.indexer.q_norm.weight
create_tensor: loading tensor blk.7.indexer.k_norm.weight
create_tensor: loading tensor blk.7.ffn_gate_inp.weight
create_tensor: loading tensor blk.7.ffn_down_exps.weight
tensor blk.7.ffn_down_exps.weight (225 MiB q2_0) buffer type overridden to CUDA_Host
create_tensor: loading tensor blk.7.ffn_gate_up_exps.weight
create_tensor: loading tensor blk.7.ffn_gate_exps.weight
tensor blk.7.ffn_gate_exps.weight (225 MiB q2_0) buffer type overridden to CUDA_Host
create_tensor: loading tensor blk.7.ffn_up_exps.weight
tensor blk.7.ffn_up_exps.weight (225 MiB q2_0) buffer type overridden to CUDA_Host
create_tensor: loading tensor blk.7.ffn_gate_inp_shexp.weight
create_tensor: loading tensor blk.7.ffn_gate_shexp.weight
create_tensor: loading tensor blk.7.ffn_up_shexp.weight
create_tensor: loading tensor blk.7.ffn_down_shexp.weight
create_tensor: loading tensor blk.8.hc_attn_norm.weight
create_tensor: loading tensor blk.8.hc_attn_down.weight
create_tensor: loading tensor blk.8.hc_attn_up.weight
create_tensor: loading tensor blk.8.hc_attn_inject.weight
create_tensor: loading tensor blk.8.hc_ffn_norm.weight
create_tensor: loading tensor blk.8.hc_ffn_down.weight
create_tensor: loading tensor blk.8.hc_ffn_up.weight
create_tensor: loading tensor blk.8.hc_ffn_inject.weight
create_tensor: loading tensor blk.8.attn_qkv.weight
create_tensor: loading tensor blk.8.attn_gate.weight
create_tensor: loading tensor blk.8.ssm_conv1d.weight
create_tensor: loading tensor blk.8.ssm_dt.bias
create_tensor: loading tensor blk.8.ssm_a
create_tensor: loading tensor blk.8.ssm_beta.weight
create_tensor: loading tensor blk.8.ssm_alpha.weight
create_tensor: loading tensor blk.8.ssm_norm.weight
create_tensor: loading tensor blk.8.ssm_out.weight
create_tensor: loading tensor blk.8.ffn_gate_inp.weight
create_tensor: loading tensor blk.8.ffn_down_exps.weight
tensor blk.8.ffn_down_exps.weight (225 MiB q2_0) buffer type overridden to CUDA_Host
create_tensor: loading tensor blk.8.ffn_gate_up_exps.weight
create_tensor: loading tensor blk.8.ffn_gate_exps.weight
tensor blk.8.ffn_gate_exps.weight (225 MiB q2_0) buffer type overridden to CUDA_Host
create_tensor: loading tensor blk.8.ffn_up_exps.weight
tensor blk.8.ffn_up_exps.weight (225 MiB q2_0) buffer type overridden to CUDA_Host
create_tensor: loading tensor blk.8.ffn_gate_inp_shexp.weight
create_tensor: loading tensor blk.8.ffn_gate_shexp.weight
create_tensor: loading tensor blk.8.ffn_up_shexp.weight
create_tensor: loading tensor blk.8.ffn_down_shexp.weight
create_tensor: loading tensor blk.9.hc_attn_norm.weight
create_tensor: loading tensor blk.9.hc_attn_down.weight
create_tensor: loading tensor blk.9.hc_attn_up.weight
create_tensor: loading tensor blk.9.hc_attn_inject.weight
create_tensor: loading tensor blk.9.hc_ffn_norm.weight
create_tensor: loading tensor blk.9.hc_ffn_down.weight
create_tensor: loading tensor blk.9.hc_ffn_up.weight
create_tensor: loading tensor blk.9.hc_ffn_inject.weight
create_tensor: loading tensor blk.9.attn_qkv.weight
create_tensor: loading tensor blk.9.attn_gate.weight
create_tensor: loading tensor blk.9.ssm_conv1d.weight
create_tensor: loading tensor blk.9.ssm_dt.bias
create_tensor: loading tensor blk.9.ssm_a
create_tensor: loading tensor blk.9.ssm_beta.weight
create_tensor: loading tensor blk.9.ssm_alpha.weight
create_tensor: loading tensor blk.9.ssm_norm.weight
create_tensor: loading tensor blk.9.ssm_out.weight
create_tensor: loading tensor blk.9.ffn_gate_inp.weight
create_tensor: loading tensor blk.9.ffn_down_exps.weight
tensor blk.9.ffn_down_exps.weight (225 MiB q2_0) buffer type overridden to CUDA_Host
create_tensor: loading tensor blk.9.ffn_gate_up_exps.weight
create_tensor: loading tensor blk.9.ffn_gate_exps.weight
tensor blk.9.ffn_gate_exps.weight (225 MiB q2_0) buffer type overridden to CUDA_Host
create_tensor: loading tensor blk.9.ffn_up_exps.weight
tensor blk.9.ffn_up_exps.weight (225 MiB q2_0) buffer type overridden to CUDA_Host
create_tensor: loading tensor blk.9.ffn_gate_inp_shexp.weight
create_tensor: loading tensor blk.9.ffn_gate_shexp.weight
create_tensor: loading tensor blk.9.ffn_up_shexp.weight
create_tensor: loading tensor blk.9.ffn_down_shexp.weight
create_tensor: loading tensor blk.10.hc_attn_norm.weight
create_tensor: loading tensor blk.10.hc_attn_down.weight
create_tensor: loading tensor blk.10.hc_attn_up.weight
create_tensor: loading tensor blk.10.hc_attn_inject.weight
create_tensor: loading tensor blk.10.hc_ffn_norm.weight
create_tensor: loading tensor blk.10.hc_ffn_down.weight
create_tensor: loading tensor blk.10.hc_ffn_up.weight
create_tensor: loading tensor blk.10.hc_ffn_inject.weight
create_tensor: loading tensor blk.10.attn_qkv.weight
create_tensor: loading tensor blk.10.attn_gate.weight
create_tensor: loading tensor blk.10.ssm_conv1d.weight
create_tensor: loading tensor blk.10.ssm_dt.bias
create_tensor: loading tensor blk.10.ssm_a
create_tensor: loading tensor blk.10.ssm_beta.weight
create_tensor: loading tensor blk.10.ssm_alpha.weight
create_tensor: loading tensor blk.10.ssm_norm.weight
create_tensor: loading tensor blk.10.ssm_out.weight
create_tensor: loading tensor blk.10.ffn_gate_inp.weight
create_tensor: loading tensor blk.10.ffn_down_exps.weight
tensor blk.10.ffn_down_exps.weight (225 MiB q2_0) buffer type overridden to CUDA_Host
create_tensor: loading tensor blk.10.ffn_gate_up_exps.weight
create_tensor: loading tensor blk.10.ffn_gate_exps.weight
tensor blk.10.ffn_gate_exps.weight (225 MiB q2_0) buffer type overridden to CUDA_Host
create_tensor: loading tensor blk.10.ffn_up_exps.weight
tensor blk.10.ffn_up_exps.weight (225 MiB q2_0) buffer type overridden to CUDA_Host
create_tensor: loading tensor blk.10.ffn_gate_inp_shexp.weight
create_tensor: loading tensor blk.10.ffn_gate_shexp.weight
create_tensor: loading tensor blk.10.ffn_up_shexp.weight
create_tensor: loading tensor blk.10.ffn_down_shexp.weight
create_tensor: loading tensor blk.11.hc_attn_norm.weight
create_tensor: loading tensor blk.11.hc_attn_down.weight
create_tensor: loading tensor blk.11.hc_attn_up.weight
create_tensor: loading tensor blk.11.hc_attn_inject.weight
create_tensor: loading tensor blk.11.hc_ffn_norm.weight
create_tensor: loading tensor blk.11.hc_ffn_down.weight
create_tensor: loading tensor blk.11.hc_ffn_up.weight
create_tensor: loading tensor blk.11.hc_ffn_inject.weight
create_tensor: loading tensor blk.11.attn_qkv.weight
create_tensor: loading tensor blk.11.attn_q.weight
create_tensor: loading tensor blk.11.attn_k.weight
create_tensor: loading tensor blk.11.attn_v.weight
create_tensor: loading tensor blk.11.attn_q.bias
create_tensor: loading tensor blk.11.attn_k.bias
create_tensor: loading tensor blk.11.attn_v.bias
create_tensor: loading tensor blk.11.attn_output.weight
create_tensor: loading tensor blk.11.attn_q_norm.weight
create_tensor: loading tensor blk.11.attn_k_norm.weight
create_tensor: loading tensor blk.11.indexer.q_proj.weight
create_tensor: loading tensor blk.11.indexer.k_proj.weight
create_tensor: loading tensor blk.11.indexer.q_norm.weight
create_tensor: loading tensor blk.11.indexer.k_norm.weight
create_tensor: loading tensor blk.11.ffn_gate_inp.weight
create_tensor: loading tensor blk.11.ffn_down_exps.weight
tensor blk.11.ffn_down_exps.weight (225 MiB q2_0) buffer type overridden to CUDA_Host
create_tensor: loading tensor blk.11.ffn_gate_up_exps.weight
create_tensor: loading tensor blk.11.ffn_gate_exps.weight
tensor blk.11.ffn_gate_exps.weight (225 MiB q2_0) buffer type overridden to CUDA_Host
create_tensor: loading tensor blk.11.ffn_up_exps.weight
tensor blk.11.ffn_up_exps.weight (225 MiB q2_0) buffer type overridden to CUDA_Host
create_tensor: loading tensor blk.11.ffn_gate_inp_shexp.weight
create_tensor: loading tensor blk.11.ffn_gate_shexp.weight
create_tensor: loading tensor blk.11.ffn_up_shexp.weight
create_tensor: loading tensor blk.11.ffn_down_shexp.weight
create_tensor: loading tensor blk.12.hc_attn_norm.weight
create_tensor: loading tensor blk.12.hc_attn_down.weight
create_tensor: loading tensor blk.12.hc_attn_up.weight
create_tensor: loading tensor blk.12.hc_attn_inject.weight
create_tensor: loading tensor blk.12.hc_ffn_norm.weight
create_tensor: loading tensor blk.12.hc_ffn_down.weight
create_tensor: loading tensor blk.12.hc_ffn_up.weight
create_tensor: loading tensor blk.12.hc_ffn_inject.weight
create_tensor: loading tensor blk.12.attn_qkv.weight
create_tensor: loading tensor blk.12.attn_gate.weight
create_tensor: loading tensor blk.12.ssm_conv1d.weight
create_tensor: loading tensor blk.12.ssm_dt.bias
create_tensor: loading tensor blk.12.ssm_a
create_tensor: loading tensor blk.12.ssm_beta.weight
create_tensor: loading tensor blk.12.ssm_alpha.weight
create_tensor: loading tensor blk.12.ssm_norm.weight
create_tensor: loading tensor blk.12.ssm_out.weight
create_tensor: loading tensor blk.12.ffn_gate_inp.weight
create_tensor: loading tensor blk.12.ffn_down_exps.weight
tensor blk.12.ffn_down_exps.weight (225 MiB q2_0) buffer type overridden to CUDA_Host
create_tensor: loading tensor blk.12.ffn_gate_up_exps.weight
create_tensor: loading tensor blk.12.ffn_gate_exps.weight
tensor blk.12.ffn_gate_exps.weight (225 MiB q2_0) buffer type overridden to CUDA_Host
create_tensor: loading tensor blk.12.ffn_up_exps.weight
tensor blk.12.ffn_up_exps.weight (225 MiB q2_0) buffer type overridden to CUDA_Host
create_tensor: loading tensor blk.12.ffn_gate_inp_shexp.weight
create_tensor: loading tensor blk.12.ffn_gate_shexp.weight
create_tensor: loading tensor blk.12.ffn_up_shexp.weight
create_tensor: loading tensor blk.12.ffn_down_shexp.weight
create_tensor: loading tensor blk.13.hc_attn_norm.weight
create_tensor: loading tensor blk.13.hc_attn_down.weight
create_tensor: loading tensor blk.13.hc_attn_up.weight
create_tensor: loading tensor blk.13.hc_attn_inject.weight
create_tensor: loading tensor blk.13.hc_ffn_norm.weight
create_tensor: loading tensor blk.13.hc_ffn_down.weight
create_tensor: loading tensor blk.13.hc_ffn_up.weight
create_tensor: loading tensor blk.13.hc_ffn_inject.weight
create_tensor: loading tensor blk.13.attn_qkv.weight
create_tensor: loading tensor blk.13.attn_gate.weight
create_tensor: loading tensor blk.13.ssm_conv1d.weight
create_tensor: loading tensor blk.13.ssm_dt.bias
create_tensor: loading tensor blk.13.ssm_a
create_tensor: loading tensor blk.13.ssm_beta.weight
create_tensor: loading tensor blk.13.ssm_alpha.weight
create_tensor: loading tensor blk.13.ssm_norm.weight
create_tensor: loading tensor blk.13.ssm_out.weight
create_tensor: loading tensor blk.13.ffn_gate_inp.weight
create_tensor: loading tensor blk.13.ffn_down_exps.weight
tensor blk.13.ffn_down_exps.weight (225 MiB q2_0) buffer type overridden to CUDA_Host
create_tensor: loading tensor blk.13.ffn_gate_up_exps.weight
create_tensor: loading tensor blk.13.ffn_gate_exps.weight
tensor blk.13.ffn_gate_exps.weight (225 MiB q2_0) buffer type overridden to CUDA_Host
create_tensor: loading tensor blk.13.ffn_up_exps.weight
tensor blk.13.ffn_up_exps.weight (225 MiB q2_0) buffer type overridden to CUDA_Host
create_tensor: loading tensor blk.13.ffn_gate_inp_shexp.weight
create_tensor: loading tensor blk.13.ffn_gate_shexp.weight
create_tensor: loading tensor blk.13.ffn_up_shexp.weight
create_tensor: loading tensor blk.13.ffn_down_shexp.weight
create_tensor: loading tensor blk.14.hc_attn_norm.weight
create_tensor: loading tensor blk.14.hc_attn_down.weight
create_tensor: loading tensor blk.14.hc_attn_up.weight
create_tensor: loading tensor blk.14.hc_attn_inject.weight
create_tensor: loading tensor blk.14.hc_ffn_norm.weight
create_tensor: loading tensor blk.14.hc_ffn_down.weight
create_tensor: loading tensor blk.14.hc_ffn_up.weight
create_tensor: loading tensor blk.14.hc_ffn_inject.weight
create_tensor: loading tensor blk.14.attn_qkv.weight
create_tensor: loading tensor blk.14.attn_gate.weight
create_tensor: loading tensor blk.14.ssm_conv1d.weight
create_tensor: loading tensor blk.14.ssm_dt.bias
create_tensor: loading tensor blk.14.ssm_a
create_tensor: loading tensor blk.14.ssm_beta.weight
create_tensor: loading tensor blk.14.ssm_alpha.weight
create_tensor: loading tensor blk.14.ssm_norm.weight
create_tensor: loading tensor blk.14.ssm_out.weight
create_tensor: loading tensor blk.14.ffn_gate_inp.weight
create_tensor: loading tensor blk.14.ffn_down_exps.weight
tensor blk.14.ffn_down_exps.weight (225 MiB q2_0) buffer type overridden to CUDA_Host
create_tensor: loading tensor blk.14.ffn_gate_up_exps.weight
create_tensor: loading tensor blk.14.ffn_gate_exps.weight
tensor blk.14.ffn_gate_exps.weight (225 MiB q2_0) buffer type overridden to CUDA_Host
create_tensor: loading tensor blk.14.ffn_up_exps.weight
tensor blk.14.ffn_up_exps.weight (225 MiB q2_0) buffer type overridden to CUDA_Host
create_tensor: loading tensor blk.14.ffn_gate_inp_shexp.weight
create_tensor: loading tensor blk.14.ffn_gate_shexp.weight
create_tensor: loading tensor blk.14.ffn_up_shexp.weight
create_tensor: loading tensor blk.14.ffn_down_shexp.weight
create_tensor: loading tensor blk.15.hc_attn_norm.weight
create_tensor: loading tensor blk.15.hc_attn_down.weight
create_tensor: loading tensor blk.15.hc_attn_up.weight
create_tensor: loading tensor blk.15.hc_attn_inject.weight
create_tensor: loading tensor blk.15.hc_ffn_norm.weight
create_tensor: loading tensor blk.15.hc_ffn_down.weight
create_tensor: loading tensor blk.15.hc_ffn_up.weight
create_tensor: loading tensor blk.15.hc_ffn_inject.weight
create_tensor: loading tensor blk.15.attn_qkv.weight
create_tensor: loading tensor blk.15.attn_q.weight
create_tensor: loading tensor blk.15.attn_k.weight
create_tensor: loading tensor blk.15.attn_v.weight
create_tensor: loading tensor blk.15.attn_q.bias
create_tensor: loading tensor blk.15.attn_k.bias
create_tensor: loading tensor blk.15.attn_v.bias
create_tensor: loading tensor blk.15.attn_output.weight
create_tensor: loading tensor blk.15.attn_q_norm.weight
create_tensor: loading tensor blk.15.attn_k_norm.weight
create_tensor: loading tensor blk.15.indexer.q_proj.weight
create_tensor: loading tensor blk.15.indexer.k_proj.weight
create_tensor: loading tensor blk.15.indexer.q_norm.weight
create_tensor: loading tensor blk.15.indexer.k_norm.weight
create_tensor: loading tensor blk.15.ffn_gate_inp.weight
create_tensor: loading tensor blk.15.ffn_down_exps.weight
tensor blk.15.ffn_down_exps.weight (225 MiB q2_0) buffer type overridden to CUDA_Host
create_tensor: loading tensor blk.15.ffn_gate_up_exps.weight
create_tensor: loading tensor blk.15.ffn_gate_exps.weight
tensor blk.15.ffn_gate_exps.weight (225 MiB q2_0) buffer type overridden to CUDA_Host
create_tensor: loading tensor blk.15.ffn_up_exps.weight
tensor blk.15.ffn_up_exps.weight (225 MiB q2_0) buffer type overridden to CUDA_Host
create_tensor: loading tensor blk.15.ffn_gate_inp_shexp.weight
create_tensor: loading tensor blk.15.ffn_gate_shexp.weight
create_tensor: loading tensor blk.15.ffn_up_shexp.weight
create_tensor: loading tensor blk.15.ffn_down_shexp.weight
create_tensor: loading tensor blk.16.hc_attn_norm.weight
create_tensor: loading tensor blk.16.hc_attn_down.weight
create_tensor: loading tensor blk.16.hc_attn_up.weight
create_tensor: loading tensor blk.16.hc_attn_inject.weight
create_tensor: loading tensor blk.16.hc_ffn_norm.weight
create_tensor: loading tensor blk.16.hc_ffn_down.weight
create_tensor: loading tensor blk.16.hc_ffn_up.weight
create_tensor: loading tensor blk.16.hc_ffn_inject.weight
create_tensor: loading tensor blk.16.attn_qkv.weight
create_tensor: loading tensor blk.16.attn_gate.weight
create_tensor: loading tensor blk.16.ssm_conv1d.weight
create_tensor: loading tensor blk.16.ssm_dt.bias
create_tensor: loading tensor blk.16.ssm_a
create_tensor: loading tensor blk.16.ssm_beta.weight
create_tensor: loading tensor blk.16.ssm_alpha.weight
create_tensor: loading tensor blk.16.ssm_norm.weight
create_tensor: loading tensor blk.16.ssm_out.weight
create_tensor: loading tensor blk.16.ffn_gate_inp.weight
create_tensor: loading tensor blk.16.ffn_down_exps.weight
tensor blk.16.ffn_down_exps.weight (225 MiB q2_0) buffer type overridden to CUDA_Host
create_tensor: loading tensor blk.16.ffn_gate_up_exps.weight
create_tensor: loading tensor blk.16.ffn_gate_exps.weight
tensor blk.16.ffn_gate_exps.weight (225 MiB q2_0) buffer type overridden to CUDA_Host
create_tensor: loading tensor blk.16.ffn_up_exps.weight
tensor blk.16.ffn_up_exps.weight (225 MiB q2_0) buffer type overridden to CUDA_Host
create_tensor: loading tensor blk.16.ffn_gate_inp_shexp.weight
create_tensor: loading tensor blk.16.ffn_gate_shexp.weight
create_tensor: loading tensor blk.16.ffn_up_shexp.weight
create_tensor: loading tensor blk.16.ffn_down_shexp.weight
create_tensor: loading tensor blk.17.hc_attn_norm.weight
create_tensor: loading tensor blk.17.hc_attn_down.weight
create_tensor: loading tensor blk.17.hc_attn_up.weight
create_tensor: loading tensor blk.17.hc_attn_inject.weight
create_tensor: loading tensor blk.17.hc_ffn_norm.weight
create_tensor: loading tensor blk.17.hc_ffn_down.weight
create_tensor: loading tensor blk.17.hc_ffn_up.weight
create_tensor: loading tensor blk.17.hc_ffn_inject.weight
create_tensor: loading tensor blk.17.attn_qkv.weight
create_tensor: loading tensor blk.17.attn_gate.weight
create_tensor: loading tensor blk.17.ssm_conv1d.weight
create_tensor: loading tensor blk.17.ssm_dt.bias
create_tensor: loading tensor blk.17.ssm_a
create_tensor: loading tensor blk.17.ssm_beta.weight
create_tensor: loading tensor blk.17.ssm_alpha.weight
create_tensor: loading tensor blk.17.ssm_norm.weight
create_tensor: loading tensor blk.17.ssm_out.weight
create_tensor: loading tensor blk.17.ffn_gate_inp.weight
create_tensor: loading tensor blk.17.ffn_down_exps.weight
tensor blk.17.ffn_down_exps.weight (225 MiB q2_0) buffer type overridden to CUDA_Host
create_tensor: loading tensor blk.17.ffn_gate_up_exps.weight
create_tensor: loading tensor blk.17.ffn_gate_exps.weight
tensor blk.17.ffn_gate_exps.weight (225 MiB q2_0) buffer type overridden to CUDA_Host
create_tensor: loading tensor blk.17.ffn_up_exps.weight
tensor blk.17.ffn_up_exps.weight (225 MiB q2_0) buffer type overridden to CUDA_Host
create_tensor: loading tensor blk.17.ffn_gate_inp_shexp.weight
create_tensor: loading tensor blk.17.ffn_gate_shexp.weight
create_tensor: loading tensor blk.17.ffn_up_shexp.weight
create_tensor: loading tensor blk.17.ffn_down_shexp.weight
create_tensor: loading tensor blk.18.hc_attn_norm.weight
create_tensor: loading tensor blk.18.hc_attn_down.weight
create_tensor: loading tensor blk.18.hc_attn_up.weight
create_tensor: loading tensor blk.18.hc_attn_inject.weight
create_tensor: loading tensor blk.18.hc_ffn_norm.weight
create_tensor: loading tensor blk.18.hc_ffn_down.weight
create_tensor: loading tensor blk.18.hc_ffn_up.weight
create_tensor: loading tensor blk.18.hc_ffn_inject.weight
create_tensor: loading tensor blk.18.attn_qkv.weight
create_tensor: loading tensor blk.18.attn_gate.weight
create_tensor: loading tensor blk.18.ssm_conv1d.weight
create_tensor: loading tensor blk.18.ssm_dt.bias
create_tensor: loading tensor blk.18.ssm_a
create_tensor: loading tensor blk.18.ssm_beta.weight
create_tensor: loading tensor blk.18.ssm_alpha.weight
create_tensor: loading tensor blk.18.ssm_norm.weight
create_tensor: loading tensor blk.18.ssm_out.weight
create_tensor: loading tensor blk.18.ffn_gate_inp.weight
create_tensor: loading tensor blk.18.ffn_down_exps.weight
tensor blk.18.ffn_down_exps.weight (225 MiB q2_0) buffer type overridden to CUDA_Host
create_tensor: loading tensor blk.18.ffn_gate_up_exps.weight
create_tensor: loading tensor blk.18.ffn_gate_exps.weight
tensor blk.18.ffn_gate_exps.weight (225 MiB q2_0) buffer type overridden to CUDA_Host
create_tensor: loading tensor blk.18.ffn_up_exps.weight
tensor blk.18.ffn_up_exps.weight (225 MiB q2_0) buffer type overridden to CUDA_Host
create_tensor: loading tensor blk.18.ffn_gate_inp_shexp.weight
create_tensor: loading tensor blk.18.ffn_gate_shexp.weight
create_tensor: loading tensor blk.18.ffn_up_shexp.weight
create_tensor: loading tensor blk.18.ffn_down_shexp.weight
create_tensor: loading tensor blk.19.hc_attn_norm.weight
create_tensor: loading tensor blk.19.hc_attn_down.weight
create_tensor: loading tensor blk.19.hc_attn_up.weight
create_tensor: loading tensor blk.19.hc_attn_inject.weight
create_tensor: loading tensor blk.19.hc_ffn_norm.weight
create_tensor: loading tensor blk.19.hc_ffn_down.weight
create_tensor: loading tensor blk.19.hc_ffn_up.weight
create_tensor: loading tensor blk.19.hc_ffn_inject.weight
create_tensor: loading tensor blk.19.attn_qkv.weight
create_tensor: loading tensor blk.19.attn_q.weight
create_tensor: loading tensor blk.19.attn_k.weight
create_tensor: loading tensor blk.19.attn_v.weight
create_tensor: loading tensor blk.19.attn_q.bias
create_tensor: loading tensor blk.19.attn_k.bias
create_tensor: loading tensor blk.19.attn_v.bias
create_tensor: loading tensor blk.19.attn_output.weight
create_tensor: loading tensor blk.19.attn_q_norm.weight
create_tensor: loading tensor blk.19.attn_k_norm.weight
create_tensor: loading tensor blk.19.indexer.q_proj.weight
create_tensor: loading tensor blk.19.indexer.k_proj.weight
create_tensor: loading tensor blk.19.indexer.q_norm.weight
create_tensor: loading tensor blk.19.indexer.k_norm.weight
create_tensor: loading tensor blk.19.ffn_gate_inp.weight
create_tensor: loading tensor blk.19.ffn_down_exps.weight
tensor blk.19.ffn_down_exps.weight (225 MiB q2_0) buffer type overridden to CUDA_Host
create_tensor: loading tensor blk.19.ffn_gate_up_exps.weight
create_tensor: loading tensor blk.19.ffn_gate_exps.weight
tensor blk.19.ffn_gate_exps.weight (225 MiB q2_0) buffer type overridden to CUDA_Host
create_tensor: loading tensor blk.19.ffn_up_exps.weight
tensor blk.19.ffn_up_exps.weight (225 MiB q2_0) buffer type overridden to CUDA_Host
create_tensor: loading tensor blk.19.ffn_gate_inp_shexp.weight
create_tensor: loading tensor blk.19.ffn_gate_shexp.weight
create_tensor: loading tensor blk.19.ffn_up_shexp.weight
create_tensor: loading tensor blk.19.ffn_down_shexp.weight
create_tensor: loading tensor blk.20.hc_attn_norm.weight
create_tensor: loading tensor blk.20.hc_attn_down.weight
create_tensor: loading tensor blk.20.hc_attn_up.weight
create_tensor: loading tensor blk.20.hc_attn_inject.weight
create_tensor: loading tensor blk.20.hc_ffn_norm.weight
create_tensor: loading tensor blk.20.hc_ffn_down.weight
create_tensor: loading tensor blk.20.hc_ffn_up.weight
create_tensor: loading tensor blk.20.hc_ffn_inject.weight
create_tensor: loading tensor blk.20.attn_qkv.weight
create_tensor: loading tensor blk.20.attn_gate.weight
create_tensor: loading tensor blk.20.ssm_conv1d.weight
create_tensor: loading tensor blk.20.ssm_dt.bias
create_tensor: loading tensor blk.20.ssm_a
create_tensor: loading tensor blk.20.ssm_beta.weight
create_tensor: loading tensor blk.20.ssm_alpha.weight
create_tensor: loading tensor blk.20.ssm_norm.weight
create_tensor: loading tensor blk.20.ssm_out.weight
create_tensor: loading tensor blk.20.ffn_gate_inp.weight
create_tensor: loading tensor blk.20.ffn_down_exps.weight
tensor blk.20.ffn_down_exps.weight (225 MiB q2_0) buffer type overridden to CUDA_Host
create_tensor: loading tensor blk.20.ffn_gate_up_exps.weight
create_tensor: loading tensor blk.20.ffn_gate_exps.weight
tensor blk.20.ffn_gate_exps.weight (225 MiB q2_0) buffer type overridden to CUDA_Host
create_tensor: loading tensor blk.20.ffn_up_exps.weight
tensor blk.20.ffn_up_exps.weight (225 MiB q2_0) buffer type overridden to CUDA_Host
create_tensor: loading tensor blk.20.ffn_gate_inp_shexp.weight
create_tensor: loading tensor blk.20.ffn_gate_shexp.weight
create_tensor: loading tensor blk.20.ffn_up_shexp.weight
create_tensor: loading tensor blk.20.ffn_down_shexp.weight
create_tensor: loading tensor blk.21.hc_attn_norm.weight
create_tensor: loading tensor blk.21.hc_attn_down.weight
create_tensor: loading tensor blk.21.hc_attn_up.weight
create_tensor: loading tensor blk.21.hc_attn_inject.weight
create_tensor: loading tensor blk.21.hc_ffn_norm.weight
create_tensor: loading tensor blk.21.hc_ffn_down.weight
create_tensor: loading tensor blk.21.hc_ffn_up.weight
create_tensor: loading tensor blk.21.hc_ffn_inject.weight
create_tensor: loading tensor blk.21.attn_qkv.weight
create_tensor: loading tensor blk.21.attn_gate.weight
create_tensor: loading tensor blk.21.ssm_conv1d.weight
create_tensor: loading tensor blk.21.ssm_dt.bias
create_tensor: loading tensor blk.21.ssm_a
create_tensor: loading tensor blk.21.ssm_beta.weight
create_tensor: loading tensor blk.21.ssm_alpha.weight
create_tensor: loading tensor blk.21.ssm_norm.weight
create_tensor: loading tensor blk.21.ssm_out.weight
create_tensor: loading tensor blk.21.ffn_gate_inp.weight
create_tensor: loading tensor blk.21.ffn_down_exps.weight
tensor blk.21.ffn_down_exps.weight (225 MiB q2_0) buffer type overridden to CUDA_Host
create_tensor: loading tensor blk.21.ffn_gate_up_exps.weight
create_tensor: loading tensor blk.21.ffn_gate_exps.weight
tensor blk.21.ffn_gate_exps.weight (225 MiB q2_0) buffer type overridden to CUDA_Host
create_tensor: loading tensor blk.21.ffn_up_exps.weight
tensor blk.21.ffn_up_exps.weight (225 MiB q2_0) buffer type overridden to CUDA_Host
create_tensor: loading tensor blk.21.ffn_gate_inp_shexp.weight
create_tensor: loading tensor blk.21.ffn_gate_shexp.weight
create_tensor: loading tensor blk.21.ffn_up_shexp.weight
create_tensor: loading tensor blk.21.ffn_down_shexp.weight
create_tensor: loading tensor blk.22.hc_attn_norm.weight
create_tensor: loading tensor blk.22.hc_attn_down.weight
create_tensor: loading tensor blk.22.hc_attn_up.weight
create_tensor: loading tensor blk.22.hc_attn_inject.weight
create_tensor: loading tensor blk.22.hc_ffn_norm.weight
create_tensor: loading tensor blk.22.hc_ffn_down.weight
create_tensor: loading tensor blk.22.hc_ffn_up.weight
create_tensor: loading tensor blk.22.hc_ffn_inject.weight
create_tensor: loading tensor blk.22.attn_qkv.weight
create_tensor: loading tensor blk.22.attn_gate.weight
create_tensor: loading tensor blk.22.ssm_conv1d.weight
create_tensor: loading tensor blk.22.ssm_dt.bias
create_tensor: loading tensor blk.22.ssm_a
create_tensor: loading tensor blk.22.ssm_beta.weight
create_tensor: loading tensor blk.22.ssm_alpha.weight
create_tensor: loading tensor blk.22.ssm_norm.weight
create_tensor: loading tensor blk.22.ssm_out.weight
create_tensor: loading tensor blk.22.ffn_gate_inp.weight
create_tensor: loading tensor blk.22.ffn_down_exps.weight
tensor blk.22.ffn_down_exps.weight (225 MiB q2_0) buffer type overridden to CUDA_Host
create_tensor: loading tensor blk.22.ffn_gate_up_exps.weight
create_tensor: loading tensor blk.22.ffn_gate_exps.weight
tensor blk.22.ffn_gate_exps.weight (225 MiB q2_0) buffer type overridden to CUDA_Host
create_tensor: loading tensor blk.22.ffn_up_exps.weight
tensor blk.22.ffn_up_exps.weight (225 MiB q2_0) buffer type overridden to CUDA_Host
create_tensor: loading tensor blk.22.ffn_gate_inp_shexp.weight
create_tensor: loading tensor blk.22.ffn_gate_shexp.weight
create_tensor: loading tensor blk.22.ffn_up_shexp.weight
create_tensor: loading tensor blk.22.ffn_down_shexp.weight
create_tensor: loading tensor blk.23.hc_attn_norm.weight
create_tensor: loading tensor blk.23.hc_attn_down.weight
create_tensor: loading tensor blk.23.hc_attn_up.weight
create_tensor: loading tensor blk.23.hc_attn_inject.weight
create_tensor: loading tensor blk.23.hc_ffn_norm.weight
create_tensor: loading tensor blk.23.hc_ffn_down.weight
create_tensor: loading tensor blk.23.hc_ffn_up.weight
create_tensor: loading tensor blk.23.hc_ffn_inject.weight
create_tensor: loading tensor blk.23.attn_qkv.weight
create_tensor: loading tensor blk.23.attn_q.weight
create_tensor: loading tensor blk.23.attn_k.weight
create_tensor: loading tensor blk.23.attn_v.weight
create_tensor: loading tensor blk.23.attn_q.bias
create_tensor: loading tensor blk.23.attn_k.bias
create_tensor: loading tensor blk.23.attn_v.bias
create_tensor: loading tensor blk.23.attn_output.weight
create_tensor: loading tensor blk.23.attn_q_norm.weight
create_tensor: loading tensor blk.23.attn_k_norm.weight
create_tensor: loading tensor blk.23.indexer.q_proj.weight
create_tensor: loading tensor blk.23.indexer.k_proj.weight
create_tensor: loading tensor blk.23.indexer.q_norm.weight
create_tensor: loading tensor blk.23.indexer.k_norm.weight
create_tensor: loading tensor blk.23.ffn_gate_inp.weight
create_tensor: loading tensor blk.23.ffn_down_exps.weight
tensor blk.23.ffn_down_exps.weight (225 MiB q2_0) buffer type overridden to CUDA_Host
create_tensor: loading tensor blk.23.ffn_gate_up_exps.weight
create_tensor: loading tensor blk.23.ffn_gate_exps.weight
tensor blk.23.ffn_gate_exps.weight (225 MiB q2_0) buffer type overridden to CUDA_Host
create_tensor: loading tensor blk.23.ffn_up_exps.weight
tensor blk.23.ffn_up_exps.weight (225 MiB q2_0) buffer type overridden to CUDA_Host
create_tensor: loading tensor blk.23.ffn_gate_inp_shexp.weight
create_tensor: loading tensor blk.23.ffn_gate_shexp.weight
create_tensor: loading tensor blk.23.ffn_up_shexp.weight
create_tensor: loading tensor blk.23.ffn_down_shexp.weight
create_tensor: loading tensor blk.24.hc_attn_norm.weight
create_tensor: loading tensor blk.24.hc_attn_down.weight
create_tensor: loading tensor blk.24.hc_attn_up.weight
create_tensor: loading tensor blk.24.hc_attn_inject.weight
create_tensor: loading tensor blk.24.hc_ffn_norm.weight
create_tensor: loading tensor blk.24.hc_ffn_down.weight
create_tensor: loading tensor blk.24.hc_ffn_up.weight
create_tensor: loading tensor blk.24.hc_ffn_inject.weight
create_tensor: loading tensor blk.24.attn_qkv.weight
create_tensor: loading tensor blk.24.attn_gate.weight
create_tensor: loading tensor blk.24.ssm_conv1d.weight
create_tensor: loading tensor blk.24.ssm_dt.bias
create_tensor: loading tensor blk.24.ssm_a
create_tensor: loading tensor blk.24.ssm_beta.weight
create_tensor: loading tensor blk.24.ssm_alpha.weight
create_tensor: loading tensor blk.24.ssm_norm.weight
create_tensor: loading tensor blk.24.ssm_out.weight
create_tensor: loading tensor blk.24.ffn_gate_inp.weight
create_tensor: loading tensor blk.24.ffn_down_exps.weight
tensor blk.24.ffn_down_exps.weight (225 MiB q2_0) buffer type overridden to CUDA_Host
create_tensor: loading tensor blk.24.ffn_gate_up_exps.weight
create_tensor: loading tensor blk.24.ffn_gate_exps.weight
tensor blk.24.ffn_gate_exps.weight (225 MiB q2_0) buffer type overridden to CUDA_Host
create_tensor: loading tensor blk.24.ffn_up_exps.weight
tensor blk.24.ffn_up_exps.weight (225 MiB q2_0) buffer type overridden to CUDA_Host
create_tensor: loading tensor blk.24.ffn_gate_inp_shexp.weight
create_tensor: loading tensor blk.24.ffn_gate_shexp.weight
create_tensor: loading tensor blk.24.ffn_up_shexp.weight
create_tensor: loading tensor blk.24.ffn_down_shexp.weight
create_tensor: loading tensor blk.25.hc_attn_norm.weight
create_tensor: loading tensor blk.25.hc_attn_down.weight
create_tensor: loading tensor blk.25.hc_attn_up.weight
create_tensor: loading tensor blk.25.hc_attn_inject.weight
create_tensor: loading tensor blk.25.hc_ffn_norm.weight
create_tensor: loading tensor blk.25.hc_ffn_down.weight
create_tensor: loading tensor blk.25.hc_ffn_up.weight
create_tensor: loading tensor blk.25.hc_ffn_inject.weight
create_tensor: loading tensor blk.25.attn_qkv.weight
create_tensor: loading tensor blk.25.attn_gate.weight
create_tensor: loading tensor blk.25.ssm_conv1d.weight
create_tensor: loading tensor blk.25.ssm_dt.bias
create_tensor: loading tensor blk.25.ssm_a
create_tensor: loading tensor blk.25.ssm_beta.weight
create_tensor: loading tensor blk.25.ssm_alpha.weight
create_tensor: loading tensor blk.25.ssm_norm.weight
create_tensor: loading tensor blk.25.ssm_out.weight
create_tensor: loading tensor blk.25.ffn_gate_inp.weight
create_tensor: loading tensor blk.25.ffn_down_exps.weight
tensor blk.25.ffn_down_exps.weight (225 MiB q2_0) buffer type overridden to CUDA_Host
create_tensor: loading tensor blk.25.ffn_gate_up_exps.weight
create_tensor: loading tensor blk.25.ffn_gate_exps.weight
tensor blk.25.ffn_gate_exps.weight (225 MiB q2_0) buffer type overridden to CUDA_Host
create_tensor: loading tensor blk.25.ffn_up_exps.weight
tensor blk.25.ffn_up_exps.weight (225 MiB q2_0) buffer type overridden to CUDA_Host
create_tensor: loading tensor blk.25.ffn_gate_inp_shexp.weight
create_tensor: loading tensor blk.25.ffn_gate_shexp.weight
create_tensor: loading tensor blk.25.ffn_up_shexp.weight
create_tensor: loading tensor blk.25.ffn_down_shexp.weight
create_tensor: loading tensor blk.26.hc_attn_norm.weight
create_tensor: loading tensor blk.26.hc_attn_down.weight
create_tensor: loading tensor blk.26.hc_attn_up.weight
create_tensor: loading tensor blk.26.hc_attn_inject.weight
create_tensor: loading tensor blk.26.hc_ffn_norm.weight
create_tensor: loading tensor blk.26.hc_ffn_down.weight
create_tensor: loading tensor blk.26.hc_ffn_up.weight
create_tensor: loading tensor blk.26.hc_ffn_inject.weight
create_tensor: loading tensor blk.26.attn_qkv.weight
create_tensor: loading tensor blk.26.attn_gate.weight
create_tensor: loading tensor blk.26.ssm_conv1d.weight
create_tensor: loading tensor blk.26.ssm_dt.bias
create_tensor: loading tensor blk.26.ssm_a
create_tensor: loading tensor blk.26.ssm_beta.weight
create_tensor: loading tensor blk.26.ssm_alpha.weight
create_tensor: loading tensor blk.26.ssm_norm.weight
create_tensor: loading tensor blk.26.ssm_out.weight
create_tensor: loading tensor blk.26.ffn_gate_inp.weight
create_tensor: loading tensor blk.26.ffn_down_exps.weight
tensor blk.26.ffn_down_exps.weight (225 MiB q2_0) buffer type overridden to CUDA_Host
create_tensor: loading tensor blk.26.ffn_gate_up_exps.weight
create_tensor: loading tensor blk.26.ffn_gate_exps.weight
tensor blk.26.ffn_gate_exps.weight (225 MiB q2_0) buffer type overridden to CUDA_Host
create_tensor: loading tensor blk.26.ffn_up_exps.weight
tensor blk.26.ffn_up_exps.weight (225 MiB q2_0) buffer type overridden to CUDA_Host
create_tensor: loading tensor blk.26.ffn_gate_inp_shexp.weight
create_tensor: loading tensor blk.26.ffn_gate_shexp.weight
create_tensor: loading tensor blk.26.ffn_up_shexp.weight
create_tensor: loading tensor blk.26.ffn_down_shexp.weight
create_tensor: loading tensor blk.27.hc_attn_norm.weight
create_tensor: loading tensor blk.27.hc_attn_down.weight
create_tensor: loading tensor blk.27.hc_attn_up.weight
create_tensor: loading tensor blk.27.hc_attn_inject.weight
create_tensor: loading tensor blk.27.hc_ffn_norm.weight
create_tensor: loading tensor blk.27.hc_ffn_down.weight
create_tensor: loading tensor blk.27.hc_ffn_up.weight
create_tensor: loading tensor blk.27.hc_ffn_inject.weight
create_tensor: loading tensor blk.27.attn_qkv.weight
create_tensor: loading tensor blk.27.attn_q.weight
create_tensor: loading tensor blk.27.attn_k.weight
create_tensor: loading tensor blk.27.attn_v.weight
create_tensor: loading tensor blk.27.attn_q.bias
create_tensor: loading tensor blk.27.attn_k.bias
create_tensor: loading tensor blk.27.attn_v.bias
create_tensor: loading tensor blk.27.attn_output.weight
create_tensor: loading tensor blk.27.attn_q_norm.weight
create_tensor: loading tensor blk.27.attn_k_norm.weight
create_tensor: loading tensor blk.27.indexer.q_proj.weight
create_tensor: loading tensor blk.27.indexer.k_proj.weight
create_tensor: loading tensor blk.27.indexer.q_norm.weight
create_tensor: loading tensor blk.27.indexer.k_norm.weight
create_tensor: loading tensor blk.27.ffn_gate_inp.weight
create_tensor: loading tensor blk.27.ffn_down_exps.weight
tensor blk.27.ffn_down_exps.weight (225 MiB q2_0) buffer type overridden to CUDA_Host
create_tensor: loading tensor blk.27.ffn_gate_up_exps.weight
create_tensor: loading tensor blk.27.ffn_gate_exps.weight
tensor blk.27.ffn_gate_exps.weight (225 MiB q2_0) buffer type overridden to CUDA_Host
create_tensor: loading tensor blk.27.ffn_up_exps.weight
tensor blk.27.ffn_up_exps.weight (225 MiB q2_0) buffer type overridden to CUDA_Host
create_tensor: loading tensor blk.27.ffn_gate_inp_shexp.weight
create_tensor: loading tensor blk.27.ffn_gate_shexp.weight
create_tensor: loading tensor blk.27.ffn_up_shexp.weight
create_tensor: loading tensor blk.27.ffn_down_shexp.weight
create_tensor: loading tensor blk.28.hc_attn_norm.weight
create_tensor: loading tensor blk.28.hc_attn_down.weight
create_tensor: loading tensor blk.28.hc_attn_up.weight
create_tensor: loading tensor blk.28.hc_attn_inject.weight
create_tensor: loading tensor blk.28.hc_ffn_norm.weight
create_tensor: loading tensor blk.28.hc_ffn_down.weight
create_tensor: loading tensor blk.28.hc_ffn_up.weight
create_tensor: loading tensor blk.28.hc_ffn_inject.weight
create_tensor: loading tensor blk.28.attn_qkv.weight
create_tensor: loading tensor blk.28.attn_gate.weight
create_tensor: loading tensor blk.28.ssm_conv1d.weight
create_tensor: loading tensor blk.28.ssm_dt.bias
create_tensor: loading tensor blk.28.ssm_a
create_tensor: loading tensor blk.28.ssm_beta.weight
create_tensor: loading tensor blk.28.ssm_alpha.weight
create_tensor: loading tensor blk.28.ssm_norm.weight
create_tensor: loading tensor blk.28.ssm_out.weight
create_tensor: loading tensor blk.28.ffn_gate_inp.weight
create_tensor: loading tensor blk.28.ffn_down_exps.weight
tensor blk.28.ffn_down_exps.weight (225 MiB q2_0) buffer type overridden to CUDA_Host
create_tensor: loading tensor blk.28.ffn_gate_up_exps.weight
create_tensor: loading tensor blk.28.ffn_gate_exps.weight
tensor blk.28.ffn_gate_exps.weight (225 MiB q2_0) buffer type overridden to CUDA_Host
create_tensor: loading tensor blk.28.ffn_up_exps.weight
tensor blk.28.ffn_up_exps.weight (225 MiB q2_0) buffer type overridden to CUDA_Host
create_tensor: loading tensor blk.28.ffn_gate_inp_shexp.weight
create_tensor: loading tensor blk.28.ffn_gate_shexp.weight
create_tensor: loading tensor blk.28.ffn_up_shexp.weight
create_tensor: loading tensor blk.28.ffn_down_shexp.weight
create_tensor: loading tensor blk.29.hc_attn_norm.weight
create_tensor: loading tensor blk.29.hc_attn_down.weight
create_tensor: loading tensor blk.29.hc_attn_up.weight
create_tensor: loading tensor blk.29.hc_attn_inject.weight
create_tensor: loading tensor blk.29.hc_ffn_norm.weight
create_tensor: loading tensor blk.29.hc_ffn_down.weight
create_tensor: loading tensor blk.29.hc_ffn_up.weight
create_tensor: loading tensor blk.29.hc_ffn_inject.weight
create_tensor: loading tensor blk.29.attn_qkv.weight
create_tensor: loading tensor blk.29.attn_gate.weight
create_tensor: loading tensor blk.29.ssm_conv1d.weight
create_tensor: loading tensor blk.29.ssm_dt.bias
create_tensor: loading tensor blk.29.ssm_a
create_tensor: loading tensor blk.29.ssm_beta.weight
create_tensor: loading tensor blk.29.ssm_alpha.weight
create_tensor: loading tensor blk.29.ssm_norm.weight
create_tensor: loading tensor blk.29.ssm_out.weight
create_tensor: loading tensor blk.29.ffn_gate_inp.weight
create_tensor: loading tensor blk.29.ffn_down_exps.weight
tensor blk.29.ffn_down_exps.weight (225 MiB q2_0) buffer type overridden to CUDA_Host
create_tensor: loading tensor blk.29.ffn_gate_up_exps.weight
create_tensor: loading tensor blk.29.ffn_gate_exps.weight
tensor blk.29.ffn_gate_exps.weight (225 MiB q2_0) buffer type overridden to CUDA_Host
create_tensor: loading tensor blk.29.ffn_up_exps.weight
tensor blk.29.ffn_up_exps.weight (225 MiB q2_0) buffer type overridden to CUDA_Host
create_tensor: loading tensor blk.29.ffn_gate_inp_shexp.weight
create_tensor: loading tensor blk.29.ffn_gate_shexp.weight
create_tensor: loading tensor blk.29.ffn_up_shexp.weight
create_tensor: loading tensor blk.29.ffn_down_shexp.weight
create_tensor: loading tensor blk.30.hc_attn_norm.weight
create_tensor: loading tensor blk.30.hc_attn_down.weight
create_tensor: loading tensor blk.30.hc_attn_up.weight
create_tensor: loading tensor blk.30.hc_attn_inject.weight
create_tensor: loading tensor blk.30.hc_ffn_norm.weight
create_tensor: loading tensor blk.30.hc_ffn_down.weight
create_tensor: loading tensor blk.30.hc_ffn_up.weight
create_tensor: loading tensor blk.30.hc_ffn_inject.weight
create_tensor: loading tensor blk.30.attn_qkv.weight
create_tensor: loading tensor blk.30.attn_gate.weight
create_tensor: loading tensor blk.30.ssm_conv1d.weight
create_tensor: loading tensor blk.30.ssm_dt.bias
create_tensor: loading tensor blk.30.ssm_a
create_tensor: loading tensor blk.30.ssm_beta.weight
create_tensor: loading tensor blk.30.ssm_alpha.weight
create_tensor: loading tensor blk.30.ssm_norm.weight
create_tensor: loading tensor blk.30.ssm_out.weight
create_tensor: loading tensor blk.30.ffn_gate_inp.weight
create_tensor: loading tensor blk.30.ffn_down_exps.weight
tensor blk.30.ffn_down_exps.weight (225 MiB q2_0) buffer type overridden to CUDA_Host
create_tensor: loading tensor blk.30.ffn_gate_up_exps.weight
create_tensor: loading tensor blk.30.ffn_gate_exps.weight
tensor blk.30.ffn_gate_exps.weight (225 MiB q2_0) buffer type overridden to CUDA_Host
create_tensor: loading tensor blk.30.ffn_up_exps.weight
tensor blk.30.ffn_up_exps.weight (225 MiB q2_0) buffer type overridden to CUDA_Host
create_tensor: loading tensor blk.30.ffn_gate_inp_shexp.weight
create_tensor: loading tensor blk.30.ffn_gate_shexp.weight
create_tensor: loading tensor blk.30.ffn_up_shexp.weight
create_tensor: loading tensor blk.30.ffn_down_shexp.weight
create_tensor: loading tensor blk.31.hc_attn_norm.weight
create_tensor: loading tensor blk.31.hc_attn_down.weight
create_tensor: loading tensor blk.31.hc_attn_up.weight
create_tensor: loading tensor blk.31.hc_attn_inject.weight
create_tensor: loading tensor blk.31.hc_ffn_norm.weight
create_tensor: loading tensor blk.31.hc_ffn_down.weight
create_tensor: loading tensor blk.31.hc_ffn_up.weight
create_tensor: loading tensor blk.31.hc_ffn_inject.weight
create_tensor: loading tensor blk.31.attn_qkv.weight
create_tensor: loading tensor blk.31.attn_q.weight
create_tensor: loading tensor blk.31.attn_k.weight
create_tensor: loading tensor blk.31.attn_v.weight
create_tensor: loading tensor blk.31.attn_q.bias
create_tensor: loading tensor blk.31.attn_k.bias
create_tensor: loading tensor blk.31.attn_v.bias
create_tensor: loading tensor blk.31.attn_output.weight
create_tensor: loading tensor blk.31.attn_q_norm.weight
create_tensor: loading tensor blk.31.attn_k_norm.weight
create_tensor: loading tensor blk.31.indexer.q_proj.weight
create_tensor: loading tensor blk.31.indexer.k_proj.weight
create_tensor: loading tensor blk.31.indexer.q_norm.weight
create_tensor: loading tensor blk.31.indexer.k_norm.weight
create_tensor: loading tensor blk.31.ffn_gate_inp.weight
create_tensor: loading tensor blk.31.ffn_down_exps.weight
tensor blk.31.ffn_down_exps.weight (225 MiB q2_0) buffer type overridden to CUDA_Host
create_tensor: loading tensor blk.31.ffn_gate_up_exps.weight
create_tensor: loading tensor blk.31.ffn_gate_exps.weight
tensor blk.31.ffn_gate_exps.weight (225 MiB q2_0) buffer type overridden to CUDA_Host
create_tensor: loading tensor blk.31.ffn_up_exps.weight
tensor blk.31.ffn_up_exps.weight (225 MiB q2_0) buffer type overridden to CUDA_Host
create_tensor: loading tensor blk.31.ffn_gate_inp_shexp.weight
create_tensor: loading tensor blk.31.ffn_gate_shexp.weight
create_tensor: loading tensor blk.31.ffn_up_shexp.weight
create_tensor: loading tensor blk.31.ffn_down_shexp.weight
create_tensor: loading tensor blk.32.hc_attn_norm.weight
create_tensor: loading tensor blk.32.hc_attn_down.weight
create_tensor: loading tensor blk.32.hc_attn_up.weight
create_tensor: loading tensor blk.32.hc_attn_inject.weight
create_tensor: loading tensor blk.32.hc_ffn_norm.weight
create_tensor: loading tensor blk.32.hc_ffn_down.weight
create_tensor: loading tensor blk.32.hc_ffn_up.weight
create_tensor: loading tensor blk.32.hc_ffn_inject.weight
create_tensor: loading tensor blk.32.attn_qkv.weight
create_tensor: loading tensor blk.32.attn_gate.weight
create_tensor: loading tensor blk.32.ssm_conv1d.weight
create_tensor: loading tensor blk.32.ssm_dt.bias
create_tensor: loading tensor blk.32.ssm_a
create_tensor: loading tensor blk.32.ssm_beta.weight
create_tensor: loading tensor blk.32.ssm_alpha.weight
create_tensor: loading tensor blk.32.ssm_norm.weight
create_tensor: loading tensor blk.32.ssm_out.weight
create_tensor: loading tensor blk.32.ffn_gate_inp.weight
create_tensor: loading tensor blk.32.ffn_down_exps.weight
tensor blk.32.ffn_down_exps.weight (225 MiB q2_0) buffer type overridden to CUDA_Host
create_tensor: loading tensor blk.32.ffn_gate_up_exps.weight
create_tensor: loading tensor blk.32.ffn_gate_exps.weight
tensor blk.32.ffn_gate_exps.weight (225 MiB q2_0) buffer type overridden to CUDA_Host
create_tensor: loading tensor blk.32.ffn_up_exps.weight
tensor blk.32.ffn_up_exps.weight (225 MiB q2_0) buffer type overridden to CUDA_Host
create_tensor: loading tensor blk.32.ffn_gate_inp_shexp.weight
create_tensor: loading tensor blk.32.ffn_gate_shexp.weight
create_tensor: loading tensor blk.32.ffn_up_shexp.weight
create_tensor: loading tensor blk.32.ffn_down_shexp.weight
create_tensor: loading tensor blk.33.hc_attn_norm.weight
create_tensor: loading tensor blk.33.hc_attn_down.weight
create_tensor: loading tensor blk.33.hc_attn_up.weight
create_tensor: loading tensor blk.33.hc_attn_inject.weight
create_tensor: loading tensor blk.33.hc_ffn_norm.weight
create_tensor: loading tensor blk.33.hc_ffn_down.weight
create_tensor: loading tensor blk.33.hc_ffn_up.weight
create_tensor: loading tensor blk.33.hc_ffn_inject.weight
create_tensor: loading tensor blk.33.attn_qkv.weight
create_tensor: loading tensor blk.33.attn_gate.weight
create_tensor: loading tensor blk.33.ssm_conv1d.weight
create_tensor: loading tensor blk.33.ssm_dt.bias
create_tensor: loading tensor blk.33.ssm_a
create_tensor: loading tensor blk.33.ssm_beta.weight
create_tensor: loading tensor blk.33.ssm_alpha.weight
create_tensor: loading tensor blk.33.ssm_norm.weight
create_tensor: loading tensor blk.33.ssm_out.weight
create_tensor: loading tensor blk.33.ffn_gate_inp.weight
create_tensor: loading tensor blk.33.ffn_down_exps.weight
tensor blk.33.ffn_down_exps.weight (225 MiB q2_0) buffer type overridden to CUDA_Host
create_tensor: loading tensor blk.33.ffn_gate_up_exps.weight
create_tensor: loading tensor blk.33.ffn_gate_exps.weight
tensor blk.33.ffn_gate_exps.weight (225 MiB q2_0) buffer type overridden to CUDA_Host
create_tensor: loading tensor blk.33.ffn_up_exps.weight
tensor blk.33.ffn_up_exps.weight (225 MiB q2_0) buffer type overridden to CUDA_Host
create_tensor: loading tensor blk.33.ffn_gate_inp_shexp.weight
create_tensor: loading tensor blk.33.ffn_gate_shexp.weight
create_tensor: loading tensor blk.33.ffn_up_shexp.weight
create_tensor: loading tensor blk.33.ffn_down_shexp.weight
create_tensor: loading tensor blk.34.hc_attn_norm.weight
create_tensor: loading tensor blk.34.hc_attn_down.weight
create_tensor: loading tensor blk.34.hc_attn_up.weight
create_tensor: loading tensor blk.34.hc_attn_inject.weight
create_tensor: loading tensor blk.34.hc_ffn_norm.weight
create_tensor: loading tensor blk.34.hc_ffn_down.weight
create_tensor: loading tensor blk.34.hc_ffn_up.weight
create_tensor: loading tensor blk.34.hc_ffn_inject.weight
create_tensor: loading tensor blk.34.attn_qkv.weight
create_tensor: loading tensor blk.34.attn_gate.weight
create_tensor: loading tensor blk.34.ssm_conv1d.weight
create_tensor: loading tensor blk.34.ssm_dt.bias
create_tensor: loading tensor blk.34.ssm_a
create_tensor: loading tensor blk.34.ssm_beta.weight
create_tensor: loading tensor blk.34.ssm_alpha.weight
create_tensor: loading tensor blk.34.ssm_norm.weight
create_tensor: loading tensor blk.34.ssm_out.weight
create_tensor: loading tensor blk.34.ffn_gate_inp.weight
create_tensor: loading tensor blk.34.ffn_down_exps.weight
tensor blk.34.ffn_down_exps.weight (225 MiB q2_0) buffer type overridden to CUDA_Host
create_tensor: loading tensor blk.34.ffn_gate_up_exps.weight
create_tensor: loading tensor blk.34.ffn_gate_exps.weight
tensor blk.34.ffn_gate_exps.weight (225 MiB q2_0) buffer type overridden to CUDA_Host
create_tensor: loading tensor blk.34.ffn_up_exps.weight
tensor blk.34.ffn_up_exps.weight (225 MiB q2_0) buffer type overridden to CUDA_Host
create_tensor: loading tensor blk.34.ffn_gate_inp_shexp.weight
create_tensor: loading tensor blk.34.ffn_gate_shexp.weight
create_tensor: loading tensor blk.34.ffn_up_shexp.weight
create_tensor: loading tensor blk.34.ffn_down_shexp.weight
create_tensor: loading tensor blk.35.hc_attn_norm.weight
create_tensor: loading tensor blk.35.hc_attn_down.weight
create_tensor: loading tensor blk.35.hc_attn_up.weight
create_tensor: loading tensor blk.35.hc_attn_inject.weight
create_tensor: loading tensor blk.35.hc_ffn_norm.weight
create_tensor: loading tensor blk.35.hc_ffn_down.weight
create_tensor: loading tensor blk.35.hc_ffn_up.weight
create_tensor: loading tensor blk.35.hc_ffn_inject.weight
create_tensor: loading tensor blk.35.attn_qkv.weight
create_tensor: loading tensor blk.35.attn_q.weight
create_tensor: loading tensor blk.35.attn_k.weight
create_tensor: loading tensor blk.35.attn_v.weight
create_tensor: loading tensor blk.35.attn_q.bias
create_tensor: loading tensor blk.35.attn_k.bias
create_tensor: loading tensor blk.35.attn_v.bias
create_tensor: loading tensor blk.35.attn_output.weight
create_tensor: loading tensor blk.35.attn_q_norm.weight
create_tensor: loading tensor blk.35.attn_k_norm.weight
create_tensor: loading tensor blk.35.indexer.q_proj.weight
create_tensor: loading tensor blk.35.indexer.k_proj.weight
create_tensor: loading tensor blk.35.indexer.q_norm.weight
create_tensor: loading tensor blk.35.indexer.k_norm.weight
create_tensor: loading tensor blk.35.ffn_gate_inp.weight
create_tensor: loading tensor blk.35.ffn_down_exps.weight
tensor blk.35.ffn_down_exps.weight (225 MiB q2_0) buffer type overridden to CUDA_Host
create_tensor: loading tensor blk.35.ffn_gate_up_exps.weight
create_tensor: loading tensor blk.35.ffn_gate_exps.weight
tensor blk.35.ffn_gate_exps.weight (225 MiB q2_0) buffer type overridden to CUDA_Host
create_tensor: loading tensor blk.35.ffn_up_exps.weight
tensor blk.35.ffn_up_exps.weight (225 MiB q2_0) buffer type overridden to CUDA_Host
create_tensor: loading tensor blk.35.ffn_gate_inp_shexp.weight
create_tensor: loading tensor blk.35.ffn_gate_shexp.weight
create_tensor: loading tensor blk.35.ffn_up_shexp.weight
create_tensor: loading tensor blk.35.ffn_down_shexp.weight
create_tensor: loading tensor blk.36.hc_attn_norm.weight
create_tensor: loading tensor blk.36.hc_attn_down.weight
create_tensor: loading tensor blk.36.hc_attn_up.weight
create_tensor: loading tensor blk.36.hc_attn_inject.weight
create_tensor: loading tensor blk.36.hc_ffn_norm.weight
create_tensor: loading tensor blk.36.hc_ffn_down.weight
create_tensor: loading tensor blk.36.hc_ffn_up.weight
create_tensor: loading tensor blk.36.hc_ffn_inject.weight
create_tensor: loading tensor blk.36.attn_qkv.weight
create_tensor: loading tensor blk.36.attn_gate.weight
create_tensor: loading tensor blk.36.ssm_conv1d.weight
create_tensor: loading tensor blk.36.ssm_dt.bias
create_tensor: loading tensor blk.36.ssm_a
create_tensor: loading tensor blk.36.ssm_beta.weight
create_tensor: loading tensor blk.36.ssm_alpha.weight
create_tensor: loading tensor blk.36.ssm_norm.weight
create_tensor: loading tensor blk.36.ssm_out.weight
create_tensor: loading tensor blk.36.ffn_gate_inp.weight
create_tensor: loading tensor blk.36.ffn_down_exps.weight
tensor blk.36.ffn_down_exps.weight (225 MiB q2_0) buffer type overridden to CUDA_Host
create_tensor: loading tensor blk.36.ffn_gate_up_exps.weight
create_tensor: loading tensor blk.36.ffn_gate_exps.weight
tensor blk.36.ffn_gate_exps.weight (225 MiB q2_0) buffer type overridden to CUDA_Host
create_tensor: loading tensor blk.36.ffn_up_exps.weight
tensor blk.36.ffn_up_exps.weight (225 MiB q2_0) buffer type overridden to CUDA_Host
create_tensor: loading tensor blk.36.ffn_gate_inp_shexp.weight
create_tensor: loading tensor blk.36.ffn_gate_shexp.weight
create_tensor: loading tensor blk.36.ffn_up_shexp.weight
create_tensor: loading tensor blk.36.ffn_down_shexp.weight
create_tensor: loading tensor blk.37.hc_attn_norm.weight
create_tensor: loading tensor blk.37.hc_attn_down.weight
create_tensor: loading tensor blk.37.hc_attn_up.weight
create_tensor: loading tensor blk.37.hc_attn_inject.weight
create_tensor: loading tensor blk.37.hc_ffn_norm.weight
create_tensor: loading tensor blk.37.hc_ffn_down.weight
create_tensor: loading tensor blk.37.hc_ffn_up.weight
create_tensor: loading tensor blk.37.hc_ffn_inject.weight
create_tensor: loading tensor blk.37.attn_qkv.weight
create_tensor: loading tensor blk.37.attn_gate.weight
create_tensor: loading tensor blk.37.ssm_conv1d.weight
create_tensor: loading tensor blk.37.ssm_dt.bias
create_tensor: loading tensor blk.37.ssm_a
create_tensor: loading tensor blk.37.ssm_beta.weight
create_tensor: loading tensor blk.37.ssm_alpha.weight
create_tensor: loading tensor blk.37.ssm_norm.weight
create_tensor: loading tensor blk.37.ssm_out.weight
create_tensor: loading tensor blk.37.ffn_gate_inp.weight
create_tensor: loading tensor blk.37.ffn_down_exps.weight
tensor blk.37.ffn_down_exps.weight (225 MiB q2_0) buffer type overridden to CUDA_Host
create_tensor: loading tensor blk.37.ffn_gate_up_exps.weight
create_tensor: loading tensor blk.37.ffn_gate_exps.weight
tensor blk.37.ffn_gate_exps.weight (225 MiB q2_0) buffer type overridden to CUDA_Host
create_tensor: loading tensor blk.37.ffn_up_exps.weight
tensor blk.37.ffn_up_exps.weight (225 MiB q2_0) buffer type overridden to CUDA_Host
create_tensor: loading tensor blk.37.ffn_gate_inp_shexp.weight
create_tensor: loading tensor blk.37.ffn_gate_shexp.weight
create_tensor: loading tensor blk.37.ffn_up_shexp.weight
create_tensor: loading tensor blk.37.ffn_down_shexp.weight
create_tensor: loading tensor blk.38.hc_attn_norm.weight
create_tensor: loading tensor blk.38.hc_attn_down.weight
create_tensor: loading tensor blk.38.hc_attn_up.weight
create_tensor: loading tensor blk.38.hc_attn_inject.weight
create_tensor: loading tensor blk.38.hc_ffn_norm.weight
create_tensor: loading tensor blk.38.hc_ffn_down.weight
create_tensor: loading tensor blk.38.hc_ffn_up.weight
create_tensor: loading tensor blk.38.hc_ffn_inject.weight
create_tensor: loading tensor blk.38.attn_qkv.weight
create_tensor: loading tensor blk.38.attn_gate.weight
create_tensor: loading tensor blk.38.ssm_conv1d.weight
create_tensor: loading tensor blk.38.ssm_dt.bias
create_tensor: loading tensor blk.38.ssm_a
create_tensor: loading tensor blk.38.ssm_beta.weight
create_tensor: loading tensor blk.38.ssm_alpha.weight
create_tensor: loading tensor blk.38.ssm_norm.weight
create_tensor: loading tensor blk.38.ssm_out.weight
create_tensor: loading tensor blk.38.ffn_gate_inp.weight
create_tensor: loading tensor blk.38.ffn_down_exps.weight
tensor blk.38.ffn_down_exps.weight (225 MiB q2_0) buffer type overridden to CUDA_Host
create_tensor: loading tensor blk.38.ffn_gate_up_exps.weight
create_tensor: loading tensor blk.38.ffn_gate_exps.weight
tensor blk.38.ffn_gate_exps.weight (225 MiB q2_0) buffer type overridden to CUDA_Host
create_tensor: loading tensor blk.38.ffn_up_exps.weight
tensor blk.38.ffn_up_exps.weight (225 MiB q2_0) buffer type overridden to CUDA_Host
create_tensor: loading tensor blk.38.ffn_gate_inp_shexp.weight
create_tensor: loading tensor blk.38.ffn_gate_shexp.weight
create_tensor: loading tensor blk.38.ffn_up_shexp.weight
create_tensor: loading tensor blk.38.ffn_down_shexp.weight
create_tensor: loading tensor blk.39.hc_attn_norm.weight
create_tensor: loading tensor blk.39.hc_attn_down.weight
create_tensor: loading tensor blk.39.hc_attn_up.weight
create_tensor: loading tensor blk.39.hc_attn_inject.weight
create_tensor: loading tensor blk.39.hc_ffn_norm.weight
create_tensor: loading tensor blk.39.hc_ffn_down.weight
create_tensor: loading tensor blk.39.hc_ffn_up.weight
create_tensor: loading tensor blk.39.hc_ffn_inject.weight
create_tensor: loading tensor blk.39.attn_qkv.weight
create_tensor: loading tensor blk.39.attn_q.weight
create_tensor: loading tensor blk.39.attn_k.weight
create_tensor: loading tensor blk.39.attn_v.weight
create_tensor: loading tensor blk.39.attn_q.bias
create_tensor: loading tensor blk.39.attn_k.bias
create_tensor: loading tensor blk.39.attn_v.bias
create_tensor: loading tensor blk.39.attn_output.weight
create_tensor: loading tensor blk.39.attn_q_norm.weight
create_tensor: loading tensor blk.39.attn_k_norm.weight
create_tensor: loading tensor blk.39.indexer.q_proj.weight
create_tensor: loading tensor blk.39.indexer.k_proj.weight
create_tensor: loading tensor blk.39.indexer.q_norm.weight
create_tensor: loading tensor blk.39.indexer.k_norm.weight
create_tensor: loading tensor blk.39.ffn_gate_inp.weight
create_tensor: loading tensor blk.39.ffn_down_exps.weight
tensor blk.39.ffn_down_exps.weight (225 MiB q2_0) buffer type overridden to CUDA_Host
create_tensor: loading tensor blk.39.ffn_gate_up_exps.weight
create_tensor: loading tensor blk.39.ffn_gate_exps.weight
tensor blk.39.ffn_gate_exps.weight (225 MiB q2_0) buffer type overridden to CUDA_Host
create_tensor: loading tensor blk.39.ffn_up_exps.weight
tensor blk.39.ffn_up_exps.weight (225 MiB q2_0) buffer type overridden to CUDA_Host
create_tensor: loading tensor blk.39.ffn_gate_inp_shexp.weight
create_tensor: loading tensor blk.39.ffn_gate_shexp.weight
create_tensor: loading tensor blk.39.ffn_up_shexp.weight
create_tensor: loading tensor blk.39.ffn_down_shexp.weight
create_tensor: loading tensor blk.40.hc_attn_norm.weight
create_tensor: loading tensor blk.40.hc_attn_down.weight
create_tensor: loading tensor blk.40.hc_attn_up.weight
create_tensor: loading tensor blk.40.hc_attn_inject.weight
create_tensor: loading tensor blk.40.hc_ffn_norm.weight
create_tensor: loading tensor blk.40.hc_ffn_down.weight
create_tensor: loading tensor blk.40.hc_ffn_up.weight
create_tensor: loading tensor blk.40.hc_ffn_inject.weight
create_tensor: loading tensor blk.40.attn_qkv.weight
create_tensor: loading tensor blk.40.attn_gate.weight
create_tensor: loading tensor blk.40.ssm_conv1d.weight
create_tensor: loading tensor blk.40.ssm_dt.bias
create_tensor: loading tensor blk.40.ssm_a
create_tensor: loading tensor blk.40.ssm_beta.weight
create_tensor: loading tensor blk.40.ssm_alpha.weight
create_tensor: loading tensor blk.40.ssm_norm.weight
create_tensor: loading tensor blk.40.ssm_out.weight
create_tensor: loading tensor blk.40.ffn_gate_inp.weight
create_tensor: loading tensor blk.40.ffn_down_exps.weight
tensor blk.40.ffn_down_exps.weight (225 MiB q2_0) buffer type overridden to CUDA_Host
create_tensor: loading tensor blk.40.ffn_gate_up_exps.weight
create_tensor: loading tensor blk.40.ffn_gate_exps.weight
tensor blk.40.ffn_gate_exps.weight (225 MiB q2_0) buffer type overridden to CUDA_Host
create_tensor: loading tensor blk.40.ffn_up_exps.weight
tensor blk.40.ffn_up_exps.weight (225 MiB q2_0) buffer type overridden to CUDA_Host
create_tensor: loading tensor blk.40.ffn_gate_inp_shexp.weight
create_tensor: loading tensor blk.40.ffn_gate_shexp.weight
create_tensor: loading tensor blk.40.ffn_up_shexp.weight
create_tensor: loading tensor blk.40.ffn_down_shexp.weight
create_tensor: loading tensor blk.41.hc_attn_norm.weight
create_tensor: loading tensor blk.41.hc_attn_down.weight
create_tensor: loading tensor blk.41.hc_attn_up.weight
create_tensor: loading tensor blk.41.hc_attn_inject.weight
create_tensor: loading tensor blk.41.hc_ffn_norm.weight
create_tensor: loading tensor blk.41.hc_ffn_down.weight
create_tensor: loading tensor blk.41.hc_ffn_up.weight
create_tensor: loading tensor blk.41.hc_ffn_inject.weight
create_tensor: loading tensor blk.41.attn_qkv.weight
create_tensor: loading tensor blk.41.attn_gate.weight
create_tensor: loading tensor blk.41.ssm_conv1d.weight
create_tensor: loading tensor blk.41.ssm_dt.bias
create_tensor: loading tensor blk.41.ssm_a
create_tensor: loading tensor blk.41.ssm_beta.weight
create_tensor: loading tensor blk.41.ssm_alpha.weight
create_tensor: loading tensor blk.41.ssm_norm.weight
create_tensor: loading tensor blk.41.ssm_out.weight
create_tensor: loading tensor blk.41.ffn_gate_inp.weight
create_tensor: loading tensor blk.41.ffn_down_exps.weight
tensor blk.41.ffn_down_exps.weight (225 MiB q2_0) buffer type overridden to CUDA_Host
create_tensor: loading tensor blk.41.ffn_gate_up_exps.weight
create_tensor: loading tensor blk.41.ffn_gate_exps.weight
tensor blk.41.ffn_gate_exps.weight (225 MiB q2_0) buffer type overridden to CUDA_Host
create_tensor: loading tensor blk.41.ffn_up_exps.weight
tensor blk.41.ffn_up_exps.weight (225 MiB q2_0) buffer type overridden to CUDA_Host
create_tensor: loading tensor blk.41.ffn_gate_inp_shexp.weight
create_tensor: loading tensor blk.41.ffn_gate_shexp.weight
create_tensor: loading tensor blk.41.ffn_up_shexp.weight
create_tensor: loading tensor blk.41.ffn_down_shexp.weight
create_tensor: loading tensor blk.42.hc_attn_norm.weight
create_tensor: loading tensor blk.42.hc_attn_down.weight
create_tensor: loading tensor blk.42.hc_attn_up.weight
create_tensor: loading tensor blk.42.hc_attn_inject.weight
create_tensor: loading tensor blk.42.hc_ffn_norm.weight
create_tensor: loading tensor blk.42.hc_ffn_down.weight
create_tensor: loading tensor blk.42.hc_ffn_up.weight
create_tensor: loading tensor blk.42.hc_ffn_inject.weight
create_tensor: loading tensor blk.42.attn_qkv.weight
create_tensor: loading tensor blk.42.attn_gate.weight
create_tensor: loading tensor blk.42.ssm_conv1d.weight
create_tensor: loading tensor blk.42.ssm_dt.bias
create_tensor: loading tensor blk.42.ssm_a
create_tensor: loading tensor blk.42.ssm_beta.weight
create_tensor: loading tensor blk.42.ssm_alpha.weight
create_tensor: loading tensor blk.42.ssm_norm.weight
create_tensor: loading tensor blk.42.ssm_out.weight
create_tensor: loading tensor blk.42.ffn_gate_inp.weight
create_tensor: loading tensor blk.42.ffn_down_exps.weight
tensor blk.42.ffn_down_exps.weight (225 MiB q2_0) buffer type overridden to CUDA_Host
create_tensor: loading tensor blk.42.ffn_gate_up_exps.weight
create_tensor: loading tensor blk.42.ffn_gate_exps.weight
tensor blk.42.ffn_gate_exps.weight (225 MiB q2_0) buffer type overridden to CUDA_Host
create_tensor: loading tensor blk.42.ffn_up_exps.weight
tensor blk.42.ffn_up_exps.weight (225 MiB q2_0) buffer type overridden to CUDA_Host
create_tensor: loading tensor blk.42.ffn_gate_inp_shexp.weight
create_tensor: loading tensor blk.42.ffn_gate_shexp.weight
create_tensor: loading tensor blk.42.ffn_up_shexp.weight
create_tensor: loading tensor blk.42.ffn_down_shexp.weight
create_tensor: loading tensor blk.43.hc_attn_norm.weight
create_tensor: loading tensor blk.43.hc_attn_down.weight
create_tensor: loading tensor blk.43.hc_attn_up.weight
create_tensor: loading tensor blk.43.hc_attn_inject.weight
create_tensor: loading tensor blk.43.hc_ffn_norm.weight
create_tensor: loading tensor blk.43.hc_ffn_down.weight
create_tensor: loading tensor blk.43.hc_ffn_up.weight
create_tensor: loading tensor blk.43.hc_ffn_inject.weight
create_tensor: loading tensor blk.43.attn_qkv.weight
create_tensor: loading tensor blk.43.attn_q.weight
create_tensor: loading tensor blk.43.attn_k.weight
create_tensor: loading tensor blk.43.attn_v.weight
create_tensor: loading tensor blk.43.attn_q.bias
create_tensor: loading tensor blk.43.attn_k.bias
create_tensor: loading tensor blk.43.attn_v.bias
create_tensor: loading tensor blk.43.attn_output.weight
create_tensor: loading tensor blk.43.attn_q_norm.weight
create_tensor: loading tensor blk.43.attn_k_norm.weight
create_tensor: loading tensor blk.43.indexer.q_proj.weight
create_tensor: loading tensor blk.43.indexer.k_proj.weight
create_tensor: loading tensor blk.43.indexer.q_norm.weight
create_tensor: loading tensor blk.43.indexer.k_norm.weight
create_tensor: loading tensor blk.43.ffn_gate_inp.weight
create_tensor: loading tensor blk.43.ffn_down_exps.weight
tensor blk.43.ffn_down_exps.weight (225 MiB q2_0) buffer type overridden to CUDA_Host
create_tensor: loading tensor blk.43.ffn_gate_up_exps.weight
create_tensor: loading tensor blk.43.ffn_gate_exps.weight
tensor blk.43.ffn_gate_exps.weight (225 MiB q2_0) buffer type overridden to CUDA_Host
create_tensor: loading tensor blk.43.ffn_up_exps.weight
tensor blk.43.ffn_up_exps.weight (225 MiB q2_0) buffer type overridden to CUDA_Host
create_tensor: loading tensor blk.43.ffn_gate_inp_shexp.weight
create_tensor: loading tensor blk.43.ffn_gate_shexp.weight
create_tensor: loading tensor blk.43.ffn_up_shexp.weight
create_tensor: loading tensor blk.43.ffn_down_shexp.weight
create_tensor: loading tensor blk.44.hc_attn_norm.weight
create_tensor: loading tensor blk.44.hc_attn_down.weight
create_tensor: loading tensor blk.44.hc_attn_up.weight
create_tensor: loading tensor blk.44.hc_attn_inject.weight
create_tensor: loading tensor blk.44.hc_ffn_norm.weight
create_tensor: loading tensor blk.44.hc_ffn_down.weight
create_tensor: loading tensor blk.44.hc_ffn_up.weight
create_tensor: loading tensor blk.44.hc_ffn_inject.weight
create_tensor: loading tensor blk.44.attn_qkv.weight
create_tensor: loading tensor blk.44.attn_gate.weight
create_tensor: loading tensor blk.44.ssm_conv1d.weight
create_tensor: loading tensor blk.44.ssm_dt.bias
create_tensor: loading tensor blk.44.ssm_a
create_tensor: loading tensor blk.44.ssm_beta.weight
create_tensor: loading tensor blk.44.ssm_alpha.weight
create_tensor: loading tensor blk.44.ssm_norm.weight
create_tensor: loading tensor blk.44.ssm_out.weight
create_tensor: loading tensor blk.44.ffn_gate_inp.weight
create_tensor: loading tensor blk.44.ffn_down_exps.weight
tensor blk.44.ffn_down_exps.weight (225 MiB q2_0) buffer type overridden to CUDA_Host
create_tensor: loading tensor blk.44.ffn_gate_up_exps.weight
create_tensor: loading tensor blk.44.ffn_gate_exps.weight
tensor blk.44.ffn_gate_exps.weight (225 MiB q2_0) buffer type overridden to CUDA_Host
create_tensor: loading tensor blk.44.ffn_up_exps.weight
tensor blk.44.ffn_up_exps.weight (225 MiB q2_0) buffer type overridden to CUDA_Host
create_tensor: loading tensor blk.44.ffn_gate_inp_shexp.weight
create_tensor: loading tensor blk.44.ffn_gate_shexp.weight
create_tensor: loading tensor blk.44.ffn_up_shexp.weight
create_tensor: loading tensor blk.44.ffn_down_shexp.weight
create_tensor: loading tensor blk.45.hc_attn_norm.weight
create_tensor: loading tensor blk.45.hc_attn_down.weight
create_tensor: loading tensor blk.45.hc_attn_up.weight
create_tensor: loading tensor blk.45.hc_attn_inject.weight
create_tensor: loading tensor blk.45.hc_ffn_norm.weight
create_tensor: loading tensor blk.45.hc_ffn_down.weight
create_tensor: loading tensor blk.45.hc_ffn_up.weight
create_tensor: loading tensor blk.45.hc_ffn_inject.weight
create_tensor: loading tensor blk.45.attn_qkv.weight
create_tensor: loading tensor blk.45.attn_gate.weight
create_tensor: loading tensor blk.45.ssm_conv1d.weight
create_tensor: loading tensor blk.45.ssm_dt.bias
create_tensor: loading tensor blk.45.ssm_a
create_tensor: loading tensor blk.45.ssm_beta.weight
create_tensor: loading tensor blk.45.ssm_alpha.weight
create_tensor: loading tensor blk.45.ssm_norm.weight
create_tensor: loading tensor blk.45.ssm_out.weight
create_tensor: loading tensor blk.45.ffn_gate_inp.weight
create_tensor: loading tensor blk.45.ffn_down_exps.weight
tensor blk.45.ffn_down_exps.weight (225 MiB q2_0) buffer type overridden to CUDA_Host
create_tensor: loading tensor blk.45.ffn_gate_up_exps.weight
create_tensor: loading tensor blk.45.ffn_gate_exps.weight
tensor blk.45.ffn_gate_exps.weight (225 MiB q2_0) buffer type overridden to CUDA_Host
create_tensor: loading tensor blk.45.ffn_up_exps.weight
tensor blk.45.ffn_up_exps.weight (225 MiB q2_0) buffer type overridden to CUDA_Host
create_tensor: loading tensor blk.45.ffn_gate_inp_shexp.weight
create_tensor: loading tensor blk.45.ffn_gate_shexp.weight
create_tensor: loading tensor blk.45.ffn_up_shexp.weight
create_tensor: loading tensor blk.45.ffn_down_shexp.weight
create_tensor: loading tensor blk.46.hc_attn_norm.weight
create_tensor: loading tensor blk.46.hc_attn_down.weight
create_tensor: loading tensor blk.46.hc_attn_up.weight
create_tensor: loading tensor blk.46.hc_attn_inject.weight
create_tensor: loading tensor blk.46.hc_ffn_norm.weight
create_tensor: loading tensor blk.46.hc_ffn_down.weight
create_tensor: loading tensor blk.46.hc_ffn_up.weight
create_tensor: loading tensor blk.46.hc_ffn_inject.weight
create_tensor: loading tensor blk.46.attn_qkv.weight
create_tensor: loading tensor blk.46.attn_gate.weight
create_tensor: loading tensor blk.46.ssm_conv1d.weight
create_tensor: loading tensor blk.46.ssm_dt.bias
create_tensor: loading tensor blk.46.ssm_a
create_tensor: loading tensor blk.46.ssm_beta.weight
create_tensor: loading tensor blk.46.ssm_alpha.weight
create_tensor: loading tensor blk.46.ssm_norm.weight
create_tensor: loading tensor blk.46.ssm_out.weight
create_tensor: loading tensor blk.46.ffn_gate_inp.weight
create_tensor: loading tensor blk.46.ffn_down_exps.weight
tensor blk.46.ffn_down_exps.weight (225 MiB q2_0) buffer type overridden to CUDA_Host
create_tensor: loading tensor blk.46.ffn_gate_up_exps.weight
create_tensor: loading tensor blk.46.ffn_gate_exps.weight
tensor blk.46.ffn_gate_exps.weight (225 MiB q2_0) buffer type overridden to CUDA_Host
create_tensor: loading tensor blk.46.ffn_up_exps.weight
tensor blk.46.ffn_up_exps.weight (225 MiB q2_0) buffer type overridden to CUDA_Host
create_tensor: loading tensor blk.46.ffn_gate_inp_shexp.weight
create_tensor: loading tensor blk.46.ffn_gate_shexp.weight
create_tensor: loading tensor blk.46.ffn_up_shexp.weight
create_tensor: loading tensor blk.46.ffn_down_shexp.weight
create_tensor: loading tensor blk.47.hc_attn_norm.weight
create_tensor: loading tensor blk.47.hc_attn_down.weight
create_tensor: loading tensor blk.47.hc_attn_up.weight
create_tensor: loading tensor blk.47.hc_attn_inject.weight
create_tensor: loading tensor blk.47.hc_ffn_norm.weight
create_tensor: loading tensor blk.47.hc_ffn_down.weight
create_tensor: loading tensor blk.47.hc_ffn_up.weight
create_tensor: loading tensor blk.47.hc_ffn_inject.weight
create_tensor: loading tensor blk.47.attn_qkv.weight
create_tensor: loading tensor blk.47.attn_q.weight
create_tensor: loading tensor blk.47.attn_k.weight
create_tensor: loading tensor blk.47.attn_v.weight
create_tensor: loading tensor blk.47.attn_q.bias
create_tensor: loading tensor blk.47.attn_k.bias
create_tensor: loading tensor blk.47.attn_v.bias
create_tensor: loading tensor blk.47.attn_output.weight
create_tensor: loading tensor blk.47.attn_q_norm.weight
create_tensor: loading tensor blk.47.attn_k_norm.weight
create_tensor: loading tensor blk.47.indexer.q_proj.weight
create_tensor: loading tensor blk.47.indexer.k_proj.weight
create_tensor: loading tensor blk.47.indexer.q_norm.weight
create_tensor: loading tensor blk.47.indexer.k_norm.weight
create_tensor: loading tensor blk.47.ffn_gate_inp.weight
create_tensor: loading tensor blk.47.ffn_down_exps.weight
tensor blk.47.ffn_down_exps.weight (225 MiB q2_0) buffer type overridden to CUDA_Host
create_tensor: loading tensor blk.47.ffn_gate_up_exps.weight
create_tensor: loading tensor blk.47.ffn_gate_exps.weight
tensor blk.47.ffn_gate_exps.weight (225 MiB q2_0) buffer type overridden to CUDA_Host
create_tensor: loading tensor blk.47.ffn_up_exps.weight
tensor blk.47.ffn_up_exps.weight (225 MiB q2_0) buffer type overridden to CUDA_Host
create_tensor: loading tensor blk.47.ffn_gate_inp_shexp.weight
create_tensor: loading tensor blk.47.ffn_gate_shexp.weight
create_tensor: loading tensor blk.47.ffn_up_shexp.weight
create_tensor: loading tensor blk.47.ffn_down_shexp.weight
create_tensor: loading tensor blk.0.attn_qkv.scale
create_tensor: loading tensor blk.0.attn_gate.scale
create_tensor: loading tensor blk.0.ffn_gate_shexp.scale
create_tensor: loading tensor blk.0.ffn_down_shexp.scale
create_tensor: loading tensor blk.0.ffn_up_shexp.scale
create_tensor: loading tensor blk.0.ffn_gate_exps.scale
create_tensor: loading tensor blk.0.ffn_down_exps.scale
create_tensor: loading tensor blk.0.ffn_up_exps.scale
create_tensor: loading tensor blk.0.ssm_out.scale
create_tensor: loading tensor blk.0.ssm_alpha.scale
create_tensor: loading tensor blk.0.ssm_beta.scale
create_tensor: loading tensor blk.0.attn_qkv.input_scale
create_tensor: loading tensor blk.0.attn_gate.input_scale
create_tensor: loading tensor blk.0.ffn_gate_exps.input_scale
create_tensor: loading tensor blk.0.ffn_down_exps.input_scale
create_tensor: loading tensor blk.0.ffn_up_exps.input_scale
create_tensor: loading tensor blk.0.ffn_gate_shexp.input_scale
create_tensor: loading tensor blk.0.ffn_down_shexp.input_scale
create_tensor: loading tensor blk.0.ffn_up_shexp.input_scale
create_tensor: loading tensor blk.0.ssm_out.input_scale
create_tensor: loading tensor blk.0.ssm_alpha.input_scale
create_tensor: loading tensor blk.0.ssm_beta.input_scale
create_tensor: loading tensor blk.1.attn_qkv.scale
create_tensor: loading tensor blk.1.attn_gate.scale
create_tensor: loading tensor blk.1.ffn_gate_shexp.scale
create_tensor: loading tensor blk.1.ffn_down_shexp.scale
create_tensor: loading tensor blk.1.ffn_up_shexp.scale
create_tensor: loading tensor blk.1.ffn_gate_exps.scale
create_tensor: loading tensor blk.1.ffn_down_exps.scale
create_tensor: loading tensor blk.1.ffn_up_exps.scale
create_tensor: loading tensor blk.1.ssm_out.scale
create_tensor: loading tensor blk.1.ssm_alpha.scale
create_tensor: loading tensor blk.1.ssm_beta.scale
create_tensor: loading tensor blk.1.attn_qkv.input_scale
create_tensor: loading tensor blk.1.attn_gate.input_scale
create_tensor: loading tensor blk.1.ffn_gate_exps.input_scale
create_tensor: loading tensor blk.1.ffn_down_exps.input_scale
create_tensor: loading tensor blk.1.ffn_up_exps.input_scale
create_tensor: loading tensor blk.1.ffn_gate_shexp.input_scale
create_tensor: loading tensor blk.1.ffn_down_shexp.input_scale
create_tensor: loading tensor blk.1.ffn_up_shexp.input_scale
create_tensor: loading tensor blk.1.ssm_out.input_scale
create_tensor: loading tensor blk.1.ssm_alpha.input_scale
create_tensor: loading tensor blk.1.ssm_beta.input_scale
create_tensor: loading tensor blk.2.attn_qkv.scale
create_tensor: loading tensor blk.2.attn_gate.scale
create_tensor: loading tensor blk.2.ffn_gate_shexp.scale
create_tensor: loading tensor blk.2.ffn_down_shexp.scale
create_tensor: loading tensor blk.2.ffn_up_shexp.scale
create_tensor: loading tensor blk.2.ffn_gate_exps.scale
create_tensor: loading tensor blk.2.ffn_down_exps.scale
create_tensor: loading tensor blk.2.ffn_up_exps.scale
create_tensor: loading tensor blk.2.ssm_out.scale
create_tensor: loading tensor blk.2.ssm_alpha.scale
create_tensor: loading tensor blk.2.ssm_beta.scale
create_tensor: loading tensor blk.2.attn_qkv.input_scale
create_tensor: loading tensor blk.2.attn_gate.input_scale
create_tensor: loading tensor blk.2.ffn_gate_exps.input_scale
create_tensor: loading tensor blk.2.ffn_down_exps.input_scale
create_tensor: loading tensor blk.2.ffn_up_exps.input_scale
create_tensor: loading tensor blk.2.ffn_gate_shexp.input_scale
create_tensor: loading tensor blk.2.ffn_down_shexp.input_scale
create_tensor: loading tensor blk.2.ffn_up_shexp.input_scale
create_tensor: loading tensor blk.2.ssm_out.input_scale
create_tensor: loading tensor blk.2.ssm_alpha.input_scale
create_tensor: loading tensor blk.2.ssm_beta.input_scale
create_tensor: loading tensor blk.3.attn_q.scale
create_tensor: loading tensor blk.3.attn_k.scale
create_tensor: loading tensor blk.3.attn_v.scale
create_tensor: loading tensor blk.3.attn_output.scale
create_tensor: loading tensor blk.3.ffn_gate_shexp.scale
create_tensor: loading tensor blk.3.ffn_down_shexp.scale
create_tensor: loading tensor blk.3.ffn_up_shexp.scale
create_tensor: loading tensor blk.3.ffn_gate_exps.scale
create_tensor: loading tensor blk.3.ffn_down_exps.scale
create_tensor: loading tensor blk.3.ffn_up_exps.scale
create_tensor: loading tensor blk.3.attn_q.input_scale
create_tensor: loading tensor blk.3.attn_k.input_scale
create_tensor: loading tensor blk.3.attn_v.input_scale
create_tensor: loading tensor blk.3.attn_output.input_scale
create_tensor: loading tensor blk.3.ffn_gate_exps.input_scale
create_tensor: loading tensor blk.3.ffn_down_exps.input_scale
create_tensor: loading tensor blk.3.ffn_up_exps.input_scale
create_tensor: loading tensor blk.3.ffn_gate_shexp.input_scale
create_tensor: loading tensor blk.3.ffn_down_shexp.input_scale
create_tensor: loading tensor blk.3.ffn_up_shexp.input_scale
create_tensor: loading tensor blk.4.attn_qkv.scale
create_tensor: loading tensor blk.4.attn_gate.scale
create_tensor: loading tensor blk.4.ffn_gate_shexp.scale
create_tensor: loading tensor blk.4.ffn_down_shexp.scale
create_tensor: loading tensor blk.4.ffn_up_shexp.scale
create_tensor: loading tensor blk.4.ffn_gate_exps.scale
create_tensor: loading tensor blk.4.ffn_down_exps.scale
create_tensor: loading tensor blk.4.ffn_up_exps.scale
create_tensor: loading tensor blk.4.ssm_out.scale
create_tensor: loading tensor blk.4.ssm_alpha.scale
create_tensor: loading tensor blk.4.ssm_beta.scale
create_tensor: loading tensor blk.4.attn_qkv.input_scale
create_tensor: loading tensor blk.4.attn_gate.input_scale
create_tensor: loading tensor blk.4.ffn_gate_exps.input_scale
create_tensor: loading tensor blk.4.ffn_down_exps.input_scale
create_tensor: loading tensor blk.4.ffn_up_exps.input_scale
create_tensor: loading tensor blk.4.ffn_gate_shexp.input_scale
create_tensor: loading tensor blk.4.ffn_down_shexp.input_scale
create_tensor: loading tensor blk.4.ffn_up_shexp.input_scale
create_tensor: loading tensor blk.4.ssm_out.input_scale
create_tensor: loading tensor blk.4.ssm_alpha.input_scale
create_tensor: loading tensor blk.4.ssm_beta.input_scale
create_tensor: loading tensor blk.5.attn_qkv.scale
create_tensor: loading tensor blk.5.attn_gate.scale
create_tensor: loading tensor blk.5.ffn_gate_shexp.scale
create_tensor: loading tensor blk.5.ffn_down_shexp.scale
create_tensor: loading tensor blk.5.ffn_up_shexp.scale
create_tensor: loading tensor blk.5.ffn_gate_exps.scale
create_tensor: loading tensor blk.5.ffn_down_exps.scale
create_tensor: loading tensor blk.5.ffn_up_exps.scale
create_tensor: loading tensor blk.5.ssm_out.scale
create_tensor: loading tensor blk.5.ssm_alpha.scale
create_tensor: loading tensor blk.5.ssm_beta.scale
create_tensor: loading tensor blk.5.attn_qkv.input_scale
create_tensor: loading tensor blk.5.attn_gate.input_scale
create_tensor: loading tensor blk.5.ffn_gate_exps.input_scale
create_tensor: loading tensor blk.5.ffn_down_exps.input_scale
create_tensor: loading tensor blk.5.ffn_up_exps.input_scale
create_tensor: loading tensor blk.5.ffn_gate_shexp.input_scale
create_tensor: loading tensor blk.5.ffn_down_shexp.input_scale
create_tensor: loading tensor blk.5.ffn_up_shexp.input_scale
create_tensor: loading tensor blk.5.ssm_out.input_scale
create_tensor: loading tensor blk.5.ssm_alpha.input_scale
create_tensor: loading tensor blk.5.ssm_beta.input_scale
create_tensor: loading tensor blk.6.attn_qkv.scale
create_tensor: loading tensor blk.6.attn_gate.scale
create_tensor: loading tensor blk.6.ffn_gate_shexp.scale
create_tensor: loading tensor blk.6.ffn_down_shexp.scale
create_tensor: loading tensor blk.6.ffn_up_shexp.scale
create_tensor: loading tensor blk.6.ffn_gate_exps.scale
create_tensor: loading tensor blk.6.ffn_down_exps.scale
create_tensor: loading tensor blk.6.ffn_up_exps.scale
create_tensor: loading tensor blk.6.ssm_out.scale
create_tensor: loading tensor blk.6.ssm_alpha.scale
create_tensor: loading tensor blk.6.ssm_beta.scale
create_tensor: loading tensor blk.6.attn_qkv.input_scale
create_tensor: loading tensor blk.6.attn_gate.input_scale
create_tensor: loading tensor blk.6.ffn_gate_exps.input_scale
create_tensor: loading tensor blk.6.ffn_down_exps.input_scale
create_tensor: loading tensor blk.6.ffn_up_exps.input_scale
create_tensor: loading tensor blk.6.ffn_gate_shexp.input_scale
create_tensor: loading tensor blk.6.ffn_down_shexp.input_scale
create_tensor: loading tensor blk.6.ffn_up_shexp.input_scale
create_tensor: loading tensor blk.6.ssm_out.input_scale
create_tensor: loading tensor blk.6.ssm_alpha.input_scale
create_tensor: loading tensor blk.6.ssm_beta.input_scale
create_tensor: loading tensor blk.7.attn_q.scale
create_tensor: loading tensor blk.7.attn_k.scale
create_tensor: loading tensor blk.7.attn_v.scale
create_tensor: loading tensor blk.7.attn_output.scale
create_tensor: loading tensor blk.7.ffn_gate_shexp.scale
create_tensor: loading tensor blk.7.ffn_down_shexp.scale
create_tensor: loading tensor blk.7.ffn_up_shexp.scale
create_tensor: loading tensor blk.7.ffn_gate_exps.scale
create_tensor: loading tensor blk.7.ffn_down_exps.scale
create_tensor: loading tensor blk.7.ffn_up_exps.scale
create_tensor: loading tensor blk.7.attn_q.input_scale
create_tensor: loading tensor blk.7.attn_k.input_scale
create_tensor: loading tensor blk.7.attn_v.input_scale
create_tensor: loading tensor blk.7.attn_output.input_scale
create_tensor: loading tensor blk.7.ffn_gate_exps.input_scale
create_tensor: loading tensor blk.7.ffn_down_exps.input_scale
create_tensor: loading tensor blk.7.ffn_up_exps.input_scale
create_tensor: loading tensor blk.7.ffn_gate_shexp.input_scale
create_tensor: loading tensor blk.7.ffn_down_shexp.input_scale
create_tensor: loading tensor blk.7.ffn_up_shexp.input_scale
create_tensor: loading tensor blk.8.attn_qkv.scale
create_tensor: loading tensor blk.8.attn_gate.scale
create_tensor: loading tensor blk.8.ffn_gate_shexp.scale
create_tensor: loading tensor blk.8.ffn_down_shexp.scale
create_tensor: loading tensor blk.8.ffn_up_shexp.scale
create_tensor: loading tensor blk.8.ffn_gate_exps.scale
create_tensor: loading tensor blk.8.ffn_down_exps.scale
create_tensor: loading tensor blk.8.ffn_up_exps.scale
create_tensor: loading tensor blk.8.ssm_out.scale
create_tensor: loading tensor blk.8.ssm_alpha.scale
create_tensor: loading tensor blk.8.ssm_beta.scale
create_tensor: loading tensor blk.8.attn_qkv.input_scale
create_tensor: loading tensor blk.8.attn_gate.input_scale
create_tensor: loading tensor blk.8.ffn_gate_exps.input_scale
create_tensor: loading tensor blk.8.ffn_down_exps.input_scale
create_tensor: loading tensor blk.8.ffn_up_exps.input_scale
create_tensor: loading tensor blk.8.ffn_gate_shexp.input_scale
create_tensor: loading tensor blk.8.ffn_down_shexp.input_scale
create_tensor: loading tensor blk.8.ffn_up_shexp.input_scale
create_tensor: loading tensor blk.8.ssm_out.input_scale
create_tensor: loading tensor blk.8.ssm_alpha.input_scale
create_tensor: loading tensor blk.8.ssm_beta.input_scale
create_tensor: loading tensor blk.9.attn_qkv.scale
create_tensor: loading tensor blk.9.attn_gate.scale
create_tensor: loading tensor blk.9.ffn_gate_shexp.scale
create_tensor: loading tensor blk.9.ffn_down_shexp.scale
create_tensor: loading tensor blk.9.ffn_up_shexp.scale
create_tensor: loading tensor blk.9.ffn_gate_exps.scale
create_tensor: loading tensor blk.9.ffn_down_exps.scale
create_tensor: loading tensor blk.9.ffn_up_exps.scale
create_tensor: loading tensor blk.9.ssm_out.scale
create_tensor: loading tensor blk.9.ssm_alpha.scale
create_tensor: loading tensor blk.9.ssm_beta.scale
create_tensor: loading tensor blk.9.attn_qkv.input_scale
create_tensor: loading tensor blk.9.attn_gate.input_scale
create_tensor: loading tensor blk.9.ffn_gate_exps.input_scale
create_tensor: loading tensor blk.9.ffn_down_exps.input_scale
create_tensor: loading tensor blk.9.ffn_up_exps.input_scale
create_tensor: loading tensor blk.9.ffn_gate_shexp.input_scale
create_tensor: loading tensor blk.9.ffn_down_shexp.input_scale
create_tensor: loading tensor blk.9.ffn_up_shexp.input_scale
create_tensor: loading tensor blk.9.ssm_out.input_scale
create_tensor: loading tensor blk.9.ssm_alpha.input_scale
create_tensor: loading tensor blk.9.ssm_beta.input_scale
create_tensor: loading tensor blk.10.attn_qkv.scale
create_tensor: loading tensor blk.10.attn_gate.scale
create_tensor: loading tensor blk.10.ffn_gate_shexp.scale
create_tensor: loading tensor blk.10.ffn_down_shexp.scale
create_tensor: loading tensor blk.10.ffn_up_shexp.scale
create_tensor: loading tensor blk.10.ffn_gate_exps.scale
create_tensor: loading tensor blk.10.ffn_down_exps.scale
create_tensor: loading tensor blk.10.ffn_up_exps.scale
create_tensor: loading tensor blk.10.ssm_out.scale
create_tensor: loading tensor blk.10.ssm_alpha.scale
create_tensor: loading tensor blk.10.ssm_beta.scale
create_tensor: loading tensor blk.10.attn_qkv.input_scale
create_tensor: loading tensor blk.10.attn_gate.input_scale
create_tensor: loading tensor blk.10.ffn_gate_exps.input_scale
create_tensor: loading tensor blk.10.ffn_down_exps.input_scale
create_tensor: loading tensor blk.10.ffn_up_exps.input_scale
create_tensor: loading tensor blk.10.ffn_gate_shexp.input_scale
create_tensor: loading tensor blk.10.ffn_down_shexp.input_scale
create_tensor: loading tensor blk.10.ffn_up_shexp.input_scale
create_tensor: loading tensor blk.10.ssm_out.input_scale
create_tensor: loading tensor blk.10.ssm_alpha.input_scale
create_tensor: loading tensor blk.10.ssm_beta.input_scale
create_tensor: loading tensor blk.11.attn_q.scale
create_tensor: loading tensor blk.11.attn_k.scale
create_tensor: loading tensor blk.11.attn_v.scale
create_tensor: loading tensor blk.11.attn_output.scale
create_tensor: loading tensor blk.11.ffn_gate_shexp.scale
create_tensor: loading tensor blk.11.ffn_down_shexp.scale
create_tensor: loading tensor blk.11.ffn_up_shexp.scale
create_tensor: loading tensor blk.11.ffn_gate_exps.scale
create_tensor: loading tensor blk.11.ffn_down_exps.scale
create_tensor: loading tensor blk.11.ffn_up_exps.scale
create_tensor: loading tensor blk.11.attn_q.input_scale
create_tensor: loading tensor blk.11.attn_k.input_scale
create_tensor: loading tensor blk.11.attn_v.input_scale
create_tensor: loading tensor blk.11.attn_output.input_scale
create_tensor: loading tensor blk.11.ffn_gate_exps.input_scale
create_tensor: loading tensor blk.11.ffn_down_exps.input_scale
create_tensor: loading tensor blk.11.ffn_up_exps.input_scale
create_tensor: loading tensor blk.11.ffn_gate_shexp.input_scale
create_tensor: loading tensor blk.11.ffn_down_shexp.input_scale
create_tensor: loading tensor blk.11.ffn_up_shexp.input_scale
create_tensor: loading tensor blk.12.attn_qkv.scale
create_tensor: loading tensor blk.12.attn_gate.scale
create_tensor: loading tensor blk.12.ffn_gate_shexp.scale
create_tensor: loading tensor blk.12.ffn_down_shexp.scale
create_tensor: loading tensor blk.12.ffn_up_shexp.scale
create_tensor: loading tensor blk.12.ffn_gate_exps.scale
create_tensor: loading tensor blk.12.ffn_down_exps.scale
create_tensor: loading tensor blk.12.ffn_up_exps.scale
create_tensor: loading tensor blk.12.ssm_out.scale
create_tensor: loading tensor blk.12.ssm_alpha.scale
create_tensor: loading tensor blk.12.ssm_beta.scale
create_tensor: loading tensor blk.12.attn_qkv.input_scale
create_tensor: loading tensor blk.12.attn_gate.input_scale
create_tensor: loading tensor blk.12.ffn_gate_exps.input_scale
create_tensor: loading tensor blk.12.ffn_down_exps.input_scale
create_tensor: loading tensor blk.12.ffn_up_exps.input_scale
create_tensor: loading tensor blk.12.ffn_gate_shexp.input_scale
create_tensor: loading tensor blk.12.ffn_down_shexp.input_scale
create_tensor: loading tensor blk.12.ffn_up_shexp.input_scale
create_tensor: loading tensor blk.12.ssm_out.input_scale
create_tensor: loading tensor blk.12.ssm_alpha.input_scale
create_tensor: loading tensor blk.12.ssm_beta.input_scale
create_tensor: loading tensor blk.13.attn_qkv.scale
create_tensor: loading tensor blk.13.attn_gate.scale
create_tensor: loading tensor blk.13.ffn_gate_shexp.scale
create_tensor: loading tensor blk.13.ffn_down_shexp.scale
create_tensor: loading tensor blk.13.ffn_up_shexp.scale
create_tensor: loading tensor blk.13.ffn_gate_exps.scale
create_tensor: loading tensor blk.13.ffn_down_exps.scale
create_tensor: loading tensor blk.13.ffn_up_exps.scale
create_tensor: loading tensor blk.13.ssm_out.scale
create_tensor: loading tensor blk.13.ssm_alpha.scale
create_tensor: loading tensor blk.13.ssm_beta.scale
create_tensor: loading tensor blk.13.attn_qkv.input_scale
create_tensor: loading tensor blk.13.attn_gate.input_scale
create_tensor: loading tensor blk.13.ffn_gate_exps.input_scale
create_tensor: loading tensor blk.13.ffn_down_exps.input_scale
create_tensor: loading tensor blk.13.ffn_up_exps.input_scale
create_tensor: loading tensor blk.13.ffn_gate_shexp.input_scale
create_tensor: loading tensor blk.13.ffn_down_shexp.input_scale
create_tensor: loading tensor blk.13.ffn_up_shexp.input_scale
create_tensor: loading tensor blk.13.ssm_out.input_scale
create_tensor: loading tensor blk.13.ssm_alpha.input_scale
create_tensor: loading tensor blk.13.ssm_beta.input_scale
create_tensor: loading tensor blk.14.attn_qkv.scale
create_tensor: loading tensor blk.14.attn_gate.scale
create_tensor: loading tensor blk.14.ffn_gate_shexp.scale
create_tensor: loading tensor blk.14.ffn_down_shexp.scale
create_tensor: loading tensor blk.14.ffn_up_shexp.scale
create_tensor: loading tensor blk.14.ffn_gate_exps.scale
create_tensor: loading tensor blk.14.ffn_down_exps.scale
create_tensor: loading tensor blk.14.ffn_up_exps.scale
create_tensor: loading tensor blk.14.ssm_out.scale
create_tensor: loading tensor blk.14.ssm_alpha.scale
create_tensor: loading tensor blk.14.ssm_beta.scale
create_tensor: loading tensor blk.14.attn_qkv.input_scale
create_tensor: loading tensor blk.14.attn_gate.input_scale
create_tensor: loading tensor blk.14.ffn_gate_exps.input_scale
create_tensor: loading tensor blk.14.ffn_down_exps.input_scale
create_tensor: loading tensor blk.14.ffn_up_exps.input_scale
create_tensor: loading tensor blk.14.ffn_gate_shexp.input_scale
create_tensor: loading tensor blk.14.ffn_down_shexp.input_scale
create_tensor: loading tensor blk.14.ffn_up_shexp.input_scale
create_tensor: loading tensor blk.14.ssm_out.input_scale
create_tensor: loading tensor blk.14.ssm_alpha.input_scale
create_tensor: loading tensor blk.14.ssm_beta.input_scale
create_tensor: loading tensor blk.15.attn_q.scale
create_tensor: loading tensor blk.15.attn_k.scale
create_tensor: loading tensor blk.15.attn_v.scale
create_tensor: loading tensor blk.15.attn_output.scale
create_tensor: loading tensor blk.15.ffn_gate_shexp.scale
create_tensor: loading tensor blk.15.ffn_down_shexp.scale
create_tensor: loading tensor blk.15.ffn_up_shexp.scale
create_tensor: loading tensor blk.15.ffn_gate_exps.scale
create_tensor: loading tensor blk.15.ffn_down_exps.scale
create_tensor: loading tensor blk.15.ffn_up_exps.scale
create_tensor: loading tensor blk.15.attn_q.input_scale
create_tensor: loading tensor blk.15.attn_k.input_scale
create_tensor: loading tensor blk.15.attn_v.input_scale
create_tensor: loading tensor blk.15.attn_output.input_scale
create_tensor: loading tensor blk.15.ffn_gate_exps.input_scale
create_tensor: loading tensor blk.15.ffn_down_exps.input_scale
create_tensor: loading tensor blk.15.ffn_up_exps.input_scale
create_tensor: loading tensor blk.15.ffn_gate_shexp.input_scale
create_tensor: loading tensor blk.15.ffn_down_shexp.input_scale
create_tensor: loading tensor blk.15.ffn_up_shexp.input_scale
create_tensor: loading tensor blk.16.attn_qkv.scale
create_tensor: loading tensor blk.16.attn_gate.scale
create_tensor: loading tensor blk.16.ffn_gate_shexp.scale
create_tensor: loading tensor blk.16.ffn_down_shexp.scale
create_tensor: loading tensor blk.16.ffn_up_shexp.scale
create_tensor: loading tensor blk.16.ffn_gate_exps.scale
create_tensor: loading tensor blk.16.ffn_down_exps.scale
create_tensor: loading tensor blk.16.ffn_up_exps.scale
create_tensor: loading tensor blk.16.ssm_out.scale
create_tensor: loading tensor blk.16.ssm_alpha.scale
create_tensor: loading tensor blk.16.ssm_beta.scale
create_tensor: loading tensor blk.16.attn_qkv.input_scale
create_tensor: loading tensor blk.16.attn_gate.input_scale
create_tensor: loading tensor blk.16.ffn_gate_exps.input_scale
create_tensor: loading tensor blk.16.ffn_down_exps.input_scale
create_tensor: loading tensor blk.16.ffn_up_exps.input_scale
create_tensor: loading tensor blk.16.ffn_gate_shexp.input_scale
create_tensor: loading tensor blk.16.ffn_down_shexp.input_scale
create_tensor: loading tensor blk.16.ffn_up_shexp.input_scale
create_tensor: loading tensor blk.16.ssm_out.input_scale
create_tensor: loading tensor blk.16.ssm_alpha.input_scale
create_tensor: loading tensor blk.16.ssm_beta.input_scale
create_tensor: loading tensor blk.17.attn_qkv.scale
create_tensor: loading tensor blk.17.attn_gate.scale
create_tensor: loading tensor blk.17.ffn_gate_shexp.scale
create_tensor: loading tensor blk.17.ffn_down_shexp.scale
create_tensor: loading tensor blk.17.ffn_up_shexp.scale
create_tensor: loading tensor blk.17.ffn_gate_exps.scale
create_tensor: loading tensor blk.17.ffn_down_exps.scale
create_tensor: loading tensor blk.17.ffn_up_exps.scale
create_tensor: loading tensor blk.17.ssm_out.scale
create_tensor: loading tensor blk.17.ssm_alpha.scale
create_tensor: loading tensor blk.17.ssm_beta.scale
create_tensor: loading tensor blk.17.attn_qkv.input_scale
create_tensor: loading tensor blk.17.attn_gate.input_scale
create_tensor: loading tensor blk.17.ffn_gate_exps.input_scale
create_tensor: loading tensor blk.17.ffn_down_exps.input_scale
create_tensor: loading tensor blk.17.ffn_up_exps.input_scale
create_tensor: loading tensor blk.17.ffn_gate_shexp.input_scale
create_tensor: loading tensor blk.17.ffn_down_shexp.input_scale
create_tensor: loading tensor blk.17.ffn_up_shexp.input_scale
create_tensor: loading tensor blk.17.ssm_out.input_scale
create_tensor: loading tensor blk.17.ssm_alpha.input_scale
create_tensor: loading tensor blk.17.ssm_beta.input_scale
create_tensor: loading tensor blk.18.attn_qkv.scale
create_tensor: loading tensor blk.18.attn_gate.scale
create_tensor: loading tensor blk.18.ffn_gate_shexp.scale
create_tensor: loading tensor blk.18.ffn_down_shexp.scale
create_tensor: loading tensor blk.18.ffn_up_shexp.scale
create_tensor: loading tensor blk.18.ffn_gate_exps.scale
create_tensor: loading tensor blk.18.ffn_down_exps.scale
create_tensor: loading tensor blk.18.ffn_up_exps.scale
create_tensor: loading tensor blk.18.ssm_out.scale
create_tensor: loading tensor blk.18.ssm_alpha.scale
create_tensor: loading tensor blk.18.ssm_beta.scale
create_tensor: loading tensor blk.18.attn_qkv.input_scale
create_tensor: loading tensor blk.18.attn_gate.input_scale
create_tensor: loading tensor blk.18.ffn_gate_exps.input_scale
create_tensor: loading tensor blk.18.ffn_down_exps.input_scale
create_tensor: loading tensor blk.18.ffn_up_exps.input_scale
create_tensor: loading tensor blk.18.ffn_gate_shexp.input_scale
create_tensor: loading tensor blk.18.ffn_down_shexp.input_scale
create_tensor: loading tensor blk.18.ffn_up_shexp.input_scale
create_tensor: loading tensor blk.18.ssm_out.input_scale
create_tensor: loading tensor blk.18.ssm_alpha.input_scale
create_tensor: loading tensor blk.18.ssm_beta.input_scale
create_tensor: loading tensor blk.19.attn_q.scale
create_tensor: loading tensor blk.19.attn_k.scale
create_tensor: loading tensor blk.19.attn_v.scale
create_tensor: loading tensor blk.19.attn_output.scale
create_tensor: loading tensor blk.19.ffn_gate_shexp.scale
create_tensor: loading tensor blk.19.ffn_down_shexp.scale
create_tensor: loading tensor blk.19.ffn_up_shexp.scale
create_tensor: loading tensor blk.19.ffn_gate_exps.scale
create_tensor: loading tensor blk.19.ffn_down_exps.scale
create_tensor: loading tensor blk.19.ffn_up_exps.scale
create_tensor: loading tensor blk.19.attn_q.input_scale
create_tensor: loading tensor blk.19.attn_k.input_scale
create_tensor: loading tensor blk.19.attn_v.input_scale
create_tensor: loading tensor blk.19.attn_output.input_scale
create_tensor: loading tensor blk.19.ffn_gate_exps.input_scale
create_tensor: loading tensor blk.19.ffn_down_exps.input_scale
create_tensor: loading tensor blk.19.ffn_up_exps.input_scale
create_tensor: loading tensor blk.19.ffn_gate_shexp.input_scale
create_tensor: loading tensor blk.19.ffn_down_shexp.input_scale
create_tensor: loading tensor blk.19.ffn_up_shexp.input_scale
create_tensor: loading tensor blk.20.attn_qkv.scale
create_tensor: loading tensor blk.20.attn_gate.scale
create_tensor: loading tensor blk.20.ffn_gate_shexp.scale
create_tensor: loading tensor blk.20.ffn_down_shexp.scale
create_tensor: loading tensor blk.20.ffn_up_shexp.scale
create_tensor: loading tensor blk.20.ffn_gate_exps.scale
create_tensor: loading tensor blk.20.ffn_down_exps.scale
create_tensor: loading tensor blk.20.ffn_up_exps.scale
create_tensor: loading tensor blk.20.ssm_out.scale
create_tensor: loading tensor blk.20.ssm_alpha.scale
create_tensor: loading tensor blk.20.ssm_beta.scale
create_tensor: loading tensor blk.20.attn_qkv.input_scale
create_tensor: loading tensor blk.20.attn_gate.input_scale
create_tensor: loading tensor blk.20.ffn_gate_exps.input_scale
create_tensor: loading tensor blk.20.ffn_down_exps.input_scale
create_tensor: loading tensor blk.20.ffn_up_exps.input_scale
create_tensor: loading tensor blk.20.ffn_gate_shexp.input_scale
create_tensor: loading tensor blk.20.ffn_down_shexp.input_scale
create_tensor: loading tensor blk.20.ffn_up_shexp.input_scale
create_tensor: loading tensor blk.20.ssm_out.input_scale
create_tensor: loading tensor blk.20.ssm_alpha.input_scale
create_tensor: loading tensor blk.20.ssm_beta.input_scale
create_tensor: loading tensor blk.21.attn_qkv.scale
create_tensor: loading tensor blk.21.attn_gate.scale
create_tensor: loading tensor blk.21.ffn_gate_shexp.scale
create_tensor: loading tensor blk.21.ffn_down_shexp.scale
create_tensor: loading tensor blk.21.ffn_up_shexp.scale
create_tensor: loading tensor blk.21.ffn_gate_exps.scale
create_tensor: loading tensor blk.21.ffn_down_exps.scale
create_tensor: loading tensor blk.21.ffn_up_exps.scale
create_tensor: loading tensor blk.21.ssm_out.scale
create_tensor: loading tensor blk.21.ssm_alpha.scale
create_tensor: loading tensor blk.21.ssm_beta.scale
create_tensor: loading tensor blk.21.attn_qkv.input_scale
create_tensor: loading tensor blk.21.attn_gate.input_scale
create_tensor: loading tensor blk.21.ffn_gate_exps.input_scale
create_tensor: loading tensor blk.21.ffn_down_exps.input_scale
create_tensor: loading tensor blk.21.ffn_up_exps.input_scale
create_tensor: loading tensor blk.21.ffn_gate_shexp.input_scale
create_tensor: loading tensor blk.21.ffn_down_shexp.input_scale
create_tensor: loading tensor blk.21.ffn_up_shexp.input_scale
create_tensor: loading tensor blk.21.ssm_out.input_scale
create_tensor: loading tensor blk.21.ssm_alpha.input_scale
create_tensor: loading tensor blk.21.ssm_beta.input_scale
create_tensor: loading tensor blk.22.attn_qkv.scale
create_tensor: loading tensor blk.22.attn_gate.scale
create_tensor: loading tensor blk.22.ffn_gate_shexp.scale
create_tensor: loading tensor blk.22.ffn_down_shexp.scale
create_tensor: loading tensor blk.22.ffn_up_shexp.scale
create_tensor: loading tensor blk.22.ffn_gate_exps.scale
create_tensor: loading tensor blk.22.ffn_down_exps.scale
create_tensor: loading tensor blk.22.ffn_up_exps.scale
create_tensor: loading tensor blk.22.ssm_out.scale
create_tensor: loading tensor blk.22.ssm_alpha.scale
create_tensor: loading tensor blk.22.ssm_beta.scale
create_tensor: loading tensor blk.22.attn_qkv.input_scale
create_tensor: loading tensor blk.22.attn_gate.input_scale
create_tensor: loading tensor blk.22.ffn_gate_exps.input_scale
create_tensor: loading tensor blk.22.ffn_down_exps.input_scale
create_tensor: loading tensor blk.22.ffn_up_exps.input_scale
create_tensor: loading tensor blk.22.ffn_gate_shexp.input_scale
create_tensor: loading tensor blk.22.ffn_down_shexp.input_scale
create_tensor: loading tensor blk.22.ffn_up_shexp.input_scale
create_tensor: loading tensor blk.22.ssm_out.input_scale
create_tensor: loading tensor blk.22.ssm_alpha.input_scale
create_tensor: loading tensor blk.22.ssm_beta.input_scale
create_tensor: loading tensor blk.23.attn_q.scale
create_tensor: loading tensor blk.23.attn_k.scale
create_tensor: loading tensor blk.23.attn_v.scale
create_tensor: loading tensor blk.23.attn_output.scale
create_tensor: loading tensor blk.23.ffn_gate_shexp.scale
create_tensor: loading tensor blk.23.ffn_down_shexp.scale
create_tensor: loading tensor blk.23.ffn_up_shexp.scale
create_tensor: loading tensor blk.23.ffn_gate_exps.scale
create_tensor: loading tensor blk.23.ffn_down_exps.scale
create_tensor: loading tensor blk.23.ffn_up_exps.scale
create_tensor: loading tensor blk.23.attn_q.input_scale
create_tensor: loading tensor blk.23.attn_k.input_scale
create_tensor: loading tensor blk.23.attn_v.input_scale
create_tensor: loading tensor blk.23.attn_output.input_scale
create_tensor: loading tensor blk.23.ffn_gate_exps.input_scale
create_tensor: loading tensor blk.23.ffn_down_exps.input_scale
create_tensor: loading tensor blk.23.ffn_up_exps.input_scale
create_tensor: loading tensor blk.23.ffn_gate_shexp.input_scale
create_tensor: loading tensor blk.23.ffn_down_shexp.input_scale
create_tensor: loading tensor blk.23.ffn_up_shexp.input_scale
create_tensor: loading tensor blk.24.attn_qkv.scale
create_tensor: loading tensor blk.24.attn_gate.scale
create_tensor: loading tensor blk.24.ffn_gate_shexp.scale
create_tensor: loading tensor blk.24.ffn_down_shexp.scale
create_tensor: loading tensor blk.24.ffn_up_shexp.scale
create_tensor: loading tensor blk.24.ffn_gate_exps.scale
create_tensor: loading tensor blk.24.ffn_down_exps.scale
create_tensor: loading tensor blk.24.ffn_up_exps.scale
create_tensor: loading tensor blk.24.ssm_out.scale
create_tensor: loading tensor blk.24.ssm_alpha.scale
create_tensor: loading tensor blk.24.ssm_beta.scale
create_tensor: loading tensor blk.24.attn_qkv.input_scale
create_tensor: loading tensor blk.24.attn_gate.input_scale
create_tensor: loading tensor blk.24.ffn_gate_exps.input_scale
create_tensor: loading tensor blk.24.ffn_down_exps.input_scale
create_tensor: loading tensor blk.24.ffn_up_exps.input_scale
create_tensor: loading tensor blk.24.ffn_gate_shexp.input_scale
create_tensor: loading tensor blk.24.ffn_down_shexp.input_scale
create_tensor: loading tensor blk.24.ffn_up_shexp.input_scale
create_tensor: loading tensor blk.24.ssm_out.input_scale
create_tensor: loading tensor blk.24.ssm_alpha.input_scale
create_tensor: loading tensor blk.24.ssm_beta.input_scale
create_tensor: loading tensor blk.25.attn_qkv.scale
create_tensor: loading tensor blk.25.attn_gate.scale
create_tensor: loading tensor blk.25.ffn_gate_shexp.scale
create_tensor: loading tensor blk.25.ffn_down_shexp.scale
create_tensor: loading tensor blk.25.ffn_up_shexp.scale
create_tensor: loading tensor blk.25.ffn_gate_exps.scale
create_tensor: loading tensor blk.25.ffn_down_exps.scale
create_tensor: loading tensor blk.25.ffn_up_exps.scale
create_tensor: loading tensor blk.25.ssm_out.scale
create_tensor: loading tensor blk.25.ssm_alpha.scale
create_tensor: loading tensor blk.25.ssm_beta.scale
create_tensor: loading tensor blk.25.attn_qkv.input_scale
create_tensor: loading tensor blk.25.attn_gate.input_scale
create_tensor: loading tensor blk.25.ffn_gate_exps.input_scale
create_tensor: loading tensor blk.25.ffn_down_exps.input_scale
create_tensor: loading tensor blk.25.ffn_up_exps.input_scale
create_tensor: loading tensor blk.25.ffn_gate_shexp.input_scale
create_tensor: loading tensor blk.25.ffn_down_shexp.input_scale
create_tensor: loading tensor blk.25.ffn_up_shexp.input_scale
create_tensor: loading tensor blk.25.ssm_out.input_scale
create_tensor: loading tensor blk.25.ssm_alpha.input_scale
create_tensor: loading tensor blk.25.ssm_beta.input_scale
create_tensor: loading tensor blk.26.attn_qkv.scale
create_tensor: loading tensor blk.26.attn_gate.scale
create_tensor: loading tensor blk.26.ffn_gate_shexp.scale
create_tensor: loading tensor blk.26.ffn_down_shexp.scale
create_tensor: loading tensor blk.26.ffn_up_shexp.scale
create_tensor: loading tensor blk.26.ffn_gate_exps.scale
create_tensor: loading tensor blk.26.ffn_down_exps.scale
create_tensor: loading tensor blk.26.ffn_up_exps.scale
create_tensor: loading tensor blk.26.ssm_out.scale
create_tensor: loading tensor blk.26.ssm_alpha.scale
create_tensor: loading tensor blk.26.ssm_beta.scale
create_tensor: loading tensor blk.26.attn_qkv.input_scale
create_tensor: loading tensor blk.26.attn_gate.input_scale
create_tensor: loading tensor blk.26.ffn_gate_exps.input_scale
create_tensor: loading tensor blk.26.ffn_down_exps.input_scale
create_tensor: loading tensor blk.26.ffn_up_exps.input_scale
create_tensor: loading tensor blk.26.ffn_gate_shexp.input_scale
create_tensor: loading tensor blk.26.ffn_down_shexp.input_scale
create_tensor: loading tensor blk.26.ffn_up_shexp.input_scale
create_tensor: loading tensor blk.26.ssm_out.input_scale
create_tensor: loading tensor blk.26.ssm_alpha.input_scale
create_tensor: loading tensor blk.26.ssm_beta.input_scale
create_tensor: loading tensor blk.27.attn_q.scale
create_tensor: loading tensor blk.27.attn_k.scale
create_tensor: loading tensor blk.27.attn_v.scale
create_tensor: loading tensor blk.27.attn_output.scale
create_tensor: loading tensor blk.27.ffn_gate_shexp.scale
create_tensor: loading tensor blk.27.ffn_down_shexp.scale
create_tensor: loading tensor blk.27.ffn_up_shexp.scale
create_tensor: loading tensor blk.27.ffn_gate_exps.scale
create_tensor: loading tensor blk.27.ffn_down_exps.scale
create_tensor: loading tensor blk.27.ffn_up_exps.scale
create_tensor: loading tensor blk.27.attn_q.input_scale
create_tensor: loading tensor blk.27.attn_k.input_scale
create_tensor: loading tensor blk.27.attn_v.input_scale
create_tensor: loading tensor blk.27.attn_output.input_scale
create_tensor: loading tensor blk.27.ffn_gate_exps.input_scale
create_tensor: loading tensor blk.27.ffn_down_exps.input_scale
create_tensor: loading tensor blk.27.ffn_up_exps.input_scale
create_tensor: loading tensor blk.27.ffn_gate_shexp.input_scale
create_tensor: loading tensor blk.27.ffn_down_shexp.input_scale
create_tensor: loading tensor blk.27.ffn_up_shexp.input_scale
create_tensor: loading tensor blk.28.attn_qkv.scale
create_tensor: loading tensor blk.28.attn_gate.scale
create_tensor: loading tensor blk.28.ffn_gate_shexp.scale
create_tensor: loading tensor blk.28.ffn_down_shexp.scale
create_tensor: loading tensor blk.28.ffn_up_shexp.scale
create_tensor: loading tensor blk.28.ffn_gate_exps.scale
create_tensor: loading tensor blk.28.ffn_down_exps.scale
create_tensor: loading tensor blk.28.ffn_up_exps.scale
create_tensor: loading tensor blk.28.ssm_out.scale
create_tensor: loading tensor blk.28.ssm_alpha.scale
create_tensor: loading tensor blk.28.ssm_beta.scale
create_tensor: loading tensor blk.28.attn_qkv.input_scale
create_tensor: loading tensor blk.28.attn_gate.input_scale
create_tensor: loading tensor blk.28.ffn_gate_exps.input_scale
create_tensor: loading tensor blk.28.ffn_down_exps.input_scale
create_tensor: loading tensor blk.28.ffn_up_exps.input_scale
create_tensor: loading tensor blk.28.ffn_gate_shexp.input_scale
create_tensor: loading tensor blk.28.ffn_down_shexp.input_scale
create_tensor: loading tensor blk.28.ffn_up_shexp.input_scale
create_tensor: loading tensor blk.28.ssm_out.input_scale
create_tensor: loading tensor blk.28.ssm_alpha.input_scale
create_tensor: loading tensor blk.28.ssm_beta.input_scale
create_tensor: loading tensor blk.29.attn_qkv.scale
create_tensor: loading tensor blk.29.attn_gate.scale
create_tensor: loading tensor blk.29.ffn_gate_shexp.scale
create_tensor: loading tensor blk.29.ffn_down_shexp.scale
create_tensor: loading tensor blk.29.ffn_up_shexp.scale
create_tensor: loading tensor blk.29.ffn_gate_exps.scale
create_tensor: loading tensor blk.29.ffn_down_exps.scale
create_tensor: loading tensor blk.29.ffn_up_exps.scale
create_tensor: loading tensor blk.29.ssm_out.scale
create_tensor: loading tensor blk.29.ssm_alpha.scale
create_tensor: loading tensor blk.29.ssm_beta.scale
create_tensor: loading tensor blk.29.attn_qkv.input_scale
create_tensor: loading tensor blk.29.attn_gate.input_scale
create_tensor: loading tensor blk.29.ffn_gate_exps.input_scale
create_tensor: loading tensor blk.29.ffn_down_exps.input_scale
create_tensor: loading tensor blk.29.ffn_up_exps.input_scale
create_tensor: loading tensor blk.29.ffn_gate_shexp.input_scale
create_tensor: loading tensor blk.29.ffn_down_shexp.input_scale
create_tensor: loading tensor blk.29.ffn_up_shexp.input_scale
create_tensor: loading tensor blk.29.ssm_out.input_scale
create_tensor: loading tensor blk.29.ssm_alpha.input_scale
create_tensor: loading tensor blk.29.ssm_beta.input_scale
create_tensor: loading tensor blk.30.attn_qkv.scale
create_tensor: loading tensor blk.30.attn_gate.scale
create_tensor: loading tensor blk.30.ffn_gate_shexp.scale
create_tensor: loading tensor blk.30.ffn_down_shexp.scale
create_tensor: loading tensor blk.30.ffn_up_shexp.scale
create_tensor: loading tensor blk.30.ffn_gate_exps.scale
create_tensor: loading tensor blk.30.ffn_down_exps.scale
create_tensor: loading tensor blk.30.ffn_up_exps.scale
create_tensor: loading tensor blk.30.ssm_out.scale
create_tensor: loading tensor blk.30.ssm_alpha.scale
create_tensor: loading tensor blk.30.ssm_beta.scale
create_tensor: loading tensor blk.30.attn_qkv.input_scale
create_tensor: loading tensor blk.30.attn_gate.input_scale
create_tensor: loading tensor blk.30.ffn_gate_exps.input_scale
create_tensor: loading tensor blk.30.ffn_down_exps.input_scale
create_tensor: loading tensor blk.30.ffn_up_exps.input_scale
create_tensor: loading tensor blk.30.ffn_gate_shexp.input_scale
create_tensor: loading tensor blk.30.ffn_down_shexp.input_scale
create_tensor: loading tensor blk.30.ffn_up_shexp.input_scale
create_tensor: loading tensor blk.30.ssm_out.input_scale
create_tensor: loading tensor blk.30.ssm_alpha.input_scale
create_tensor: loading tensor blk.30.ssm_beta.input_scale
create_tensor: loading tensor blk.31.attn_q.scale
create_tensor: loading tensor blk.31.attn_k.scale
create_tensor: loading tensor blk.31.attn_v.scale
create_tensor: loading tensor blk.31.attn_output.scale
create_tensor: loading tensor blk.31.ffn_gate_shexp.scale
create_tensor: loading tensor blk.31.ffn_down_shexp.scale
create_tensor: loading tensor blk.31.ffn_up_shexp.scale
create_tensor: loading tensor blk.31.ffn_gate_exps.scale
create_tensor: loading tensor blk.31.ffn_down_exps.scale
create_tensor: loading tensor blk.31.ffn_up_exps.scale
create_tensor: loading tensor blk.31.attn_q.input_scale
create_tensor: loading tensor blk.31.attn_k.input_scale
create_tensor: loading tensor blk.31.attn_v.input_scale
create_tensor: loading tensor blk.31.attn_output.input_scale
create_tensor: loading tensor blk.31.ffn_gate_exps.input_scale
create_tensor: loading tensor blk.31.ffn_down_exps.input_scale
create_tensor: loading tensor blk.31.ffn_up_exps.input_scale
create_tensor: loading tensor blk.31.ffn_gate_shexp.input_scale
create_tensor: loading tensor blk.31.ffn_down_shexp.input_scale
create_tensor: loading tensor blk.31.ffn_up_shexp.input_scale
create_tensor: loading tensor blk.32.attn_qkv.scale
create_tensor: loading tensor blk.32.attn_gate.scale
create_tensor: loading tensor blk.32.ffn_gate_shexp.scale
create_tensor: loading tensor blk.32.ffn_down_shexp.scale
create_tensor: loading tensor blk.32.ffn_up_shexp.scale
create_tensor: loading tensor blk.32.ffn_gate_exps.scale
create_tensor: loading tensor blk.32.ffn_down_exps.scale
create_tensor: loading tensor blk.32.ffn_up_exps.scale
create_tensor: loading tensor blk.32.ssm_out.scale
create_tensor: loading tensor blk.32.ssm_alpha.scale
create_tensor: loading tensor blk.32.ssm_beta.scale
create_tensor: loading tensor blk.32.attn_qkv.input_scale
create_tensor: loading tensor blk.32.attn_gate.input_scale
create_tensor: loading tensor blk.32.ffn_gate_exps.input_scale
create_tensor: loading tensor blk.32.ffn_down_exps.input_scale
create_tensor: loading tensor blk.32.ffn_up_exps.input_scale
create_tensor: loading tensor blk.32.ffn_gate_shexp.input_scale
create_tensor: loading tensor blk.32.ffn_down_shexp.input_scale
create_tensor: loading tensor blk.32.ffn_up_shexp.input_scale
create_tensor: loading tensor blk.32.ssm_out.input_scale
create_tensor: loading tensor blk.32.ssm_alpha.input_scale
create_tensor: loading tensor blk.32.ssm_beta.input_scale
create_tensor: loading tensor blk.33.attn_qkv.scale
create_tensor: loading tensor blk.33.attn_gate.scale
create_tensor: loading tensor blk.33.ffn_gate_shexp.scale
create_tensor: loading tensor blk.33.ffn_down_shexp.scale
create_tensor: loading tensor blk.33.ffn_up_shexp.scale
create_tensor: loading tensor blk.33.ffn_gate_exps.scale
create_tensor: loading tensor blk.33.ffn_down_exps.scale
create_tensor: loading tensor blk.33.ffn_up_exps.scale
create_tensor: loading tensor blk.33.ssm_out.scale
create_tensor: loading tensor blk.33.ssm_alpha.scale
create_tensor: loading tensor blk.33.ssm_beta.scale
create_tensor: loading tensor blk.33.attn_qkv.input_scale
create_tensor: loading tensor blk.33.attn_gate.input_scale
create_tensor: loading tensor blk.33.ffn_gate_exps.input_scale
create_tensor: loading tensor blk.33.ffn_down_exps.input_scale
create_tensor: loading tensor blk.33.ffn_up_exps.input_scale
create_tensor: loading tensor blk.33.ffn_gate_shexp.input_scale
create_tensor: loading tensor blk.33.ffn_down_shexp.input_scale
create_tensor: loading tensor blk.33.ffn_up_shexp.input_scale
create_tensor: loading tensor blk.33.ssm_out.input_scale
create_tensor: loading tensor blk.33.ssm_alpha.input_scale
create_tensor: loading tensor blk.33.ssm_beta.input_scale
create_tensor: loading tensor blk.34.attn_qkv.scale
create_tensor: loading tensor blk.34.attn_gate.scale
create_tensor: loading tensor blk.34.ffn_gate_shexp.scale
create_tensor: loading tensor blk.34.ffn_down_shexp.scale
create_tensor: loading tensor blk.34.ffn_up_shexp.scale
create_tensor: loading tensor blk.34.ffn_gate_exps.scale
create_tensor: loading tensor blk.34.ffn_down_exps.scale
create_tensor: loading tensor blk.34.ffn_up_exps.scale
create_tensor: loading tensor blk.34.ssm_out.scale
create_tensor: loading tensor blk.34.ssm_alpha.scale
create_tensor: loading tensor blk.34.ssm_beta.scale
create_tensor: loading tensor blk.34.attn_qkv.input_scale
create_tensor: loading tensor blk.34.attn_gate.input_scale
create_tensor: loading tensor blk.34.ffn_gate_exps.input_scale
create_tensor: loading tensor blk.34.ffn_down_exps.input_scale
create_tensor: loading tensor blk.34.ffn_up_exps.input_scale
create_tensor: loading tensor blk.34.ffn_gate_shexp.input_scale
create_tensor: loading tensor blk.34.ffn_down_shexp.input_scale
create_tensor: loading tensor blk.34.ffn_up_shexp.input_scale
create_tensor: loading tensor blk.34.ssm_out.input_scale
create_tensor: loading tensor blk.34.ssm_alpha.input_scale
create_tensor: loading tensor blk.34.ssm_beta.input_scale
create_tensor: loading tensor blk.35.attn_q.scale
create_tensor: loading tensor blk.35.attn_k.scale
create_tensor: loading tensor blk.35.attn_v.scale
create_tensor: loading tensor blk.35.attn_output.scale
create_tensor: loading tensor blk.35.ffn_gate_shexp.scale
create_tensor: loading tensor blk.35.ffn_down_shexp.scale
create_tensor: loading tensor blk.35.ffn_up_shexp.scale
create_tensor: loading tensor blk.35.ffn_gate_exps.scale
create_tensor: loading tensor blk.35.ffn_down_exps.scale
create_tensor: loading tensor blk.35.ffn_up_exps.scale
create_tensor: loading tensor blk.35.attn_q.input_scale
create_tensor: loading tensor blk.35.attn_k.input_scale
create_tensor: loading tensor blk.35.attn_v.input_scale
create_tensor: loading tensor blk.35.attn_output.input_scale
create_tensor: loading tensor blk.35.ffn_gate_exps.input_scale
create_tensor: loading tensor blk.35.ffn_down_exps.input_scale
create_tensor: loading tensor blk.35.ffn_up_exps.input_scale
create_tensor: loading tensor blk.35.ffn_gate_shexp.input_scale
create_tensor: loading tensor blk.35.ffn_down_shexp.input_scale
create_tensor: loading tensor blk.35.ffn_up_shexp.input_scale
create_tensor: loading tensor blk.36.attn_qkv.scale
create_tensor: loading tensor blk.36.attn_gate.scale
create_tensor: loading tensor blk.36.ffn_gate_shexp.scale
create_tensor: loading tensor blk.36.ffn_down_shexp.scale
create_tensor: loading tensor blk.36.ffn_up_shexp.scale
create_tensor: loading tensor blk.36.ffn_gate_exps.scale
create_tensor: loading tensor blk.36.ffn_down_exps.scale
create_tensor: loading tensor blk.36.ffn_up_exps.scale
create_tensor: loading tensor blk.36.ssm_out.scale
create_tensor: loading tensor blk.36.ssm_alpha.scale
create_tensor: loading tensor blk.36.ssm_beta.scale
create_tensor: loading tensor blk.36.attn_qkv.input_scale
create_tensor: loading tensor blk.36.attn_gate.input_scale
create_tensor: loading tensor blk.36.ffn_gate_exps.input_scale
create_tensor: loading tensor blk.36.ffn_down_exps.input_scale
create_tensor: loading tensor blk.36.ffn_up_exps.input_scale
create_tensor: loading tensor blk.36.ffn_gate_shexp.input_scale
create_tensor: loading tensor blk.36.ffn_down_shexp.input_scale
create_tensor: loading tensor blk.36.ffn_up_shexp.input_scale
create_tensor: loading tensor blk.36.ssm_out.input_scale
create_tensor: loading tensor blk.36.ssm_alpha.input_scale
create_tensor: loading tensor blk.36.ssm_beta.input_scale
create_tensor: loading tensor blk.37.attn_qkv.scale
create_tensor: loading tensor blk.37.attn_gate.scale
create_tensor: loading tensor blk.37.ffn_gate_shexp.scale
create_tensor: loading tensor blk.37.ffn_down_shexp.scale
create_tensor: loading tensor blk.37.ffn_up_shexp.scale
create_tensor: loading tensor blk.37.ffn_gate_exps.scale
create_tensor: loading tensor blk.37.ffn_down_exps.scale
create_tensor: loading tensor blk.37.ffn_up_exps.scale
create_tensor: loading tensor blk.37.ssm_out.scale
create_tensor: loading tensor blk.37.ssm_alpha.scale
create_tensor: loading tensor blk.37.ssm_beta.scale
create_tensor: loading tensor blk.37.attn_qkv.input_scale
create_tensor: loading tensor blk.37.attn_gate.input_scale
create_tensor: loading tensor blk.37.ffn_gate_exps.input_scale
create_tensor: loading tensor blk.37.ffn_down_exps.input_scale
create_tensor: loading tensor blk.37.ffn_up_exps.input_scale
create_tensor: loading tensor blk.37.ffn_gate_shexp.input_scale
create_tensor: loading tensor blk.37.ffn_down_shexp.input_scale
create_tensor: loading tensor blk.37.ffn_up_shexp.input_scale
create_tensor: loading tensor blk.37.ssm_out.input_scale
create_tensor: loading tensor blk.37.ssm_alpha.input_scale
create_tensor: loading tensor blk.37.ssm_beta.input_scale
create_tensor: loading tensor blk.38.attn_qkv.scale
create_tensor: loading tensor blk.38.attn_gate.scale
create_tensor: loading tensor blk.38.ffn_gate_shexp.scale
create_tensor: loading tensor blk.38.ffn_down_shexp.scale
create_tensor: loading tensor blk.38.ffn_up_shexp.scale
create_tensor: loading tensor blk.38.ffn_gate_exps.scale
create_tensor: loading tensor blk.38.ffn_down_exps.scale
create_tensor: loading tensor blk.38.ffn_up_exps.scale
create_tensor: loading tensor blk.38.ssm_out.scale
create_tensor: loading tensor blk.38.ssm_alpha.scale
create_tensor: loading tensor blk.38.ssm_beta.scale
create_tensor: loading tensor blk.38.attn_qkv.input_scale
create_tensor: loading tensor blk.38.attn_gate.input_scale
create_tensor: loading tensor blk.38.ffn_gate_exps.input_scale
create_tensor: loading tensor blk.38.ffn_down_exps.input_scale
create_tensor: loading tensor blk.38.ffn_up_exps.input_scale
create_tensor: loading tensor blk.38.ffn_gate_shexp.input_scale
create_tensor: loading tensor blk.38.ffn_down_shexp.input_scale
create_tensor: loading tensor blk.38.ffn_up_shexp.input_scale
create_tensor: loading tensor blk.38.ssm_out.input_scale
create_tensor: loading tensor blk.38.ssm_alpha.input_scale
create_tensor: loading tensor blk.38.ssm_beta.input_scale
create_tensor: loading tensor blk.39.attn_q.scale
create_tensor: loading tensor blk.39.attn_k.scale
create_tensor: loading tensor blk.39.attn_v.scale
create_tensor: loading tensor blk.39.attn_output.scale
create_tensor: loading tensor blk.39.ffn_gate_shexp.scale
create_tensor: loading tensor blk.39.ffn_down_shexp.scale
create_tensor: loading tensor blk.39.ffn_up_shexp.scale
create_tensor: loading tensor blk.39.ffn_gate_exps.scale
create_tensor: loading tensor blk.39.ffn_down_exps.scale
create_tensor: loading tensor blk.39.ffn_up_exps.scale
create_tensor: loading tensor blk.39.attn_q.input_scale
create_tensor: loading tensor blk.39.attn_k.input_scale
create_tensor: loading tensor blk.39.attn_v.input_scale
create_tensor: loading tensor blk.39.attn_output.input_scale
create_tensor: loading tensor blk.39.ffn_gate_exps.input_scale
create_tensor: loading tensor blk.39.ffn_down_exps.input_scale
create_tensor: loading tensor blk.39.ffn_up_exps.input_scale
create_tensor: loading tensor blk.39.ffn_gate_shexp.input_scale
create_tensor: loading tensor blk.39.ffn_down_shexp.input_scale
create_tensor: loading tensor blk.39.ffn_up_shexp.input_scale
create_tensor: loading tensor blk.40.attn_qkv.scale
create_tensor: loading tensor blk.40.attn_gate.scale
create_tensor: loading tensor blk.40.ffn_gate_shexp.scale
create_tensor: loading tensor blk.40.ffn_down_shexp.scale
create_tensor: loading tensor blk.40.ffn_up_shexp.scale
create_tensor: loading tensor blk.40.ffn_gate_exps.scale
create_tensor: loading tensor blk.40.ffn_down_exps.scale
create_tensor: loading tensor blk.40.ffn_up_exps.scale
create_tensor: loading tensor blk.40.ssm_out.scale
create_tensor: loading tensor blk.40.ssm_alpha.scale
create_tensor: loading tensor blk.40.ssm_beta.scale
create_tensor: loading tensor blk.40.attn_qkv.input_scale
create_tensor: loading tensor blk.40.attn_gate.input_scale
create_tensor: loading tensor blk.40.ffn_gate_exps.input_scale
create_tensor: loading tensor blk.40.ffn_down_exps.input_scale
create_tensor: loading tensor blk.40.ffn_up_exps.input_scale
create_tensor: loading tensor blk.40.ffn_gate_shexp.input_scale
create_tensor: loading tensor blk.40.ffn_down_shexp.input_scale
create_tensor: loading tensor blk.40.ffn_up_shexp.input_scale
create_tensor: loading tensor blk.40.ssm_out.input_scale
create_tensor: loading tensor blk.40.ssm_alpha.input_scale
create_tensor: loading tensor blk.40.ssm_beta.input_scale
create_tensor: loading tensor blk.41.attn_qkv.scale
create_tensor: loading tensor blk.41.attn_gate.scale
create_tensor: loading tensor blk.41.ffn_gate_shexp.scale
create_tensor: loading tensor blk.41.ffn_down_shexp.scale
create_tensor: loading tensor blk.41.ffn_up_shexp.scale
create_tensor: loading tensor blk.41.ffn_gate_exps.scale
create_tensor: loading tensor blk.41.ffn_down_exps.scale
create_tensor: loading tensor blk.41.ffn_up_exps.scale
create_tensor: loading tensor blk.41.ssm_out.scale
create_tensor: loading tensor blk.41.ssm_alpha.scale
create_tensor: loading tensor blk.41.ssm_beta.scale
create_tensor: loading tensor blk.41.attn_qkv.input_scale
create_tensor: loading tensor blk.41.attn_gate.input_scale
create_tensor: loading tensor blk.41.ffn_gate_exps.input_scale
create_tensor: loading tensor blk.41.ffn_down_exps.input_scale
create_tensor: loading tensor blk.41.ffn_up_exps.input_scale
create_tensor: loading tensor blk.41.ffn_gate_shexp.input_scale
create_tensor: loading tensor blk.41.ffn_down_shexp.input_scale
create_tensor: loading tensor blk.41.ffn_up_shexp.input_scale
create_tensor: loading tensor blk.41.ssm_out.input_scale
create_tensor: loading tensor blk.41.ssm_alpha.input_scale
create_tensor: loading tensor blk.41.ssm_beta.input_scale
create_tensor: loading tensor blk.42.attn_qkv.scale
create_tensor: loading tensor blk.42.attn_gate.scale
create_tensor: loading tensor blk.42.ffn_gate_shexp.scale
create_tensor: loading tensor blk.42.ffn_down_shexp.scale
create_tensor: loading tensor blk.42.ffn_up_shexp.scale
create_tensor: loading tensor blk.42.ffn_gate_exps.scale
create_tensor: loading tensor blk.42.ffn_down_exps.scale
create_tensor: loading tensor blk.42.ffn_up_exps.scale
create_tensor: loading tensor blk.42.ssm_out.scale
create_tensor: loading tensor blk.42.ssm_alpha.scale
create_tensor: loading tensor blk.42.ssm_beta.scale
create_tensor: loading tensor blk.42.attn_qkv.input_scale
create_tensor: loading tensor blk.42.attn_gate.input_scale
create_tensor: loading tensor blk.42.ffn_gate_exps.input_scale
create_tensor: loading tensor blk.42.ffn_down_exps.input_scale
create_tensor: loading tensor blk.42.ffn_up_exps.input_scale
create_tensor: loading tensor blk.42.ffn_gate_shexp.input_scale
create_tensor: loading tensor blk.42.ffn_down_shexp.input_scale
create_tensor: loading tensor blk.42.ffn_up_shexp.input_scale
create_tensor: loading tensor blk.42.ssm_out.input_scale
create_tensor: loading tensor blk.42.ssm_alpha.input_scale
create_tensor: loading tensor blk.42.ssm_beta.input_scale
create_tensor: loading tensor blk.43.attn_q.scale
create_tensor: loading tensor blk.43.attn_k.scale
create_tensor: loading tensor blk.43.attn_v.scale
create_tensor: loading tensor blk.43.attn_output.scale
create_tensor: loading tensor blk.43.ffn_gate_shexp.scale
create_tensor: loading tensor blk.43.ffn_down_shexp.scale
create_tensor: loading tensor blk.43.ffn_up_shexp.scale
create_tensor: loading tensor blk.43.ffn_gate_exps.scale
create_tensor: loading tensor blk.43.ffn_down_exps.scale
create_tensor: loading tensor blk.43.ffn_up_exps.scale
create_tensor: loading tensor blk.43.attn_q.input_scale
create_tensor: loading tensor blk.43.attn_k.input_scale
create_tensor: loading tensor blk.43.attn_v.input_scale
create_tensor: loading tensor blk.43.attn_output.input_scale
create_tensor: loading tensor blk.43.ffn_gate_exps.input_scale
create_tensor: loading tensor blk.43.ffn_down_exps.input_scale
create_tensor: loading tensor blk.43.ffn_up_exps.input_scale
create_tensor: loading tensor blk.43.ffn_gate_shexp.input_scale
create_tensor: loading tensor blk.43.ffn_down_shexp.input_scale
create_tensor: loading tensor blk.43.ffn_up_shexp.input_scale
create_tensor: loading tensor blk.44.attn_qkv.scale
create_tensor: loading tensor blk.44.attn_gate.scale
create_tensor: loading tensor blk.44.ffn_gate_shexp.scale
create_tensor: loading tensor blk.44.ffn_down_shexp.scale
create_tensor: loading tensor blk.44.ffn_up_shexp.scale
create_tensor: loading tensor blk.44.ffn_gate_exps.scale
create_tensor: loading tensor blk.44.ffn_down_exps.scale
create_tensor: loading tensor blk.44.ffn_up_exps.scale
create_tensor: loading tensor blk.44.ssm_out.scale
create_tensor: loading tensor blk.44.ssm_alpha.scale
create_tensor: loading tensor blk.44.ssm_beta.scale
create_tensor: loading tensor blk.44.attn_qkv.input_scale
create_tensor: loading tensor blk.44.attn_gate.input_scale
create_tensor: loading tensor blk.44.ffn_gate_exps.input_scale
create_tensor: loading tensor blk.44.ffn_down_exps.input_scale
create_tensor: loading tensor blk.44.ffn_up_exps.input_scale
create_tensor: loading tensor blk.44.ffn_gate_shexp.input_scale
create_tensor: loading tensor blk.44.ffn_down_shexp.input_scale
create_tensor: loading tensor blk.44.ffn_up_shexp.input_scale
create_tensor: loading tensor blk.44.ssm_out.input_scale
create_tensor: loading tensor blk.44.ssm_alpha.input_scale
create_tensor: loading tensor blk.44.ssm_beta.input_scale
create_tensor: loading tensor blk.45.attn_qkv.scale
create_tensor: loading tensor blk.45.attn_gate.scale
create_tensor: loading tensor blk.45.ffn_gate_shexp.scale
create_tensor: loading tensor blk.45.ffn_down_shexp.scale
create_tensor: loading tensor blk.45.ffn_up_shexp.scale
create_tensor: loading tensor blk.45.ffn_gate_exps.scale
create_tensor: loading tensor blk.45.ffn_down_exps.scale
create_tensor: loading tensor blk.45.ffn_up_exps.scale
create_tensor: loading tensor blk.45.ssm_out.scale
create_tensor: loading tensor blk.45.ssm_alpha.scale
create_tensor: loading tensor blk.45.ssm_beta.scale
create_tensor: loading tensor blk.45.attn_qkv.input_scale
create_tensor: loading tensor blk.45.attn_gate.input_scale
create_tensor: loading tensor blk.45.ffn_gate_exps.input_scale
create_tensor: loading tensor blk.45.ffn_down_exps.input_scale
create_tensor: loading tensor blk.45.ffn_up_exps.input_scale
create_tensor: loading tensor blk.45.ffn_gate_shexp.input_scale
create_tensor: loading tensor blk.45.ffn_down_shexp.input_scale
create_tensor: loading tensor blk.45.ffn_up_shexp.input_scale
create_tensor: loading tensor blk.45.ssm_out.input_scale
create_tensor: loading tensor blk.45.ssm_alpha.input_scale
create_tensor: loading tensor blk.45.ssm_beta.input_scale
create_tensor: loading tensor blk.46.attn_qkv.scale
create_tensor: loading tensor blk.46.attn_gate.scale
create_tensor: loading tensor blk.46.ffn_gate_shexp.scale
create_tensor: loading tensor blk.46.ffn_down_shexp.scale
create_tensor: loading tensor blk.46.ffn_up_shexp.scale
create_tensor: loading tensor blk.46.ffn_gate_exps.scale
create_tensor: loading tensor blk.46.ffn_down_exps.scale
create_tensor: loading tensor blk.46.ffn_up_exps.scale
create_tensor: loading tensor blk.46.ssm_out.scale
create_tensor: loading tensor blk.46.ssm_alpha.scale
create_tensor: loading tensor blk.46.ssm_beta.scale
create_tensor: loading tensor blk.46.attn_qkv.input_scale
create_tensor: loading tensor blk.46.attn_gate.input_scale
create_tensor: loading tensor blk.46.ffn_gate_exps.input_scale
create_tensor: loading tensor blk.46.ffn_down_exps.input_scale
create_tensor: loading tensor blk.46.ffn_up_exps.input_scale
create_tensor: loading tensor blk.46.ffn_gate_shexp.input_scale
create_tensor: loading tensor blk.46.ffn_down_shexp.input_scale
create_tensor: loading tensor blk.46.ffn_up_shexp.input_scale
create_tensor: loading tensor blk.46.ssm_out.input_scale
create_tensor: loading tensor blk.46.ssm_alpha.input_scale
create_tensor: loading tensor blk.46.ssm_beta.input_scale
create_tensor: loading tensor blk.47.attn_q.scale
create_tensor: loading tensor blk.47.attn_k.scale
create_tensor: loading tensor blk.47.attn_v.scale
create_tensor: loading tensor blk.47.attn_output.scale
create_tensor: loading tensor blk.47.ffn_gate_shexp.scale
create_tensor: loading tensor blk.47.ffn_down_shexp.scale
create_tensor: loading tensor blk.47.ffn_up_shexp.scale
create_tensor: loading tensor blk.47.ffn_gate_exps.scale
create_tensor: loading tensor blk.47.ffn_down_exps.scale
create_tensor: loading tensor blk.47.ffn_up_exps.scale
create_tensor: loading tensor blk.47.attn_q.input_scale
create_tensor: loading tensor blk.47.attn_k.input_scale
create_tensor: loading tensor blk.47.attn_v.input_scale
create_tensor: loading tensor blk.47.attn_output.input_scale
create_tensor: loading tensor blk.47.ffn_gate_exps.input_scale
create_tensor: loading tensor blk.47.ffn_down_exps.input_scale
create_tensor: loading tensor blk.47.ffn_up_exps.input_scale
create_tensor: loading tensor blk.47.ffn_gate_shexp.input_scale
create_tensor: loading tensor blk.47.ffn_down_shexp.input_scale
create_tensor: loading tensor blk.47.ffn_up_shexp.input_scale
done_getting_tensors: tensor 'token_embd.weight' (q3_K) (and 144 others) cannot be used with preferred buffer type CUDA_Host, using CPU instead
load_tensors: offloading output layer to GPU
load_tensors: offloading 47 repeating layers to GPU
load_tensors: offloaded 49/49 layers to GPU
load_tensors:   CPU_Mapped model buffer size = 35411.51 MiB
load_tensors:        CUDA0 model buffer size =  3209.80 MiB
load_tensors:   CPU_Mapped model buffer size = 27465.95 MiB
.........................................................
route_trace: arch=qwen4exp n_layer=48 n_expert=512 top_k=10 prompt=32000 gen=2048 ctx=34304
llama_context: constructing llama_context
llama_context: n_seq_max             = 1
llama_context: n_ctx                 = 34304
llama_context: n_ctx_seq             = 34304
llama_context: n_batch               = 2048
llama_context: n_ubatch              = 2048
llama_context: causal_attn           = 1
llama_context: flash_attn            = enabled
llama_context: kv_unified            = false
llama_context: freq_base             = 10000000.0
llama_context: freq_scale            = 1
llama_context: n_rs_seq              = 0
llama_context: n_outputs_max         = 2048
llama_context: n_outputs_max_per_seq = 1
llama_context: n_ctx_seq (34304) < n_ctx_train (262144) -- the full capacity of the model will not be utilized
set_abort_callback: call
llama_context:  CUDA_Host  output buffer size =     0.95 MiB
llama_kv_cache: layer   0: filtered
llama_kv_cache: layer   1: filtered
llama_kv_cache: layer   2: filtered
llama_kv_cache: layer   3: dev = CUDA0
llama_kv_cache: layer   4: filtered
llama_kv_cache: layer   5: filtered
llama_kv_cache: layer   6: filtered
llama_kv_cache: layer   7: dev = CUDA0
llama_kv_cache: layer   8: filtered
llama_kv_cache: layer   9: filtered
llama_kv_cache: layer  10: filtered
llama_kv_cache: layer  11: dev = CUDA0
llama_kv_cache: layer  12: filtered
llama_kv_cache: layer  13: filtered
llama_kv_cache: layer  14: filtered
llama_kv_cache: layer  15: dev = CUDA0
llama_kv_cache: layer  16: filtered
llama_kv_cache: layer  17: filtered
llama_kv_cache: layer  18: filtered
llama_kv_cache: layer  19: dev = CUDA0
llama_kv_cache: layer  20: filtered
llama_kv_cache: layer  21: filtered
llama_kv_cache: layer  22: filtered
llama_kv_cache: layer  23: dev = CUDA0
llama_kv_cache: layer  24: filtered
llama_kv_cache: layer  25: filtered
llama_kv_cache: layer  26: filtered
llama_kv_cache: layer  27: dev = CUDA0
llama_kv_cache: layer  28: filtered
llama_kv_cache: layer  29: filtered
llama_kv_cache: layer  30: filtered
llama_kv_cache: layer  31: dev = CUDA0
llama_kv_cache: layer  32: filtered
llama_kv_cache: layer  33: filtered
llama_kv_cache: layer  34: filtered
llama_kv_cache: layer  35: dev = CUDA0
llama_kv_cache: layer  36: filtered
llama_kv_cache: layer  37: filtered
llama_kv_cache: layer  38: filtered
llama_kv_cache: layer  39: dev = CUDA0
llama_kv_cache: layer  40: filtered
llama_kv_cache: layer  41: filtered
llama_kv_cache: layer  42: filtered
llama_kv_cache: layer  43: dev = CUDA0
llama_kv_cache: layer  44: filtered
llama_kv_cache: layer  45: filtered
llama_kv_cache: layer  46: filtered
llama_kv_cache: layer  47: dev = CUDA0
llama_kv_cache:      CUDA0 KV buffer size =   427.12 MiB
llama_kv_cache: size =  427.12 MiB ( 34304 cells,  12 layers,  1/1 seqs), K (q8_0):  213.56 MiB, V (q8_0):  213.56 MiB
llama_kv_cache: attn_rot_k = 1, n_embd_head_k_all = 256
llama_kv_cache: attn_rot_v = 1, n_embd_head_k_all = 256
llama_memory_recurrent, layer   0: dev = CUDA0
llama_memory_recurrent, layer   1: dev = CUDA0
llama_memory_recurrent, layer   2: dev = CUDA0
llama_memory_recurrent: layer   3: skipped
llama_memory_recurrent, layer   4: dev = CUDA0
llama_memory_recurrent, layer   5: dev = CUDA0
llama_memory_recurrent, layer   6: dev = CUDA0
llama_memory_recurrent: layer   7: skipped
llama_memory_recurrent, layer   8: dev = CUDA0
llama_memory_recurrent, layer   9: dev = CUDA0
llama_memory_recurrent, layer  10: dev = CUDA0
llama_memory_recurrent: layer  11: skipped
llama_memory_recurrent, layer  12: dev = CUDA0
llama_memory_recurrent, layer  13: dev = CUDA0
llama_memory_recurrent, layer  14: dev = CUDA0
llama_memory_recurrent: layer  15: skipped
llama_memory_recurrent, layer  16: dev = CUDA0
llama_memory_recurrent, layer  17: dev = CUDA0
llama_memory_recurrent, layer  18: dev = CUDA0
llama_memory_recurrent: layer  19: skipped
llama_memory_recurrent, layer  20: dev = CUDA0
llama_memory_recurrent, layer  21: dev = CUDA0
llama_memory_recurrent, layer  22: dev = CUDA0
llama_memory_recurrent: layer  23: skipped
llama_memory_recurrent, layer  24: dev = CUDA0
llama_memory_recurrent, layer  25: dev = CUDA0
llama_memory_recurrent, layer  26: dev = CUDA0
llama_memory_recurrent: layer  27: skipped
llama_memory_recurrent, layer  28: dev = CUDA0
llama_memory_recurrent, layer  29: dev = CUDA0
llama_memory_recurrent, layer  30: dev = CUDA0
llama_memory_recurrent: layer  31: skipped
llama_memory_recurrent, layer  32: dev = CUDA0
llama_memory_recurrent, layer  33: dev = CUDA0
llama_memory_recurrent, layer  34: dev = CUDA0
llama_memory_recurrent: layer  35: skipped
llama_memory_recurrent, layer  36: dev = CUDA0
llama_memory_recurrent, layer  37: dev = CUDA0
llama_memory_recurrent, layer  38: dev = CUDA0
llama_memory_recurrent: layer  39: skipped
llama_memory_recurrent, layer  40: dev = CUDA0
llama_memory_recurrent, layer  41: dev = CUDA0
llama_memory_recurrent, layer  42: dev = CUDA0
llama_memory_recurrent: layer  43: skipped
llama_memory_recurrent, layer  44: dev = CUDA0
llama_memory_recurrent, layer  45: dev = CUDA0
llama_memory_recurrent, layer  46: dev = CUDA0
llama_memory_recurrent: layer  47: skipped
llama_memory_recurrent:      CUDA0 RS buffer size =   112.57 MiB
llama_memory_recurrent: size =  112.57 MiB (     1 cells,  48 layers,  1 seqs  0 rs_seq), R (f32):    4.22 MiB, S (f32):  108.00 MiB, P (f32):    0.35 MiB
operator(): creating indexer KV cache, size = 34304 cells
llama_kv_cache: layer   0: filtered
llama_kv_cache: layer   1: filtered
llama_kv_cache: layer   2: filtered
llama_kv_cache: layer   3: dev = CUDA0
llama_kv_cache: layer   4: filtered
llama_kv_cache: layer   5: filtered
llama_kv_cache: layer   6: filtered
llama_kv_cache: layer   7: dev = CUDA0
llama_kv_cache: layer   8: filtered
llama_kv_cache: layer   9: filtered
llama_kv_cache: layer  10: filtered
llama_kv_cache: layer  11: dev = CUDA0
llama_kv_cache: layer  12: filtered
llama_kv_cache: layer  13: filtered
llama_kv_cache: layer  14: filtered
llama_kv_cache: layer  15: dev = CUDA0
llama_kv_cache: layer  16: filtered
llama_kv_cache: layer  17: filtered
llama_kv_cache: layer  18: filtered
llama_kv_cache: layer  19: dev = CUDA0
llama_kv_cache: layer  20: filtered
llama_kv_cache: layer  21: filtered
llama_kv_cache: layer  22: filtered
llama_kv_cache: layer  23: dev = CUDA0
llama_kv_cache: layer  24: filtered
llama_kv_cache: layer  25: filtered
llama_kv_cache: layer  26: filtered
llama_kv_cache: layer  27: dev = CUDA0
llama_kv_cache: layer  28: filtered
llama_kv_cache: layer  29: filtered
llama_kv_cache: layer  30: filtered
llama_kv_cache: layer  31: dev = CUDA0
llama_kv_cache: layer  32: filtered
llama_kv_cache: layer  33: filtered
llama_kv_cache: layer  34: filtered
llama_kv_cache: layer  35: dev = CUDA0
llama_kv_cache: layer  36: filtered
llama_kv_cache: layer  37: filtered
llama_kv_cache: layer  38: filtered
llama_kv_cache: layer  39: dev = CUDA0
llama_kv_cache: layer  40: filtered
llama_kv_cache: layer  41: filtered
llama_kv_cache: layer  42: filtered
llama_kv_cache: layer  43: dev = CUDA0
llama_kv_cache: layer  44: filtered
llama_kv_cache: layer  45: filtered
llama_kv_cache: layer  46: filtered
llama_kv_cache: layer  47: dev = CUDA0
llama_kv_cache:      CUDA0 KV buffer size =    53.40 MiB
llama_kv_cache: size =   53.39 MiB ( 34304 cells,  12 layers,  1/1 seqs), K (q8_0):   53.39 MiB, V (q8_0):    0.00 MiB
llama_kv_cache: attn_rot_k = 1, n_embd_head_k_all = 128
llama_kv_cache: attn_rot_v = 0, n_embd_head_k_all = 0
llama_context: enumerating backends
llama_context: backend_ptrs.size() = 2
sched_reserve: reserving ...
sched_reserve: max_nodes = 81920
sched_reserve: reserving full memory module
sched_reserve: worst-case: n_tokens = 2048, n_seqs = 1, n_outputs = 1
resolve_fused_ops: resolving fused DeepSeek V4 HC support:
graph_reserve: reserving a graph for ubatch with n_tokens =    1, n_seqs =  1, n_outputs =    1
resolve_fused_ops: fused DeepSeek V4 HC pre enabled
graph_reserve: reserving a graph for ubatch with n_tokens =    1, n_seqs =  1, n_outputs =    1
resolve_fused_ops: fused DeepSeek V4 HC comb enabled
graph_reserve: reserving a graph for ubatch with n_tokens =    1, n_seqs =  1, n_outputs =    1
resolve_fused_ops: fused DeepSeek V4 HC post enabled
graph_reserve: reserving a graph for ubatch with n_tokens = 2048, n_seqs =  1, n_outputs = 2048
graph_reserve: reserving a graph for ubatch with n_tokens =    1, n_seqs =  1, n_outputs =    1
graph_reserve: reserving a graph for ubatch with n_tokens = 2048, n_seqs =  1, n_outputs = 2048
sched_reserve:      CUDA0 compute buffer size =  1960.00 MiB
sched_reserve:  CUDA_Host compute buffer size =   261.82 MiB
sched_reserve: graph nodes  = 9220 (with bs=2048), 7180 (with bs=1)
sched_reserve: graph splits = 146 (with bs=2048), 98 (with bs=1)
sched_reserve: reserve took 135.17 ms, sched copies = 1
prefill 2048/32000ggml_backend_cuda_graph_compute: CUDA graph warmup complete
ggml_backend_cuda_graph_compute: CUDA graph warmup complete
ggml_backend_cuda_graph_compute: CUDA graph warmup complete
ggml_backend_cuda_graph_compute: CUDA graph warmup complete
ggml_backend_cuda_graph_compute: CUDA graph warmup complete
ggml_backend_cuda_graph_compute: CUDA graph warmup complete
ggml_backend_cuda_graph_compute: CUDA graph warmup complete
ggml_backend_cuda_graph_compute: CUDA graph warmup complete
ggml_backend_cuda_graph_compute: CUDA graph warmup complete
ggml_backend_cuda_graph_compute: CUDA graph warmup complete
ggml_backend_cuda_graph_compute: CUDA graph warmup complete
ggml_backend_cuda_graph_compute: CUDA graph warmup complete
ggml_backend_cuda_graph_compute: CUDA graph warmup complete
ggml_backend_cuda_graph_compute: CUDA graph warmup complete
ggml_backend_cuda_graph_compute: CUDA graph warmup complete
ggml_backend_cuda_graph_compute: CUDA graph warmup complete
ggml_backend_cuda_graph_compute: CUDA graph warmup complete
ggml_backend_cuda_graph_compute: CUDA graph warmup complete
ggml_backend_cuda_graph_compute: CUDA graph warmup complete
ggml_backend_cuda_graph_compute: CUDA graph warmup complete
ggml_backend_cuda_graph_compute: CUDA graph warmup complete
ggml_backend_cuda_graph_compute: CUDA graph warmup complete
ggml_backend_cuda_graph_compute: CUDA graph warmup complete
ggml_backend_cuda_graph_compute: CUDA graph warmup complete
ggml_backend_cuda_graph_compute: CUDA graph warmup complete
ggml_backend_cuda_graph_compute: CUDA graph warmup complete
ggml_backend_cuda_graph_compute: CUDA graph warmup complete
ggml_backend_cuda_graph_compute: CUDA graph warmup complete
ggml_backend_cuda_graph_compute: CUDA graph warmup complete
ggml_backend_cuda_graph_compute: CUDA graph warmup complete
ggml_backend_cuda_graph_compute: CUDA graph warmup complete
ggml_backend_cuda_graph_compute: CUDA graph warmup complete
ggml_backend_cuda_graph_compute: CUDA graph warmup complete
ggml_backend_cuda_graph_compute: CUDA graph warmup complete
ggml_backend_cuda_graph_compute: CUDA graph warmup complete
ggml_backend_cuda_graph_compute: CUDA graph warmup complete
ggml_backend_cuda_graph_compute: CUDA graph warmup complete
ggml_backend_cuda_graph_compute: CUDA graph warmup complete
ggml_backend_cuda_graph_compute: CUDA graph warmup complete
ggml_backend_cuda_graph_compute: CUDA graph warmup complete
ggml_backend_cuda_graph_compute: CUDA graph warmup complete
prefill 4096/32000ggml_backend_cuda_graph_compute: CUDA graph warmup complete
ggml_backend_cuda_graph_compute: CUDA graph warmup complete
ggml_backend_cuda_graph_compute: CUDA graph warmup complete
ggml_backend_cuda_graph_compute: CUDA graph warmup complete
ggml_backend_cuda_graph_compute: CUDA graph warmup complete
ggml_backend_cuda_graph_compute: CUDA graph warmup complete
ggml_backend_cuda_graph_compute: CUDA graph warmup complete
ggml_backend_cuda_graph_compute: CUDA graph warmup complete
ggml_backend_cuda_graph_compute: CUDA graph warmup complete
ggml_backend_cuda_graph_compute: CUDA graph warmup complete
ggml_backend_cuda_graph_compute: CUDA graph warmup complete
ggml_backend_cuda_graph_compute: CUDA graph warmup complete
ggml_backend_cuda_graph_compute: CUDA graph warmup complete
ggml_backend_cuda_graph_compute: CUDA graph warmup complete
ggml_backend_cuda_graph_compute: CUDA graph warmup complete
ggml_backend_cuda_graph_compute: CUDA graph warmup complete
ggml_backend_cuda_graph_compute: CUDA graph warmup complete
ggml_backend_cuda_graph_compute: CUDA graph warmup complete
ggml_backend_cuda_graph_compute: CUDA graph warmup complete
ggml_backend_cuda_graph_compute: CUDA graph warmup complete
ggml_backend_cuda_graph_compute: CUDA graph warmup complete
ggml_backend_cuda_graph_compute: CUDA graph warmup complete
ggml_backend_cuda_graph_compute: CUDA graph warmup complete
ggml_backend_cuda_graph_compute: CUDA graph warmup complete
ggml_backend_cuda_graph_compute: CUDA graph warmup complete
ggml_backend_cuda_graph_compute: CUDA graph warmup complete
ggml_backend_cuda_graph_compute: CUDA graph warmup complete
ggml_backend_cuda_graph_compute: CUDA graph warmup complete
ggml_backend_cuda_graph_compute: CUDA graph warmup complete
ggml_backend_cuda_graph_compute: CUDA graph warmup complete
ggml_backend_cuda_graph_compute: CUDA graph warmup complete
ggml_backend_cuda_graph_compute: CUDA graph warmup complete
ggml_backend_cuda_graph_compute: CUDA graph warmup complete
ggml_backend_cuda_graph_compute: CUDA graph warmup complete
ggml_backend_cuda_graph_compute: CUDA graph warmup complete
ggml_backend_cuda_graph_compute: CUDA graph warmup complete
ggml_backend_cuda_graph_compute: CUDA graph warmup complete
ggml_backend_cuda_graph_compute: CUDA graph warmup complete
ggml_backend_cuda_graph_compute: CUDA graph warmup complete
ggml_backend_cuda_graph_compute: CUDA graph warmup complete
ggml_backend_cuda_graph_compute: CUDA graph warmup complete
ggml_backend_cuda_graph_compute: CUDA graph warmup complete
ggml_backend_cuda_graph_compute: CUDA graph warmup complete
ggml_backend_cuda_graph_compute: CUDA graph warmup complete
ggml_backend_cuda_graph_compute: CUDA graph warmup complete
ggml_backend_cuda_graph_compute: CUDA graph warmup complete
ggml_backend_cuda_graph_compute: CUDA graph warmup complete
ggml_backend_cuda_graph_compute: CUDA graph warmup complete
ggml_backend_cuda_graph_compute: CUDA graph warmup complete
ggml_backend_cuda_graph_compute: CUDA graph warmup complete
ggml_backend_cuda_graph_compute: CUDA graph warmup complete
ggml_backend_cuda_graph_compute: CUDA graph warmup complete
ggml_backend_cuda_graph_compute: CUDA graph warmup complete
ggml_backend_cuda_graph_compute: CUDA graph warmup complete
ggml_backend_cuda_graph_compute: CUDA graph warmup complete
ggml_backend_cuda_graph_compute: CUDA graph warmup complete
ggml_backend_cuda_graph_compute: CUDA graph warmup complete
ggml_backend_cuda_graph_compute: CUDA graph warmup complete
ggml_backend_cuda_graph_compute: CUDA graph warmup complete
ggml_backend_cuda_graph_compute: CUDA graph warmup complete
ggml_backend_cuda_graph_compute: CUDA graph warmup complete
ggml_backend_cuda_graph_compute: CUDA graph warmup complete
ggml_backend_cuda_graph_compute: CUDA graph warmup complete
ggml_backend_cuda_graph_compute: CUDA graph warmup complete
ggml_backend_cuda_graph_compute: CUDA graph warmup complete
prefill 6144/32000ggml_backend_cuda_graph_compute: CUDA graph warmup reset
ggml_backend_cuda_graph_compute: CUDA graph warmup reset
ggml_backend_cuda_graph_compute: CUDA graph warmup reset
prefill 8192/32000ggml_backend_cuda_graph_compute: CUDA graph warmup complete
ggml_backend_cuda_graph_compute: CUDA graph warmup complete
ggml_backend_cuda_graph_compute: CUDA graph warmup complete
prefill 10240/32000prefill 12288/32000ggml_backend_cuda_graph_compute: CUDA graph warmup reset
ggml_backend_cuda_graph_compute: CUDA graph warmup reset
ggml_backend_cuda_graph_compute: CUDA graph warmup reset
ggml_backend_cuda_graph_compute: CUDA graph warmup reset
ggml_backend_cuda_graph_compute: CUDA graph warmup reset
ggml_backend_cuda_graph_compute: CUDA graph warmup reset
ggml_backend_cuda_graph_compute: CUDA graph warmup reset
ggml_backend_cuda_graph_compute: CUDA graph warmup reset
ggml_backend_cuda_graph_compute: CUDA graph warmup reset
ggml_backend_cuda_graph_compute: CUDA graph warmup reset
ggml_backend_cuda_graph_compute: CUDA graph warmup reset
ggml_backend_cuda_graph_compute: CUDA graph warmup reset
ggml_backend_cuda_graph_compute: CUDA graph warmup reset
ggml_backend_cuda_graph_compute: CUDA graph warmup reset
ggml_backend_cuda_graph_compute: CUDA graph warmup reset
ggml_backend_cuda_graph_compute: CUDA graph warmup reset
ggml_backend_cuda_graph_compute: CUDA graph warmup reset
ggml_backend_cuda_graph_compute: CUDA graph warmup reset
ggml_backend_cuda_graph_compute: CUDA graph warmup reset
ggml_backend_cuda_graph_compute: CUDA graph warmup reset
ggml_backend_cuda_graph_compute: CUDA graph warmup reset
ggml_backend_cuda_graph_compute: CUDA graph warmup reset
ggml_backend_cuda_graph_compute: CUDA graph warmup reset
ggml_backend_cuda_graph_compute: CUDA graph warmup reset
ggml_backend_cuda_graph_compute: CUDA graph warmup reset
ggml_backend_cuda_graph_compute: CUDA graph warmup reset
ggml_backend_cuda_graph_compute: CUDA graph warmup reset
ggml_backend_cuda_graph_compute: CUDA graph warmup reset
ggml_backend_cuda_graph_compute: CUDA graph warmup reset
ggml_backend_cuda_graph_compute: CUDA graph warmup reset
ggml_backend_cuda_graph_compute: CUDA graph warmup reset
ggml_backend_cuda_graph_compute: CUDA graph warmup reset
ggml_backend_cuda_graph_compute: CUDA graph warmup reset
ggml_backend_cuda_graph_compute: CUDA graph warmup reset
ggml_backend_cuda_graph_compute: CUDA graph warmup reset
ggml_backend_cuda_graph_compute: CUDA graph warmup reset
ggml_backend_cuda_graph_compute: CUDA graph warmup reset
ggml_backend_cuda_graph_compute: CUDA graph warmup reset
ggml_backend_cuda_graph_compute: CUDA graph warmup reset
ggml_backend_cuda_graph_compute: CUDA graph warmup reset
ggml_backend_cuda_graph_compute: CUDA graph warmup reset
ggml_backend_cuda_graph_compute: CUDA graph warmup reset
ggml_backend_cuda_graph_compute: CUDA graph warmup reset
ggml_backend_cuda_graph_compute: CUDA graph warmup reset
prefill 14336/32000ggml_backend_cuda_graph_compute: CUDA graph warmup complete
ggml_backend_cuda_graph_compute: CUDA graph warmup complete
ggml_backend_cuda_graph_compute: CUDA graph warmup complete
ggml_backend_cuda_graph_compute: CUDA graph warmup complete
ggml_backend_cuda_graph_compute: CUDA graph warmup complete
ggml_backend_cuda_graph_compute: CUDA graph warmup complete
ggml_backend_cuda_graph_compute: CUDA graph warmup complete
ggml_backend_cuda_graph_compute: CUDA graph warmup complete
ggml_backend_cuda_graph_compute: CUDA graph warmup complete
ggml_backend_cuda_graph_compute: CUDA graph warmup complete
ggml_backend_cuda_graph_compute: CUDA graph warmup complete
ggml_backend_cuda_graph_compute: CUDA graph warmup complete
ggml_backend_cuda_graph_compute: CUDA graph warmup complete
ggml_backend_cuda_graph_compute: CUDA graph warmup complete
ggml_backend_cuda_graph_compute: CUDA graph warmup complete
ggml_backend_cuda_graph_compute: CUDA graph warmup complete
ggml_backend_cuda_graph_compute: CUDA graph warmup complete
ggml_backend_cuda_graph_compute: CUDA graph warmup complete
ggml_backend_cuda_graph_compute: CUDA graph warmup complete
ggml_backend_cuda_graph_compute: CUDA graph warmup complete
ggml_backend_cuda_graph_compute: CUDA graph warmup complete
ggml_backend_cuda_graph_compute: CUDA graph warmup complete
ggml_backend_cuda_graph_compute: CUDA graph warmup complete
ggml_backend_cuda_graph_compute: CUDA graph warmup complete
ggml_backend_cuda_graph_compute: CUDA graph warmup complete
ggml_backend_cuda_graph_compute: CUDA graph warmup complete
ggml_backend_cuda_graph_compute: CUDA graph warmup complete
ggml_backend_cuda_graph_compute: CUDA graph warmup complete
ggml_backend_cuda_graph_compute: CUDA graph warmup complete
ggml_backend_cuda_graph_compute: CUDA graph warmup complete
ggml_backend_cuda_graph_compute: CUDA graph warmup complete
ggml_backend_cuda_graph_compute: CUDA graph warmup complete
ggml_backend_cuda_graph_compute: CUDA graph warmup complete
ggml_backend_cuda_graph_compute: CUDA graph warmup complete
ggml_backend_cuda_graph_compute: CUDA graph warmup complete
ggml_backend_cuda_graph_compute: CUDA graph warmup complete
ggml_backend_cuda_graph_compute: CUDA graph warmup complete
ggml_backend_cuda_graph_compute: CUDA graph warmup complete
ggml_backend_cuda_graph_compute: CUDA graph warmup complete
ggml_backend_cuda_graph_compute: CUDA graph warmup complete
ggml_backend_cuda_graph_compute: CUDA graph warmup complete
ggml_backend_cuda_graph_compute: CUDA graph warmup complete
ggml_backend_cuda_graph_compute: CUDA graph warmup complete
ggml_backend_cuda_graph_compute: CUDA graph warmup complete
prefill 16384/32000prefill 18432/32000ggml_backend_cuda_graph_compute: CUDA graph warmup reset
ggml_backend_cuda_graph_compute: CUDA graph warmup reset
ggml_backend_cuda_graph_compute: CUDA graph warmup reset
ggml_backend_cuda_graph_compute: CUDA graph warmup reset
ggml_backend_cuda_graph_compute: CUDA graph warmup reset
ggml_backend_cuda_graph_compute: CUDA graph warmup reset
ggml_backend_cuda_graph_compute: CUDA graph warmup reset
ggml_backend_cuda_graph_compute: CUDA graph warmup reset
ggml_backend_cuda_graph_compute: CUDA graph warmup reset
ggml_backend_cuda_graph_compute: CUDA graph warmup reset
ggml_backend_cuda_graph_compute: CUDA graph warmup reset
ggml_backend_cuda_graph_compute: CUDA graph warmup reset
ggml_backend_cuda_graph_compute: CUDA graph warmup reset
ggml_backend_cuda_graph_compute: CUDA graph warmup reset
ggml_backend_cuda_graph_compute: CUDA graph warmup reset
ggml_backend_cuda_graph_compute: CUDA graph warmup reset
ggml_backend_cuda_graph_compute: CUDA graph warmup reset
ggml_backend_cuda_graph_compute: CUDA graph warmup reset
ggml_backend_cuda_graph_compute: CUDA graph warmup reset
ggml_backend_cuda_graph_compute: CUDA graph warmup reset
ggml_backend_cuda_graph_compute: CUDA graph warmup reset
ggml_backend_cuda_graph_compute: CUDA graph warmup reset
ggml_backend_cuda_graph_compute: CUDA graph warmup reset
ggml_backend_cuda_graph_compute: CUDA graph warmup reset
ggml_backend_cuda_graph_compute: CUDA graph warmup reset
ggml_backend_cuda_graph_compute: CUDA graph warmup reset
ggml_backend_cuda_graph_compute: CUDA graph warmup reset
ggml_backend_cuda_graph_compute: CUDA graph warmup reset
ggml_backend_cuda_graph_compute: CUDA graph warmup reset
ggml_backend_cuda_graph_compute: CUDA graph warmup reset
ggml_backend_cuda_graph_compute: CUDA graph warmup reset
ggml_backend_cuda_graph_compute: CUDA graph warmup reset
ggml_backend_cuda_graph_compute: CUDA graph warmup reset
ggml_backend_cuda_graph_compute: CUDA graph warmup reset
ggml_backend_cuda_graph_compute: CUDA graph warmup reset
ggml_backend_cuda_graph_compute: CUDA graph warmup reset
ggml_backend_cuda_graph_compute: CUDA graph warmup reset
ggml_backend_cuda_graph_compute: CUDA graph warmup reset
ggml_backend_cuda_graph_compute: CUDA graph warmup reset
ggml_backend_cuda_graph_compute: CUDA graph warmup reset
ggml_backend_cuda_graph_compute: CUDA graph warmup reset
ggml_backend_cuda_graph_compute: CUDA graph warmup reset
ggml_backend_cuda_graph_compute: CUDA graph warmup reset
ggml_backend_cuda_graph_compute: CUDA graph warmup reset
prefill 20480/32000prefill 22528/32000prefill 24576/32000ggml_backend_cuda_graph_compute: CUDA graph warmup complete
ggml_backend_cuda_graph_compute: CUDA graph warmup complete
ggml_backend_cuda_graph_compute: CUDA graph warmup complete
ggml_backend_cuda_graph_compute: CUDA graph warmup complete
ggml_backend_cuda_graph_compute: CUDA graph warmup complete
ggml_backend_cuda_graph_compute: CUDA graph warmup complete
ggml_backend_cuda_graph_compute: CUDA graph warmup complete
ggml_backend_cuda_graph_compute: CUDA graph warmup complete
ggml_backend_cuda_graph_compute: CUDA graph warmup complete
ggml_backend_cuda_graph_compute: CUDA graph warmup complete
ggml_backend_cuda_graph_compute: CUDA graph warmup complete
ggml_backend_cuda_graph_compute: CUDA graph warmup complete
ggml_backend_cuda_graph_compute: CUDA graph warmup complete
ggml_backend_cuda_graph_compute: CUDA graph warmup complete
ggml_backend_cuda_graph_compute: CUDA graph warmup complete
ggml_backend_cuda_graph_compute: CUDA graph warmup complete
ggml_backend_cuda_graph_compute: CUDA graph warmup complete
ggml_backend_cuda_graph_compute: CUDA graph warmup complete
ggml_backend_cuda_graph_compute: CUDA graph warmup complete
ggml_backend_cuda_graph_compute: CUDA graph warmup complete
ggml_backend_cuda_graph_compute: CUDA graph warmup complete
ggml_backend_cuda_graph_compute: CUDA graph warmup complete
ggml_backend_cuda_graph_compute: CUDA graph warmup complete
ggml_backend_cuda_graph_compute: CUDA graph warmup complete
ggml_backend_cuda_graph_compute: CUDA graph warmup complete
ggml_backend_cuda_graph_compute: CUDA graph warmup complete
ggml_backend_cuda_graph_compute: CUDA graph warmup complete
ggml_backend_cuda_graph_compute: CUDA graph warmup complete
ggml_backend_cuda_graph_compute: CUDA graph warmup complete
ggml_backend_cuda_graph_compute: CUDA graph warmup complete
ggml_backend_cuda_graph_compute: CUDA graph warmup complete
ggml_backend_cuda_graph_compute: CUDA graph warmup complete
ggml_backend_cuda_graph_compute: CUDA graph warmup complete
ggml_backend_cuda_graph_compute: CUDA graph warmup complete
ggml_backend_cuda_graph_compute: CUDA graph warmup complete
ggml_backend_cuda_graph_compute: CUDA graph warmup complete
ggml_backend_cuda_graph_compute: CUDA graph warmup complete
ggml_backend_cuda_graph_compute: CUDA graph warmup complete
ggml_backend_cuda_graph_compute: CUDA graph warmup complete
ggml_backend_cuda_graph_compute: CUDA graph warmup complete
ggml_backend_cuda_graph_compute: CUDA graph warmup complete
ggml_backend_cuda_graph_compute: CUDA graph warmup complete
ggml_backend_cuda_graph_compute: CUDA graph warmup complete
ggml_backend_cuda_graph_compute: CUDA graph warmup complete
prefill 26624/32000prefill 28672/32000prefill 30720/32000ggml_backend_cuda_graph_compute: CUDA graph warmup reset
ggml_backend_cuda_graph_compute: CUDA graph warmup reset
ggml_backend_cuda_graph_compute: CUDA graph warmup reset
ggml_backend_cuda_graph_compute: CUDA graph warmup reset
ggml_backend_cuda_graph_compute: CUDA graph warmup reset
ggml_backend_cuda_graph_compute: CUDA graph warmup reset
ggml_backend_cuda_graph_compute: CUDA graph warmup reset
ggml_backend_cuda_graph_compute: CUDA graph warmup reset
ggml_backend_cuda_graph_compute: CUDA graph warmup reset
ggml_backend_cuda_graph_compute: CUDA graph warmup reset
ggml_backend_cuda_graph_compute: CUDA graph warmup reset
ggml_backend_cuda_graph_compute: CUDA graph warmup reset
ggml_backend_cuda_graph_compute: CUDA graph warmup reset
ggml_backend_cuda_graph_compute: CUDA graph warmup reset
ggml_backend_cuda_graph_compute: CUDA graph warmup reset
ggml_backend_cuda_graph_compute: CUDA graph warmup reset
ggml_backend_cuda_graph_compute: CUDA graph warmup reset
prefill 32000/32000
prefill 67.6 s (473.1 tok/s, tracing on)
ggml_backend_cuda_graph_compute: CUDA graph warmup complete
ggml_backend_cuda_graph_compute: CUDA graph warmup complete
ggml_backend_cuda_graph_compute: CUDA graph warmup complete
ggml_backend_cuda_graph_compute: CUDA graph warmup complete
ggml_backend_cuda_graph_compute: CUDA graph warmup complete
ggml_backend_cuda_graph_compute: CUDA graph warmup complete
ggml_backend_cuda_graph_compute: CUDA graph warmup complete
ggml_backend_cuda_graph_compute: CUDA graph warmup complete
ggml_backend_cuda_graph_compute: CUDA graph warmup complete
ggml_backend_cuda_graph_compute: CUDA graph warmup complete
ggml_backend_cuda_graph_compute: CUDA graph warmup complete
ggml_backend_cuda_graph_compute: CUDA graph warmup complete
ggml_backend_cuda_graph_compute: CUDA graph warmup complete
ggml_backend_cuda_graph_compute: CUDA graph warmup complete
ggml_backend_cuda_graph_compute: CUDA graph warmup complete
ggml_backend_cuda_graph_compute: CUDA graph warmup complete
ggml_backend_cuda_graph_compute: CUDA graph warmup complete
ggml_backend_cuda_graph_compute: CUDA graph warmup complete
ggml_backend_cuda_graph_compute: CUDA graph warmup complete
ggml_backend_cuda_graph_compute: CUDA graph warmup complete
ggml_backend_cuda_graph_compute: CUDA graph warmup complete
ggml_backend_cuda_graph_compute: CUDA graph warmup complete
ggml_backend_cuda_graph_compute: CUDA graph warmup complete
ggml_backend_cuda_graph_compute: CUDA graph warmup complete
ggml_backend_cuda_graph_compute: CUDA graph warmup complete
ggml_backend_cuda_graph_compute: CUDA graph warmup complete
ggml_backend_cuda_graph_compute: CUDA graph warmup complete
ggml_backend_cuda_graph_compute: CUDA graph warmup complete
ggml_backend_cuda_graph_compute: CUDA graph warmup complete
ggml_backend_cuda_graph_compute: CUDA graph warmup complete
ggml_backend_cuda_graph_compute: CUDA graph warmup complete
ggml_backend_cuda_graph_compute: CUDA graph warmup complete
ggml_backend_cuda_graph_compute: CUDA graph warmup complete
ggml_backend_cuda_graph_compute: CUDA graph warmup complete
ggml_backend_cuda_graph_compute: CUDA graph warmup complete
ggml_backend_cuda_graph_compute: CUDA graph warmup complete
ggml_backend_cuda_graph_compute: CUDA graph warmup complete
ggml_backend_cuda_graph_compute: CUDA graph warmup complete
ggml_backend_cuda_graph_compute: CUDA graph warmup complete
ggml_backend_cuda_graph_compute: CUDA graph warmup complete
ggml_backend_cuda_graph_compute: CUDA graph warmup complete
ggml_backend_cuda_graph_compute: CUDA graph warmup complete
ggml_backend_cuda_graph_compute: CUDA graph warmup complete
ggml_backend_cuda_graph_compute: CUDA graph warmup complete
ggml_backend_cuda_graph_compute: CUDA graph warmup complete
ggml_backend_cuda_graph_compute: CUDA graph warmup complete
ggml_backend_cuda_graph_compute: CUDA graph warmup complete
ggml_backend_cuda_graph_compute: CUDA graph warmup complete
ggml_backend_cuda_graph_compute: CUDA graph warmup complete
ggml_backend_cuda_graph_compute: CUDA graph warmup complete
ggml_backend_cuda_graph_compute: CUDA graph warmup complete
ggml_backend_cuda_graph_compute: CUDA graph warmup complete
ggml_backend_cuda_graph_compute: CUDA graph warmup complete
ggml_backend_cuda_graph_compute: CUDA graph warmup complete
ggml_backend_cuda_graph_compute: CUDA graph warmup complete
ggml_backend_cuda_graph_compute: CUDA graph warmup complete
ggml_backend_cuda_graph_compute: CUDA graph warmup complete
ggml_backend_cuda_graph_compute: CUDA graph warmup complete
ggml_backend_cuda_graph_compute: CUDA graph warmup complete
ggml_backend_cuda_graph_compute: CUDA graph warmup complete
ggml_backend_cuda_graph_compute: CUDA graph warmup complete
ggml_backend_cuda_graph_compute: CUDA graph warmup complete
ggml_backend_cuda_graph_compute: CUDA graph warmup complete
ggml_backend_cuda_graph_compute: CUDA graph warmup complete
ggml_backend_cuda_graph_compute: CUDA graph warmup complete
ggml_backend_cuda_graph_compute: CUDA graph warmup complete
ggml_backend_cuda_graph_compute: CUDA graph warmup complete
ggml_backend_cuda_graph_compute: CUDA graph warmup complete
ggml_backend_cuda_graph_compute: CUDA graph warmup complete
ggml_backend_cuda_graph_compute: CUDA graph warmup complete
ggml_backend_cuda_graph_compute: CUDA graph warmup complete
ggml_backend_cuda_graph_compute: CUDA graph warmup complete
ggml_backend_cuda_graph_compute: CUDA graph warmup complete
ggml_backend_cuda_graph_compute: CUDA graph warmup complete
ggml_backend_cuda_graph_compute: CUDA graph warmup complete
ggml_backend_cuda_graph_compute: CUDA graph warmup complete
ggml_backend_cuda_graph_compute: CUDA graph warmup complete
ggml_backend_cuda_graph_compute: CUDA graph warmup complete
ggml_backend_cuda_graph_compute: CUDA graph warmup complete
ggml_backend_cuda_graph_compute: CUDA graph warmup complete
ggml_backend_cuda_graph_compute: CUDA graph warmup complete
ggml_backend_cuda_graph_compute: CUDA graph warmup complete
ggml_backend_cuda_graph_compute: CUDA graph warmup complete
ggml_backend_cuda_graph_compute: CUDA graph warmup complete
ggml_backend_cuda_graph_compute: CUDA graph warmup complete
ggml_backend_cuda_graph_compute: CUDA graph warmup complete
ggml_backend_cuda_graph_compute: CUDA graph warmup complete
ggml_backend_cuda_graph_compute: CUDA graph warmup complete
ggml_backend_cuda_graph_compute: CUDA graph warmup complete
ggml_backend_cuda_graph_compute: CUDA graph warmup complete
ggml_backend_cuda_graph_compute: CUDA graph warmup complete
ggml_backend_cuda_graph_compute: CUDA graph warmup complete
ggml_backend_cuda_graph_compute: CUDA graph warmup complete
ggml_backend_cuda_graph_compute: CUDA graph warmup complete
ggml_backend_cuda_graph_compute: CUDA graph warmup complete
ggml_backend_cuda_graph_compute: CUDA graph warmup complete
ggml_backend_cuda_graph_compute: CUDA graph warmup complete
ggml_backend_cuda_graph_compute: CUDA graph warmup complete
ggml_backend_cuda_graph_compute: CUDA graph warmup complete
ggml_backend_cuda_graph_compute: CUDA graph warmup complete
ggml_backend_cuda_graph_compute: CUDA graph warmup complete
ggml_backend_cuda_graph_compute: CUDA graph warmup complete
ggml_backend_cuda_graph_compute: CUDA graph warmup complete
ggml_backend_cuda_graph_compute: CUDA graph warmup complete
ggml_backend_cuda_graph_compute: CUDA graph warmup complete
ggml_backend_cuda_graph_compute: CUDA graph warmup complete
ggml_backend_cuda_graph_compute: CUDA graph warmup complete
ggml_backend_cuda_graph_compute: CUDA graph warmup complete
ggml_backend_cuda_graph_compute: CUDA graph warmup complete
ggml_backend_cuda_graph_compute: CUDA graph warmup complete
ggml_backend_cuda_graph_compute: CUDA graph warmup complete
ggml_backend_cuda_graph_compute: CUDA graph warmup complete
ggml_backend_cuda_graph_compute: CUDA graph warmup complete
ggml_backend_cuda_graph_compute: CUDA graph warmup complete
ggml_backend_cuda_graph_compute: CUDA graph warmup complete
ggml_backend_cuda_graph_compute: CUDA graph warmup complete
ggml_backend_cuda_graph_compute: CUDA graph warmup complete
ggml_backend_cuda_graph_compute: CUDA graph warmup complete
ggml_backend_cuda_graph_compute: CUDA graph warmup complete
ggml_backend_cuda_graph_compute: CUDA graph warmup complete
ggml_backend_cuda_graph_compute: CUDA graph warmup complete
ggml_backend_cuda_graph_compute: CUDA graph warmup complete
ggml_backend_cuda_graph_compute: CUDA graph warmup complete
ggml_backend_cuda_graph_compute: CUDA graph warmup complete
ggml_backend_cuda_graph_compute: CUDA graph warmup complete
ggml_backend_cuda_graph_compute: CUDA graph warmup complete
ggml_backend_cuda_graph_compute: CUDA graph warmup complete
ggml_backend_cuda_graph_compute: CUDA graph warmup complete
ggml_backend_cuda_graph_compute: CUDA graph warmup complete
ggml_backend_cuda_graph_compute: CUDA graph warmup complete
ggml_backend_cuda_graph_compute: CUDA graph warmup complete
ggml_backend_cuda_graph_compute: CUDA graph warmup complete
ggml_backend_cuda_graph_compute: CUDA graph warmup complete
ggml_backend_cuda_graph_compute: CUDA graph warmup complete
ggml_backend_cuda_graph_compute: CUDA graph warmup complete
ggml_backend_cuda_graph_compute: CUDA graph warmup complete
ggml_backend_cuda_graph_compute: CUDA graph warmup complete
ggml_backend_cuda_graph_compute: CUDA graph warmup complete
ggml_backend_cuda_graph_compute: CUDA graph warmup complete
ggml_backend_cuda_graph_compute: CUDA graph warmup complete
ggml_backend_cuda_graph_compute: CUDA graph warmup complete
ggml_backend_cuda_graph_compute: CUDA graph warmup complete
ggml_backend_cuda_graph_compute: CUDA graph warmup complete
ggml_backend_cuda_graph_compute: CUDA graph warmup complete
ggml_backend_cuda_graph_compute: CUDA graph warmup complete
ggml_backend_cuda_graph_compute: CUDA graph warmup complete
ggml_backend_cuda_graph_compute: CUDA graph warmup complete
ggml_backend_cuda_graph_compute: CUDA graph warmup complete
ggml_backend_cuda_graph_compute: CUDA graph warmup complete
ggml_backend_cuda_graph_compute: CUDA graph warmup complete
ggml_backend_cuda_graph_compute: CUDA graph warmup complete
ggml_backend_cuda_graph_compute: CUDA graph warmup complete
ggml_backend_cuda_graph_compute: CUDA graph warmup complete
ggml_backend_cuda_graph_compute: CUDA graph warmup complete
ggml_backend_cuda_graph_compute: CUDA graph warmup complete
ggml_backend_cuda_graph_compute: CUDA graph warmup complete
ggml_backend_cuda_graph_compute: CUDA graph warmup complete
decode 64/2048decode 128/2048decode 192/2048decode 256/2048ggml_backend_cuda_graph_compute: CUDA graph warmup reset
ggml_backend_cuda_graph_compute: CUDA graph warmup reset
ggml_backend_cuda_graph_compute: CUDA graph warmup reset
ggml_backend_cuda_graph_compute: CUDA graph warmup reset
ggml_backend_cuda_graph_compute: CUDA graph warmup reset
ggml_backend_cuda_graph_compute: CUDA graph warmup reset
ggml_backend_cuda_graph_compute: CUDA graph warmup reset
ggml_backend_cuda_graph_compute: CUDA graph warmup reset
ggml_backend_cuda_graph_compute: CUDA graph warmup reset
ggml_backend_cuda_graph_compute: CUDA graph warmup reset
ggml_backend_cuda_graph_compute: CUDA graph warmup reset
ggml_backend_cuda_graph_compute: CUDA graph warmup reset
ggml_backend_cuda_graph_compute: CUDA graph warmup reset
ggml_backend_cuda_graph_compute: CUDA graph warmup reset
ggml_backend_cuda_graph_compute: CUDA graph warmup reset
ggml_backend_cuda_graph_compute: CUDA graph warmup reset
ggml_backend_cuda_graph_compute: CUDA graph warmup reset
ggml_backend_cuda_graph_compute: CUDA graph warmup reset
ggml_backend_cuda_graph_compute: CUDA graph warmup reset
ggml_backend_cuda_graph_compute: CUDA graph warmup reset
ggml_backend_cuda_graph_compute: CUDA graph warmup reset
ggml_backend_cuda_graph_compute: CUDA graph warmup reset
ggml_backend_cuda_graph_compute: CUDA graph warmup reset
ggml_backend_cuda_graph_compute: CUDA graph warmup reset
ggml_backend_cuda_graph_compute: CUDA graph warmup reset
ggml_backend_cuda_graph_compute: CUDA graph warmup reset
ggml_backend_cuda_graph_compute: CUDA graph warmup reset
ggml_backend_cuda_graph_compute: CUDA graph warmup reset
ggml_backend_cuda_graph_compute: CUDA graph warmup reset
ggml_backend_cuda_graph_compute: CUDA graph warmup reset
ggml_backend_cuda_graph_compute: CUDA graph warmup reset
ggml_backend_cuda_graph_compute: CUDA graph warmup reset
ggml_backend_cuda_graph_compute: CUDA graph warmup reset
ggml_backend_cuda_graph_compute: CUDA graph warmup reset
ggml_backend_cuda_graph_compute: CUDA graph warmup reset
ggml_backend_cuda_graph_compute: CUDA graph warmup reset
ggml_backend_cuda_graph_compute: CUDA graph warmup reset
ggml_backend_cuda_graph_compute: CUDA graph warmup reset
ggml_backend_cuda_graph_compute: CUDA graph warmup reset
ggml_backend_cuda_graph_compute: CUDA graph warmup reset
ggml_backend_cuda_graph_compute: CUDA graph warmup reset
ggml_backend_cuda_graph_compute: CUDA graph warmup reset
ggml_backend_cuda_graph_compute: CUDA graph warmup reset
ggml_backend_cuda_graph_compute: CUDA graph warmup reset
ggml_backend_cuda_graph_compute: CUDA graph warmup reset
ggml_backend_cuda_graph_compute: CUDA graph warmup reset
ggml_backend_cuda_graph_compute: CUDA graph warmup reset
ggml_backend_cuda_graph_compute: CUDA graph warmup reset
ggml_backend_cuda_graph_compute: CUDA graph warmup reset
ggml_backend_cuda_graph_compute: CUDA graph warmup reset
ggml_backend_cuda_graph_compute: CUDA graph warmup reset
ggml_backend_cuda_graph_compute: CUDA graph warmup reset
ggml_backend_cuda_graph_compute: CUDA graph warmup reset
ggml_backend_cuda_graph_compute: CUDA graph warmup reset
ggml_backend_cuda_graph_compute: CUDA graph warmup reset
ggml_backend_cuda_graph_compute: CUDA graph warmup reset
ggml_backend_cuda_graph_compute: CUDA graph warmup reset
ggml_backend_cuda_graph_compute: CUDA graph warmup complete
ggml_backend_cuda_graph_compute: CUDA graph warmup complete
ggml_backend_cuda_graph_compute: CUDA graph warmup complete
ggml_backend_cuda_graph_compute: CUDA graph warmup complete
ggml_backend_cuda_graph_compute: CUDA graph warmup complete
ggml_backend_cuda_graph_compute: CUDA graph warmup complete
ggml_backend_cuda_graph_compute: CUDA graph warmup complete
ggml_backend_cuda_graph_compute: CUDA graph warmup complete
ggml_backend_cuda_graph_compute: CUDA graph warmup complete
ggml_backend_cuda_graph_compute: CUDA graph warmup complete
ggml_backend_cuda_graph_compute: CUDA graph warmup complete
ggml_backend_cuda_graph_compute: CUDA graph warmup complete
ggml_backend_cuda_graph_compute: CUDA graph warmup complete
ggml_backend_cuda_graph_compute: CUDA graph warmup complete
ggml_backend_cuda_graph_compute: CUDA graph warmup complete
ggml_backend_cuda_graph_compute: CUDA graph warmup complete
ggml_backend_cuda_graph_compute: CUDA graph warmup complete
ggml_backend_cuda_graph_compute: CUDA graph warmup complete
ggml_backend_cuda_graph_compute: CUDA graph warmup complete
ggml_backend_cuda_graph_compute: CUDA graph warmup complete
ggml_backend_cuda_graph_compute: CUDA graph warmup complete
ggml_backend_cuda_graph_compute: CUDA graph warmup complete
ggml_backend_cuda_graph_compute: CUDA graph warmup complete
ggml_backend_cuda_graph_compute: CUDA graph warmup complete
ggml_backend_cuda_graph_compute: CUDA graph warmup complete
ggml_backend_cuda_graph_compute: CUDA graph warmup complete
ggml_backend_cuda_graph_compute: CUDA graph warmup complete
ggml_backend_cuda_graph_compute: CUDA graph warmup complete
ggml_backend_cuda_graph_compute: CUDA graph warmup complete
ggml_backend_cuda_graph_compute: CUDA graph warmup complete
ggml_backend_cuda_graph_compute: CUDA graph warmup complete
ggml_backend_cuda_graph_compute: CUDA graph warmup complete
ggml_backend_cuda_graph_compute: CUDA graph warmup complete
ggml_backend_cuda_graph_compute: CUDA graph warmup complete
ggml_backend_cuda_graph_compute: CUDA graph warmup complete
ggml_backend_cuda_graph_compute: CUDA graph warmup complete
ggml_backend_cuda_graph_compute: CUDA graph warmup complete
ggml_backend_cuda_graph_compute: CUDA graph warmup complete
ggml_backend_cuda_graph_compute: CUDA graph warmup complete
ggml_backend_cuda_graph_compute: CUDA graph warmup complete
ggml_backend_cuda_graph_compute: CUDA graph warmup complete
ggml_backend_cuda_graph_compute: CUDA graph warmup complete
ggml_backend_cuda_graph_compute: CUDA graph warmup complete
ggml_backend_cuda_graph_compute: CUDA graph warmup complete
ggml_backend_cuda_graph_compute: CUDA graph warmup complete
ggml_backend_cuda_graph_compute: CUDA graph warmup complete
ggml_backend_cuda_graph_compute: CUDA graph warmup complete
ggml_backend_cuda_graph_compute: CUDA graph warmup complete
ggml_backend_cuda_graph_compute: CUDA graph warmup complete
ggml_backend_cuda_graph_compute: CUDA graph warmup complete
ggml_backend_cuda_graph_compute: CUDA graph warmup complete
ggml_backend_cuda_graph_compute: CUDA graph warmup complete
ggml_backend_cuda_graph_compute: CUDA graph warmup complete
ggml_backend_cuda_graph_compute: CUDA graph warmup complete
ggml_backend_cuda_graph_compute: CUDA graph warmup complete
ggml_backend_cuda_graph_compute: CUDA graph warmup complete
ggml_backend_cuda_graph_compute: CUDA graph warmup complete
decode 320/2048decode 384/2048decode 448/2048decode 512/2048ggml_backend_cuda_graph_compute: CUDA graph warmup reset
ggml_backend_cuda_graph_compute: CUDA graph warmup reset
ggml_backend_cuda_graph_compute: CUDA graph warmup reset
ggml_backend_cuda_graph_compute: CUDA graph warmup reset
ggml_backend_cuda_graph_compute: CUDA graph warmup reset
ggml_backend_cuda_graph_compute: CUDA graph warmup reset
ggml_backend_cuda_graph_compute: CUDA graph warmup reset
ggml_backend_cuda_graph_compute: CUDA graph warmup reset
ggml_backend_cuda_graph_compute: CUDA graph warmup reset
ggml_backend_cuda_graph_compute: CUDA graph warmup reset
ggml_backend_cuda_graph_compute: CUDA graph warmup reset
ggml_backend_cuda_graph_compute: CUDA graph warmup reset
ggml_backend_cuda_graph_compute: CUDA graph warmup reset
ggml_backend_cuda_graph_compute: CUDA graph warmup reset
ggml_backend_cuda_graph_compute: CUDA graph warmup reset
ggml_backend_cuda_graph_compute: CUDA graph warmup reset
ggml_backend_cuda_graph_compute: CUDA graph warmup reset
ggml_backend_cuda_graph_compute: CUDA graph warmup reset
ggml_backend_cuda_graph_compute: CUDA graph warmup reset
ggml_backend_cuda_graph_compute: CUDA graph warmup reset
ggml_backend_cuda_graph_compute: CUDA graph warmup reset
ggml_backend_cuda_graph_compute: CUDA graph warmup reset
ggml_backend_cuda_graph_compute: CUDA graph warmup reset
ggml_backend_cuda_graph_compute: CUDA graph warmup reset
ggml_backend_cuda_graph_compute: CUDA graph warmup reset
ggml_backend_cuda_graph_compute: CUDA graph warmup reset
ggml_backend_cuda_graph_compute: CUDA graph warmup reset
ggml_backend_cuda_graph_compute: CUDA graph warmup reset
ggml_backend_cuda_graph_compute: CUDA graph warmup reset
ggml_backend_cuda_graph_compute: CUDA graph warmup reset
ggml_backend_cuda_graph_compute: CUDA graph warmup reset
ggml_backend_cuda_graph_compute: CUDA graph warmup reset
ggml_backend_cuda_graph_compute: CUDA graph warmup reset
ggml_backend_cuda_graph_compute: CUDA graph warmup reset
ggml_backend_cuda_graph_compute: CUDA graph warmup reset
ggml_backend_cuda_graph_compute: CUDA graph warmup reset
ggml_backend_cuda_graph_compute: CUDA graph warmup reset
ggml_backend_cuda_graph_compute: CUDA graph warmup reset
ggml_backend_cuda_graph_compute: CUDA graph warmup reset
ggml_backend_cuda_graph_compute: CUDA graph warmup reset
ggml_backend_cuda_graph_compute: CUDA graph warmup reset
ggml_backend_cuda_graph_compute: CUDA graph warmup reset
ggml_backend_cuda_graph_compute: CUDA graph warmup reset
ggml_backend_cuda_graph_compute: CUDA graph warmup reset
ggml_backend_cuda_graph_compute: CUDA graph warmup reset
ggml_backend_cuda_graph_compute: CUDA graph warmup reset
ggml_backend_cuda_graph_compute: CUDA graph warmup reset
ggml_backend_cuda_graph_compute: CUDA graph warmup reset
ggml_backend_cuda_graph_compute: CUDA graph warmup reset
ggml_backend_cuda_graph_compute: CUDA graph warmup reset
ggml_backend_cuda_graph_compute: CUDA graph warmup reset
ggml_backend_cuda_graph_compute: CUDA graph warmup reset
ggml_backend_cuda_graph_compute: CUDA graph warmup reset
ggml_backend_cuda_graph_compute: CUDA graph warmup reset
ggml_backend_cuda_graph_compute: CUDA graph warmup reset
ggml_backend_cuda_graph_compute: CUDA graph warmup reset
ggml_backend_cuda_graph_compute: CUDA graph warmup reset
ggml_backend_cuda_graph_compute: CUDA graph warmup complete
ggml_backend_cuda_graph_compute: CUDA graph warmup complete
ggml_backend_cuda_graph_compute: CUDA graph warmup complete
ggml_backend_cuda_graph_compute: CUDA graph warmup complete
ggml_backend_cuda_graph_compute: CUDA graph warmup complete
ggml_backend_cuda_graph_compute: CUDA graph warmup complete
ggml_backend_cuda_graph_compute: CUDA graph warmup complete
ggml_backend_cuda_graph_compute: CUDA graph warmup complete
ggml_backend_cuda_graph_compute: CUDA graph warmup complete
ggml_backend_cuda_graph_compute: CUDA graph warmup complete
ggml_backend_cuda_graph_compute: CUDA graph warmup complete
ggml_backend_cuda_graph_compute: CUDA graph warmup complete
ggml_backend_cuda_graph_compute: CUDA graph warmup complete
ggml_backend_cuda_graph_compute: CUDA graph warmup complete
ggml_backend_cuda_graph_compute: CUDA graph warmup complete
ggml_backend_cuda_graph_compute: CUDA graph warmup complete
ggml_backend_cuda_graph_compute: CUDA graph warmup complete
ggml_backend_cuda_graph_compute: CUDA graph warmup complete
ggml_backend_cuda_graph_compute: CUDA graph warmup complete
ggml_backend_cuda_graph_compute: CUDA graph warmup complete
ggml_backend_cuda_graph_compute: CUDA graph warmup complete
ggml_backend_cuda_graph_compute: CUDA graph warmup complete
ggml_backend_cuda_graph_compute: CUDA graph warmup complete
ggml_backend_cuda_graph_compute: CUDA graph warmup complete
ggml_backend_cuda_graph_compute: CUDA graph warmup complete
ggml_backend_cuda_graph_compute: CUDA graph warmup complete
ggml_backend_cuda_graph_compute: CUDA graph warmup complete
ggml_backend_cuda_graph_compute: CUDA graph warmup complete
ggml_backend_cuda_graph_compute: CUDA graph warmup complete
ggml_backend_cuda_graph_compute: CUDA graph warmup complete
ggml_backend_cuda_graph_compute: CUDA graph warmup complete
ggml_backend_cuda_graph_compute: CUDA graph warmup complete
ggml_backend_cuda_graph_compute: CUDA graph warmup complete
ggml_backend_cuda_graph_compute: CUDA graph warmup complete
ggml_backend_cuda_graph_compute: CUDA graph warmup complete
ggml_backend_cuda_graph_compute: CUDA graph warmup complete
ggml_backend_cuda_graph_compute: CUDA graph warmup complete
ggml_backend_cuda_graph_compute: CUDA graph warmup complete
ggml_backend_cuda_graph_compute: CUDA graph warmup complete
ggml_backend_cuda_graph_compute: CUDA graph warmup complete
ggml_backend_cuda_graph_compute: CUDA graph warmup complete
ggml_backend_cuda_graph_compute: CUDA graph warmup complete
ggml_backend_cuda_graph_compute: CUDA graph warmup complete
ggml_backend_cuda_graph_compute: CUDA graph warmup complete
ggml_backend_cuda_graph_compute: CUDA graph warmup complete
ggml_backend_cuda_graph_compute: CUDA graph warmup complete
ggml_backend_cuda_graph_compute: CUDA graph warmup complete
ggml_backend_cuda_graph_compute: CUDA graph warmup complete
ggml_backend_cuda_graph_compute: CUDA graph warmup complete
ggml_backend_cuda_graph_compute: CUDA graph warmup complete
ggml_backend_cuda_graph_compute: CUDA graph warmup complete
ggml_backend_cuda_graph_compute: CUDA graph warmup complete
ggml_backend_cuda_graph_compute: CUDA graph warmup complete
ggml_backend_cuda_graph_compute: CUDA graph warmup complete
ggml_backend_cuda_graph_compute: CUDA graph warmup complete
ggml_backend_cuda_graph_compute: CUDA graph warmup complete
ggml_backend_cuda_graph_compute: CUDA graph warmup complete
decode 576/2048decode 640/2048decode 704/2048decode 768/2048ggml_backend_cuda_graph_compute: CUDA graph warmup reset
ggml_backend_cuda_graph_compute: CUDA graph warmup reset
ggml_backend_cuda_graph_compute: CUDA graph warmup reset
ggml_backend_cuda_graph_compute: CUDA graph warmup reset
ggml_backend_cuda_graph_compute: CUDA graph warmup reset
ggml_backend_cuda_graph_compute: CUDA graph warmup reset
ggml_backend_cuda_graph_compute: CUDA graph warmup reset
ggml_backend_cuda_graph_compute: CUDA graph warmup reset
ggml_backend_cuda_graph_compute: CUDA graph warmup reset
ggml_backend_cuda_graph_compute: CUDA graph warmup reset
ggml_backend_cuda_graph_compute: CUDA graph warmup reset
ggml_backend_cuda_graph_compute: CUDA graph warmup reset
ggml_backend_cuda_graph_compute: CUDA graph warmup reset
ggml_backend_cuda_graph_compute: CUDA graph warmup reset
ggml_backend_cuda_graph_compute: CUDA graph warmup reset
ggml_backend_cuda_graph_compute: CUDA graph warmup reset
ggml_backend_cuda_graph_compute: CUDA graph warmup reset
ggml_backend_cuda_graph_compute: CUDA graph warmup reset
ggml_backend_cuda_graph_compute: CUDA graph warmup reset
ggml_backend_cuda_graph_compute: CUDA graph warmup reset
ggml_backend_cuda_graph_compute: CUDA graph warmup reset
ggml_backend_cuda_graph_compute: CUDA graph warmup reset
ggml_backend_cuda_graph_compute: CUDA graph warmup reset
ggml_backend_cuda_graph_compute: CUDA graph warmup reset
ggml_backend_cuda_graph_compute: CUDA graph warmup reset
ggml_backend_cuda_graph_compute: CUDA graph warmup reset
ggml_backend_cuda_graph_compute: CUDA graph warmup reset
ggml_backend_cuda_graph_compute: CUDA graph warmup reset
ggml_backend_cuda_graph_compute: CUDA graph warmup reset
ggml_backend_cuda_graph_compute: CUDA graph warmup reset
ggml_backend_cuda_graph_compute: CUDA graph warmup reset
ggml_backend_cuda_graph_compute: CUDA graph warmup reset
ggml_backend_cuda_graph_compute: CUDA graph warmup reset
ggml_backend_cuda_graph_compute: CUDA graph warmup reset
ggml_backend_cuda_graph_compute: CUDA graph warmup reset
ggml_backend_cuda_graph_compute: CUDA graph warmup reset
ggml_backend_cuda_graph_compute: CUDA graph warmup reset
ggml_backend_cuda_graph_compute: CUDA graph warmup reset
ggml_backend_cuda_graph_compute: CUDA graph warmup reset
ggml_backend_cuda_graph_compute: CUDA graph warmup reset
ggml_backend_cuda_graph_compute: CUDA graph warmup reset
ggml_backend_cuda_graph_compute: CUDA graph warmup reset
ggml_backend_cuda_graph_compute: CUDA graph warmup reset
ggml_backend_cuda_graph_compute: CUDA graph warmup reset
ggml_backend_cuda_graph_compute: CUDA graph warmup reset
ggml_backend_cuda_graph_compute: CUDA graph warmup reset
ggml_backend_cuda_graph_compute: CUDA graph warmup reset
ggml_backend_cuda_graph_compute: CUDA graph warmup reset
ggml_backend_cuda_graph_compute: CUDA graph warmup reset
ggml_backend_cuda_graph_compute: CUDA graph warmup reset
ggml_backend_cuda_graph_compute: CUDA graph warmup reset
ggml_backend_cuda_graph_compute: CUDA graph warmup reset
ggml_backend_cuda_graph_compute: CUDA graph warmup reset
ggml_backend_cuda_graph_compute: CUDA graph warmup reset
ggml_backend_cuda_graph_compute: CUDA graph warmup reset
ggml_backend_cuda_graph_compute: CUDA graph warmup reset
ggml_backend_cuda_graph_compute: CUDA graph warmup reset
ggml_backend_cuda_graph_compute: CUDA graph warmup complete
ggml_backend_cuda_graph_compute: CUDA graph warmup complete
ggml_backend_cuda_graph_compute: CUDA graph warmup complete
ggml_backend_cuda_graph_compute: CUDA graph warmup complete
ggml_backend_cuda_graph_compute: CUDA graph warmup complete
ggml_backend_cuda_graph_compute: CUDA graph warmup complete
ggml_backend_cuda_graph_compute: CUDA graph warmup complete
ggml_backend_cuda_graph_compute: CUDA graph warmup complete
ggml_backend_cuda_graph_compute: CUDA graph warmup complete
ggml_backend_cuda_graph_compute: CUDA graph warmup complete
ggml_backend_cuda_graph_compute: CUDA graph warmup complete
ggml_backend_cuda_graph_compute: CUDA graph warmup complete
ggml_backend_cuda_graph_compute: CUDA graph warmup complete
ggml_backend_cuda_graph_compute: CUDA graph warmup complete
ggml_backend_cuda_graph_compute: CUDA graph warmup complete
ggml_backend_cuda_graph_compute: CUDA graph warmup complete
ggml_backend_cuda_graph_compute: CUDA graph warmup complete
ggml_backend_cuda_graph_compute: CUDA graph warmup complete
ggml_backend_cuda_graph_compute: CUDA graph warmup complete
ggml_backend_cuda_graph_compute: CUDA graph warmup complete
ggml_backend_cuda_graph_compute: CUDA graph warmup complete
ggml_backend_cuda_graph_compute: CUDA graph warmup complete
ggml_backend_cuda_graph_compute: CUDA graph warmup complete
ggml_backend_cuda_graph_compute: CUDA graph warmup complete
ggml_backend_cuda_graph_compute: CUDA graph warmup complete
ggml_backend_cuda_graph_compute: CUDA graph warmup complete
ggml_backend_cuda_graph_compute: CUDA graph warmup complete
ggml_backend_cuda_graph_compute: CUDA graph warmup complete
ggml_backend_cuda_graph_compute: CUDA graph warmup complete
ggml_backend_cuda_graph_compute: CUDA graph warmup complete
ggml_backend_cuda_graph_compute: CUDA graph warmup complete
ggml_backend_cuda_graph_compute: CUDA graph warmup complete
ggml_backend_cuda_graph_compute: CUDA graph warmup complete
ggml_backend_cuda_graph_compute: CUDA graph warmup complete
ggml_backend_cuda_graph_compute: CUDA graph warmup complete
ggml_backend_cuda_graph_compute: CUDA graph warmup complete
ggml_backend_cuda_graph_compute: CUDA graph warmup complete
ggml_backend_cuda_graph_compute: CUDA graph warmup complete
ggml_backend_cuda_graph_compute: CUDA graph warmup complete
ggml_backend_cuda_graph_compute: CUDA graph warmup complete
ggml_backend_cuda_graph_compute: CUDA graph warmup complete
ggml_backend_cuda_graph_compute: CUDA graph warmup complete
ggml_backend_cuda_graph_compute: CUDA graph warmup complete
ggml_backend_cuda_graph_compute: CUDA graph warmup complete
ggml_backend_cuda_graph_compute: CUDA graph warmup complete
ggml_backend_cuda_graph_compute: CUDA graph warmup complete
ggml_backend_cuda_graph_compute: CUDA graph warmup complete
ggml_backend_cuda_graph_compute: CUDA graph warmup complete
ggml_backend_cuda_graph_compute: CUDA graph warmup complete
ggml_backend_cuda_graph_compute: CUDA graph warmup complete
ggml_backend_cuda_graph_compute: CUDA graph warmup complete
ggml_backend_cuda_graph_compute: CUDA graph warmup complete
ggml_backend_cuda_graph_compute: CUDA graph warmup complete
ggml_backend_cuda_graph_compute: CUDA graph warmup complete
ggml_backend_cuda_graph_compute: CUDA graph warmup complete
ggml_backend_cuda_graph_compute: CUDA graph warmup complete
ggml_backend_cuda_graph_compute: CUDA graph warmup complete
decode 832/2048decode 896/2048decode 960/2048decode 1024/2048ggml_backend_cuda_graph_compute: CUDA graph warmup reset
ggml_backend_cuda_graph_compute: CUDA graph warmup reset
ggml_backend_cuda_graph_compute: CUDA graph warmup reset
ggml_backend_cuda_graph_compute: CUDA graph warmup reset
ggml_backend_cuda_graph_compute: CUDA graph warmup reset
ggml_backend_cuda_graph_compute: CUDA graph warmup reset
ggml_backend_cuda_graph_compute: CUDA graph warmup reset
ggml_backend_cuda_graph_compute: CUDA graph warmup reset
ggml_backend_cuda_graph_compute: CUDA graph warmup reset
ggml_backend_cuda_graph_compute: CUDA graph warmup reset
ggml_backend_cuda_graph_compute: CUDA graph warmup reset
ggml_backend_cuda_graph_compute: CUDA graph warmup reset
ggml_backend_cuda_graph_compute: CUDA graph warmup reset
ggml_backend_cuda_graph_compute: CUDA graph warmup reset
ggml_backend_cuda_graph_compute: CUDA graph warmup reset
ggml_backend_cuda_graph_compute: CUDA graph warmup reset
ggml_backend_cuda_graph_compute: CUDA graph warmup reset
ggml_backend_cuda_graph_compute: CUDA graph warmup reset
ggml_backend_cuda_graph_compute: CUDA graph warmup reset
ggml_backend_cuda_graph_compute: CUDA graph warmup reset
ggml_backend_cuda_graph_compute: CUDA graph warmup reset
ggml_backend_cuda_graph_compute: CUDA graph warmup reset
ggml_backend_cuda_graph_compute: CUDA graph warmup reset
ggml_backend_cuda_graph_compute: CUDA graph warmup reset
ggml_backend_cuda_graph_compute: CUDA graph warmup reset
ggml_backend_cuda_graph_compute: CUDA graph warmup reset
ggml_backend_cuda_graph_compute: CUDA graph warmup reset
ggml_backend_cuda_graph_compute: CUDA graph warmup reset
ggml_backend_cuda_graph_compute: CUDA graph warmup reset
ggml_backend_cuda_graph_compute: CUDA graph warmup reset
ggml_backend_cuda_graph_compute: CUDA graph warmup reset
ggml_backend_cuda_graph_compute: CUDA graph warmup reset
ggml_backend_cuda_graph_compute: CUDA graph warmup reset
ggml_backend_cuda_graph_compute: CUDA graph warmup reset
ggml_backend_cuda_graph_compute: CUDA graph warmup reset
ggml_backend_cuda_graph_compute: CUDA graph warmup reset
ggml_backend_cuda_graph_compute: CUDA graph warmup reset
ggml_backend_cuda_graph_compute: CUDA graph warmup reset
ggml_backend_cuda_graph_compute: CUDA graph warmup reset
ggml_backend_cuda_graph_compute: CUDA graph warmup reset
ggml_backend_cuda_graph_compute: CUDA graph warmup reset
ggml_backend_cuda_graph_compute: CUDA graph warmup reset
ggml_backend_cuda_graph_compute: CUDA graph warmup reset
ggml_backend_cuda_graph_compute: CUDA graph warmup reset
ggml_backend_cuda_graph_compute: CUDA graph warmup reset
ggml_backend_cuda_graph_compute: CUDA graph warmup reset
ggml_backend_cuda_graph_compute: CUDA graph warmup reset
ggml_backend_cuda_graph_compute: CUDA graph warmup reset
ggml_backend_cuda_graph_compute: CUDA graph warmup reset
ggml_backend_cuda_graph_compute: CUDA graph warmup reset
ggml_backend_cuda_graph_compute: CUDA graph warmup reset
ggml_backend_cuda_graph_compute: CUDA graph warmup reset
ggml_backend_cuda_graph_compute: CUDA graph warmup reset
ggml_backend_cuda_graph_compute: CUDA graph warmup reset
ggml_backend_cuda_graph_compute: CUDA graph warmup reset
ggml_backend_cuda_graph_compute: CUDA graph warmup reset
ggml_backend_cuda_graph_compute: CUDA graph warmup reset
ggml_backend_cuda_graph_compute: CUDA graph warmup complete
ggml_backend_cuda_graph_compute: CUDA graph warmup complete
ggml_backend_cuda_graph_compute: CUDA graph warmup complete
ggml_backend_cuda_graph_compute: CUDA graph warmup complete
ggml_backend_cuda_graph_compute: CUDA graph warmup complete
ggml_backend_cuda_graph_compute: CUDA graph warmup complete
ggml_backend_cuda_graph_compute: CUDA graph warmup complete
ggml_backend_cuda_graph_compute: CUDA graph warmup complete
ggml_backend_cuda_graph_compute: CUDA graph warmup complete
ggml_backend_cuda_graph_compute: CUDA graph warmup complete
ggml_backend_cuda_graph_compute: CUDA graph warmup complete
ggml_backend_cuda_graph_compute: CUDA graph warmup complete
ggml_backend_cuda_graph_compute: CUDA graph warmup complete
ggml_backend_cuda_graph_compute: CUDA graph warmup complete
ggml_backend_cuda_graph_compute: CUDA graph warmup complete
ggml_backend_cuda_graph_compute: CUDA graph warmup complete
ggml_backend_cuda_graph_compute: CUDA graph warmup complete
ggml_backend_cuda_graph_compute: CUDA graph warmup complete
ggml_backend_cuda_graph_compute: CUDA graph warmup complete
ggml_backend_cuda_graph_compute: CUDA graph warmup complete
ggml_backend_cuda_graph_compute: CUDA graph warmup complete
ggml_backend_cuda_graph_compute: CUDA graph warmup complete
ggml_backend_cuda_graph_compute: CUDA graph warmup complete
ggml_backend_cuda_graph_compute: CUDA graph warmup complete
ggml_backend_cuda_graph_compute: CUDA graph warmup complete
ggml_backend_cuda_graph_compute: CUDA graph warmup complete
ggml_backend_cuda_graph_compute: CUDA graph warmup complete
ggml_backend_cuda_graph_compute: CUDA graph warmup complete
ggml_backend_cuda_graph_compute: CUDA graph warmup complete
ggml_backend_cuda_graph_compute: CUDA graph warmup complete
ggml_backend_cuda_graph_compute: CUDA graph warmup complete
ggml_backend_cuda_graph_compute: CUDA graph warmup complete
ggml_backend_cuda_graph_compute: CUDA graph warmup complete
ggml_backend_cuda_graph_compute: CUDA graph warmup complete
ggml_backend_cuda_graph_compute: CUDA graph warmup complete
ggml_backend_cuda_graph_compute: CUDA graph warmup complete
ggml_backend_cuda_graph_compute: CUDA graph warmup complete
ggml_backend_cuda_graph_compute: CUDA graph warmup complete
ggml_backend_cuda_graph_compute: CUDA graph warmup complete
ggml_backend_cuda_graph_compute: CUDA graph warmup complete
ggml_backend_cuda_graph_compute: CUDA graph warmup complete
ggml_backend_cuda_graph_compute: CUDA graph warmup complete
ggml_backend_cuda_graph_compute: CUDA graph warmup complete
ggml_backend_cuda_graph_compute: CUDA graph warmup complete
ggml_backend_cuda_graph_compute: CUDA graph warmup complete
ggml_backend_cuda_graph_compute: CUDA graph warmup complete
ggml_backend_cuda_graph_compute: CUDA graph warmup complete
ggml_backend_cuda_graph_compute: CUDA graph warmup complete
ggml_backend_cuda_graph_compute: CUDA graph warmup complete
ggml_backend_cuda_graph_compute: CUDA graph warmup complete
ggml_backend_cuda_graph_compute: CUDA graph warmup complete
ggml_backend_cuda_graph_compute: CUDA graph warmup complete
ggml_backend_cuda_graph_compute: CUDA graph warmup complete
ggml_backend_cuda_graph_compute: CUDA graph warmup complete
ggml_backend_cuda_graph_compute: CUDA graph warmup complete
ggml_backend_cuda_graph_compute: CUDA graph warmup complete
ggml_backend_cuda_graph_compute: CUDA graph warmup complete
decode 1088/2048decode 1152/2048decode 1216/2048decode 1280/2048ggml_backend_cuda_graph_compute: CUDA graph warmup reset
ggml_backend_cuda_graph_compute: CUDA graph warmup reset
ggml_backend_cuda_graph_compute: CUDA graph warmup reset
ggml_backend_cuda_graph_compute: CUDA graph warmup reset
ggml_backend_cuda_graph_compute: CUDA graph warmup reset
ggml_backend_cuda_graph_compute: CUDA graph warmup reset
ggml_backend_cuda_graph_compute: CUDA graph warmup reset
ggml_backend_cuda_graph_compute: CUDA graph warmup reset
ggml_backend_cuda_graph_compute: CUDA graph warmup reset
ggml_backend_cuda_graph_compute: CUDA graph warmup reset
ggml_backend_cuda_graph_compute: CUDA graph warmup reset
ggml_backend_cuda_graph_compute: CUDA graph warmup reset
ggml_backend_cuda_graph_compute: CUDA graph warmup reset
ggml_backend_cuda_graph_compute: CUDA graph warmup reset
ggml_backend_cuda_graph_compute: CUDA graph warmup reset
ggml_backend_cuda_graph_compute: CUDA graph warmup reset
ggml_backend_cuda_graph_compute: CUDA graph warmup reset
ggml_backend_cuda_graph_compute: CUDA graph warmup reset
ggml_backend_cuda_graph_compute: CUDA graph warmup reset
ggml_backend_cuda_graph_compute: CUDA graph warmup reset
ggml_backend_cuda_graph_compute: CUDA graph warmup reset
ggml_backend_cuda_graph_compute: CUDA graph warmup reset
ggml_backend_cuda_graph_compute: CUDA graph warmup reset
ggml_backend_cuda_graph_compute: CUDA graph warmup reset
ggml_backend_cuda_graph_compute: CUDA graph warmup reset
ggml_backend_cuda_graph_compute: CUDA graph warmup reset
ggml_backend_cuda_graph_compute: CUDA graph warmup reset
ggml_backend_cuda_graph_compute: CUDA graph warmup reset
ggml_backend_cuda_graph_compute: CUDA graph warmup reset
ggml_backend_cuda_graph_compute: CUDA graph warmup reset
ggml_backend_cuda_graph_compute: CUDA graph warmup reset
ggml_backend_cuda_graph_compute: CUDA graph warmup reset
ggml_backend_cuda_graph_compute: CUDA graph warmup reset
ggml_backend_cuda_graph_compute: CUDA graph warmup reset
ggml_backend_cuda_graph_compute: CUDA graph warmup reset
ggml_backend_cuda_graph_compute: CUDA graph warmup reset
ggml_backend_cuda_graph_compute: CUDA graph warmup reset
ggml_backend_cuda_graph_compute: CUDA graph warmup reset
ggml_backend_cuda_graph_compute: CUDA graph warmup reset
ggml_backend_cuda_graph_compute: CUDA graph warmup reset
ggml_backend_cuda_graph_compute: CUDA graph warmup reset
ggml_backend_cuda_graph_compute: CUDA graph warmup reset
ggml_backend_cuda_graph_compute: CUDA graph warmup reset
ggml_backend_cuda_graph_compute: CUDA graph warmup reset
ggml_backend_cuda_graph_compute: CUDA graph warmup reset
ggml_backend_cuda_graph_compute: CUDA graph warmup reset
ggml_backend_cuda_graph_compute: CUDA graph warmup reset
ggml_backend_cuda_graph_compute: CUDA graph warmup reset
ggml_backend_cuda_graph_compute: CUDA graph warmup reset
ggml_backend_cuda_graph_compute: CUDA graph warmup reset
ggml_backend_cuda_graph_compute: CUDA graph warmup reset
ggml_backend_cuda_graph_compute: CUDA graph warmup reset
ggml_backend_cuda_graph_compute: CUDA graph warmup reset
ggml_backend_cuda_graph_compute: CUDA graph warmup reset
ggml_backend_cuda_graph_compute: CUDA graph warmup reset
ggml_backend_cuda_graph_compute: CUDA graph warmup reset
ggml_backend_cuda_graph_compute: CUDA graph warmup reset
ggml_backend_cuda_graph_compute: CUDA graph warmup complete
ggml_backend_cuda_graph_compute: CUDA graph warmup complete
ggml_backend_cuda_graph_compute: CUDA graph warmup complete
ggml_backend_cuda_graph_compute: CUDA graph warmup complete
ggml_backend_cuda_graph_compute: CUDA graph warmup complete
ggml_backend_cuda_graph_compute: CUDA graph warmup complete
ggml_backend_cuda_graph_compute: CUDA graph warmup complete
ggml_backend_cuda_graph_compute: CUDA graph warmup complete
ggml_backend_cuda_graph_compute: CUDA graph warmup complete
ggml_backend_cuda_graph_compute: CUDA graph warmup complete
ggml_backend_cuda_graph_compute: CUDA graph warmup complete
ggml_backend_cuda_graph_compute: CUDA graph warmup complete
ggml_backend_cuda_graph_compute: CUDA graph warmup complete
ggml_backend_cuda_graph_compute: CUDA graph warmup complete
ggml_backend_cuda_graph_compute: CUDA graph warmup complete
ggml_backend_cuda_graph_compute: CUDA graph warmup complete
ggml_backend_cuda_graph_compute: CUDA graph warmup complete
ggml_backend_cuda_graph_compute: CUDA graph warmup complete
ggml_backend_cuda_graph_compute: CUDA graph warmup complete
ggml_backend_cuda_graph_compute: CUDA graph warmup complete
ggml_backend_cuda_graph_compute: CUDA graph warmup complete
ggml_backend_cuda_graph_compute: CUDA graph warmup complete
ggml_backend_cuda_graph_compute: CUDA graph warmup complete
ggml_backend_cuda_graph_compute: CUDA graph warmup complete
ggml_backend_cuda_graph_compute: CUDA graph warmup complete
ggml_backend_cuda_graph_compute: CUDA graph warmup complete
ggml_backend_cuda_graph_compute: CUDA graph warmup complete
ggml_backend_cuda_graph_compute: CUDA graph warmup complete
ggml_backend_cuda_graph_compute: CUDA graph warmup complete
ggml_backend_cuda_graph_compute: CUDA graph warmup complete
ggml_backend_cuda_graph_compute: CUDA graph warmup complete
ggml_backend_cuda_graph_compute: CUDA graph warmup complete
ggml_backend_cuda_graph_compute: CUDA graph warmup complete
ggml_backend_cuda_graph_compute: CUDA graph warmup complete
ggml_backend_cuda_graph_compute: CUDA graph warmup complete
ggml_backend_cuda_graph_compute: CUDA graph warmup complete
ggml_backend_cuda_graph_compute: CUDA graph warmup complete
ggml_backend_cuda_graph_compute: CUDA graph warmup complete
ggml_backend_cuda_graph_compute: CUDA graph warmup complete
ggml_backend_cuda_graph_compute: CUDA graph warmup complete
ggml_backend_cuda_graph_compute: CUDA graph warmup complete
ggml_backend_cuda_graph_compute: CUDA graph warmup complete
ggml_backend_cuda_graph_compute: CUDA graph warmup complete
ggml_backend_cuda_graph_compute: CUDA graph warmup complete
ggml_backend_cuda_graph_compute: CUDA graph warmup complete
ggml_backend_cuda_graph_compute: CUDA graph warmup complete
ggml_backend_cuda_graph_compute: CUDA graph warmup complete
ggml_backend_cuda_graph_compute: CUDA graph warmup complete
ggml_backend_cuda_graph_compute: CUDA graph warmup complete
ggml_backend_cuda_graph_compute: CUDA graph warmup complete
ggml_backend_cuda_graph_compute: CUDA graph warmup complete
ggml_backend_cuda_graph_compute: CUDA graph warmup complete
ggml_backend_cuda_graph_compute: CUDA graph warmup complete
ggml_backend_cuda_graph_compute: CUDA graph warmup complete
ggml_backend_cuda_graph_compute: CUDA graph warmup complete
ggml_backend_cuda_graph_compute: CUDA graph warmup complete
ggml_backend_cuda_graph_compute: CUDA graph warmup complete
decode 1344/2048decode 1408/2048decode 1472/2048decode 1536/2048ggml_backend_cuda_graph_compute: CUDA graph warmup reset
ggml_backend_cuda_graph_compute: CUDA graph warmup reset
ggml_backend_cuda_graph_compute: CUDA graph warmup reset
ggml_backend_cuda_graph_compute: CUDA graph warmup reset
ggml_backend_cuda_graph_compute: CUDA graph warmup reset
ggml_backend_cuda_graph_compute: CUDA graph warmup reset
ggml_backend_cuda_graph_compute: CUDA graph warmup reset
ggml_backend_cuda_graph_compute: CUDA graph warmup reset
ggml_backend_cuda_graph_compute: CUDA graph warmup reset
ggml_backend_cuda_graph_compute: CUDA graph warmup reset
ggml_backend_cuda_graph_compute: CUDA graph warmup reset
ggml_backend_cuda_graph_compute: CUDA graph warmup reset
ggml_backend_cuda_graph_compute: CUDA graph warmup reset
ggml_backend_cuda_graph_compute: CUDA graph warmup reset
ggml_backend_cuda_graph_compute: CUDA graph warmup reset
ggml_backend_cuda_graph_compute: CUDA graph warmup reset
ggml_backend_cuda_graph_compute: CUDA graph warmup reset
ggml_backend_cuda_graph_compute: CUDA graph warmup reset
ggml_backend_cuda_graph_compute: CUDA graph warmup reset
ggml_backend_cuda_graph_compute: CUDA graph warmup reset
ggml_backend_cuda_graph_compute: CUDA graph warmup reset
ggml_backend_cuda_graph_compute: CUDA graph warmup reset
ggml_backend_cuda_graph_compute: CUDA graph warmup reset
ggml_backend_cuda_graph_compute: CUDA graph warmup reset
ggml_backend_cuda_graph_compute: CUDA graph warmup reset
ggml_backend_cuda_graph_compute: CUDA graph warmup reset
ggml_backend_cuda_graph_compute: CUDA graph warmup reset
ggml_backend_cuda_graph_compute: CUDA graph warmup reset
ggml_backend_cuda_graph_compute: CUDA graph warmup reset
ggml_backend_cuda_graph_compute: CUDA graph warmup reset
ggml_backend_cuda_graph_compute: CUDA graph warmup reset
ggml_backend_cuda_graph_compute: CUDA graph warmup reset
ggml_backend_cuda_graph_compute: CUDA graph warmup reset
ggml_backend_cuda_graph_compute: CUDA graph warmup reset
ggml_backend_cuda_graph_compute: CUDA graph warmup reset
ggml_backend_cuda_graph_compute: CUDA graph warmup reset
ggml_backend_cuda_graph_compute: CUDA graph warmup reset
ggml_backend_cuda_graph_compute: CUDA graph warmup reset
ggml_backend_cuda_graph_compute: CUDA graph warmup reset
ggml_backend_cuda_graph_compute: CUDA graph warmup reset
ggml_backend_cuda_graph_compute: CUDA graph warmup reset
ggml_backend_cuda_graph_compute: CUDA graph warmup reset
ggml_backend_cuda_graph_compute: CUDA graph warmup reset
ggml_backend_cuda_graph_compute: CUDA graph warmup reset
ggml_backend_cuda_graph_compute: CUDA graph warmup reset
ggml_backend_cuda_graph_compute: CUDA graph warmup reset
ggml_backend_cuda_graph_compute: CUDA graph warmup reset
ggml_backend_cuda_graph_compute: CUDA graph warmup reset
ggml_backend_cuda_graph_compute: CUDA graph warmup reset
ggml_backend_cuda_graph_compute: CUDA graph warmup reset
ggml_backend_cuda_graph_compute: CUDA graph warmup reset
ggml_backend_cuda_graph_compute: CUDA graph warmup reset
ggml_backend_cuda_graph_compute: CUDA graph warmup reset
ggml_backend_cuda_graph_compute: CUDA graph warmup reset
ggml_backend_cuda_graph_compute: CUDA graph warmup reset
ggml_backend_cuda_graph_compute: CUDA graph warmup reset
ggml_backend_cuda_graph_compute: CUDA graph warmup reset
ggml_backend_cuda_graph_compute: CUDA graph warmup complete
ggml_backend_cuda_graph_compute: CUDA graph warmup complete
ggml_backend_cuda_graph_compute: CUDA graph warmup complete
ggml_backend_cuda_graph_compute: CUDA graph warmup complete
ggml_backend_cuda_graph_compute: CUDA graph warmup complete
ggml_backend_cuda_graph_compute: CUDA graph warmup complete
ggml_backend_cuda_graph_compute: CUDA graph warmup complete
ggml_backend_cuda_graph_compute: CUDA graph warmup complete
ggml_backend_cuda_graph_compute: CUDA graph warmup complete
ggml_backend_cuda_graph_compute: CUDA graph warmup complete
ggml_backend_cuda_graph_compute: CUDA graph warmup complete
ggml_backend_cuda_graph_compute: CUDA graph warmup complete
ggml_backend_cuda_graph_compute: CUDA graph warmup complete
ggml_backend_cuda_graph_compute: CUDA graph warmup complete
ggml_backend_cuda_graph_compute: CUDA graph warmup complete
ggml_backend_cuda_graph_compute: CUDA graph warmup complete
ggml_backend_cuda_graph_compute: CUDA graph warmup complete
ggml_backend_cuda_graph_compute: CUDA graph warmup complete
ggml_backend_cuda_graph_compute: CUDA graph warmup complete
ggml_backend_cuda_graph_compute: CUDA graph warmup complete
ggml_backend_cuda_graph_compute: CUDA graph warmup complete
ggml_backend_cuda_graph_compute: CUDA graph warmup complete
ggml_backend_cuda_graph_compute: CUDA graph warmup complete
ggml_backend_cuda_graph_compute: CUDA graph warmup complete
ggml_backend_cuda_graph_compute: CUDA graph warmup complete
ggml_backend_cuda_graph_compute: CUDA graph warmup complete
ggml_backend_cuda_graph_compute: CUDA graph warmup complete
ggml_backend_cuda_graph_compute: CUDA graph warmup complete
ggml_backend_cuda_graph_compute: CUDA graph warmup complete
ggml_backend_cuda_graph_compute: CUDA graph warmup complete
ggml_backend_cuda_graph_compute: CUDA graph warmup complete
ggml_backend_cuda_graph_compute: CUDA graph warmup complete
ggml_backend_cuda_graph_compute: CUDA graph warmup complete
ggml_backend_cuda_graph_compute: CUDA graph warmup complete
ggml_backend_cuda_graph_compute: CUDA graph warmup complete
ggml_backend_cuda_graph_compute: CUDA graph warmup complete
ggml_backend_cuda_graph_compute: CUDA graph warmup complete
ggml_backend_cuda_graph_compute: CUDA graph warmup complete
ggml_backend_cuda_graph_compute: CUDA graph warmup complete
ggml_backend_cuda_graph_compute: CUDA graph warmup complete
ggml_backend_cuda_graph_compute: CUDA graph warmup complete
ggml_backend_cuda_graph_compute: CUDA graph warmup complete
ggml_backend_cuda_graph_compute: CUDA graph warmup complete
ggml_backend_cuda_graph_compute: CUDA graph warmup complete
ggml_backend_cuda_graph_compute: CUDA graph warmup complete
ggml_backend_cuda_graph_compute: CUDA graph warmup complete
ggml_backend_cuda_graph_compute: CUDA graph warmup complete
ggml_backend_cuda_graph_compute: CUDA graph warmup complete
ggml_backend_cuda_graph_compute: CUDA graph warmup complete
ggml_backend_cuda_graph_compute: CUDA graph warmup complete
ggml_backend_cuda_graph_compute: CUDA graph warmup complete
ggml_backend_cuda_graph_compute: CUDA graph warmup complete
ggml_backend_cuda_graph_compute: CUDA graph warmup complete
ggml_backend_cuda_graph_compute: CUDA graph warmup complete
ggml_backend_cuda_graph_compute: CUDA graph warmup complete
ggml_backend_cuda_graph_compute: CUDA graph warmup complete
ggml_backend_cuda_graph_compute: CUDA graph warmup complete
decode 1600/2048decode 1664/2048decode 1728/2048decode 1792/2048ggml_backend_cuda_graph_compute: CUDA graph warmup reset
ggml_backend_cuda_graph_compute: CUDA graph warmup reset
ggml_backend_cuda_graph_compute: CUDA graph warmup reset
ggml_backend_cuda_graph_compute: CUDA graph warmup reset
ggml_backend_cuda_graph_compute: CUDA graph warmup reset
ggml_backend_cuda_graph_compute: CUDA graph warmup reset
ggml_backend_cuda_graph_compute: CUDA graph warmup reset
ggml_backend_cuda_graph_compute: CUDA graph warmup reset
ggml_backend_cuda_graph_compute: CUDA graph warmup reset
ggml_backend_cuda_graph_compute: CUDA graph warmup reset
ggml_backend_cuda_graph_compute: CUDA graph warmup reset
ggml_backend_cuda_graph_compute: CUDA graph warmup reset
ggml_backend_cuda_graph_compute: CUDA graph warmup reset
ggml_backend_cuda_graph_compute: CUDA graph warmup reset
ggml_backend_cuda_graph_compute: CUDA graph warmup reset
ggml_backend_cuda_graph_compute: CUDA graph warmup reset
ggml_backend_cuda_graph_compute: CUDA graph warmup reset
ggml_backend_cuda_graph_compute: CUDA graph warmup reset
ggml_backend_cuda_graph_compute: CUDA graph warmup reset
ggml_backend_cuda_graph_compute: CUDA graph warmup reset
ggml_backend_cuda_graph_compute: CUDA graph warmup reset
ggml_backend_cuda_graph_compute: CUDA graph warmup reset
ggml_backend_cuda_graph_compute: CUDA graph warmup reset
ggml_backend_cuda_graph_compute: CUDA graph warmup reset
ggml_backend_cuda_graph_compute: CUDA graph warmup reset
ggml_backend_cuda_graph_compute: CUDA graph warmup reset
ggml_backend_cuda_graph_compute: CUDA graph warmup reset
ggml_backend_cuda_graph_compute: CUDA graph warmup reset
ggml_backend_cuda_graph_compute: CUDA graph warmup reset
ggml_backend_cuda_graph_compute: CUDA graph warmup reset
ggml_backend_cuda_graph_compute: CUDA graph warmup reset
ggml_backend_cuda_graph_compute: CUDA graph warmup reset
ggml_backend_cuda_graph_compute: CUDA graph warmup reset
ggml_backend_cuda_graph_compute: CUDA graph warmup reset
ggml_backend_cuda_graph_compute: CUDA graph warmup reset
ggml_backend_cuda_graph_compute: CUDA graph warmup reset
ggml_backend_cuda_graph_compute: CUDA graph warmup reset
ggml_backend_cuda_graph_compute: CUDA graph warmup reset
ggml_backend_cuda_graph_compute: CUDA graph warmup reset
ggml_backend_cuda_graph_compute: CUDA graph warmup reset
ggml_backend_cuda_graph_compute: CUDA graph warmup reset
ggml_backend_cuda_graph_compute: CUDA graph warmup reset
ggml_backend_cuda_graph_compute: CUDA graph warmup reset
ggml_backend_cuda_graph_compute: CUDA graph warmup reset
ggml_backend_cuda_graph_compute: CUDA graph warmup reset
ggml_backend_cuda_graph_compute: CUDA graph warmup reset
ggml_backend_cuda_graph_compute: CUDA graph warmup reset
ggml_backend_cuda_graph_compute: CUDA graph warmup reset
ggml_backend_cuda_graph_compute: CUDA graph warmup reset
ggml_backend_cuda_graph_compute: CUDA graph warmup reset
ggml_backend_cuda_graph_compute: CUDA graph warmup reset
ggml_backend_cuda_graph_compute: CUDA graph warmup reset
ggml_backend_cuda_graph_compute: CUDA graph warmup reset
ggml_backend_cuda_graph_compute: CUDA graph warmup reset
ggml_backend_cuda_graph_compute: CUDA graph warmup reset
ggml_backend_cuda_graph_compute: CUDA graph warmup reset
ggml_backend_cuda_graph_compute: CUDA graph warmup reset
ggml_backend_cuda_graph_compute: CUDA graph warmup complete
ggml_backend_cuda_graph_compute: CUDA graph warmup complete
ggml_backend_cuda_graph_compute: CUDA graph warmup complete
ggml_backend_cuda_graph_compute: CUDA graph warmup complete
ggml_backend_cuda_graph_compute: CUDA graph warmup complete
ggml_backend_cuda_graph_compute: CUDA graph warmup complete
ggml_backend_cuda_graph_compute: CUDA graph warmup complete
ggml_backend_cuda_graph_compute: CUDA graph warmup complete
ggml_backend_cuda_graph_compute: CUDA graph warmup complete
ggml_backend_cuda_graph_compute: CUDA graph warmup complete
ggml_backend_cuda_graph_compute: CUDA graph warmup complete
ggml_backend_cuda_graph_compute: CUDA graph warmup complete
ggml_backend_cuda_graph_compute: CUDA graph warmup complete
ggml_backend_cuda_graph_compute: CUDA graph warmup complete
ggml_backend_cuda_graph_compute: CUDA graph warmup complete
ggml_backend_cuda_graph_compute: CUDA graph warmup complete
ggml_backend_cuda_graph_compute: CUDA graph warmup complete
ggml_backend_cuda_graph_compute: CUDA graph warmup complete
ggml_backend_cuda_graph_compute: CUDA graph warmup complete
ggml_backend_cuda_graph_compute: CUDA graph warmup complete
ggml_backend_cuda_graph_compute: CUDA graph warmup complete
ggml_backend_cuda_graph_compute: CUDA graph warmup complete
ggml_backend_cuda_graph_compute: CUDA graph warmup complete
ggml_backend_cuda_graph_compute: CUDA graph warmup complete
ggml_backend_cuda_graph_compute: CUDA graph warmup complete
ggml_backend_cuda_graph_compute: CUDA graph warmup complete
ggml_backend_cuda_graph_compute: CUDA graph warmup complete
ggml_backend_cuda_graph_compute: CUDA graph warmup complete
ggml_backend_cuda_graph_compute: CUDA graph warmup complete
ggml_backend_cuda_graph_compute: CUDA graph warmup complete
ggml_backend_cuda_graph_compute: CUDA graph warmup complete
ggml_backend_cuda_graph_compute: CUDA graph warmup complete
ggml_backend_cuda_graph_compute: CUDA graph warmup complete
ggml_backend_cuda_graph_compute: CUDA graph warmup complete
ggml_backend_cuda_graph_compute: CUDA graph warmup complete
ggml_backend_cuda_graph_compute: CUDA graph warmup complete
ggml_backend_cuda_graph_compute: CUDA graph warmup complete
ggml_backend_cuda_graph_compute: CUDA graph warmup complete
ggml_backend_cuda_graph_compute: CUDA graph warmup complete
ggml_backend_cuda_graph_compute: CUDA graph warmup complete
ggml_backend_cuda_graph_compute: CUDA graph warmup complete
ggml_backend_cuda_graph_compute: CUDA graph warmup complete
ggml_backend_cuda_graph_compute: CUDA graph warmup complete
ggml_backend_cuda_graph_compute: CUDA graph warmup complete
ggml_backend_cuda_graph_compute: CUDA graph warmup complete
ggml_backend_cuda_graph_compute: CUDA graph warmup complete
ggml_backend_cuda_graph_compute: CUDA graph warmup complete
ggml_backend_cuda_graph_compute: CUDA graph warmup complete
ggml_backend_cuda_graph_compute: CUDA graph warmup complete
ggml_backend_cuda_graph_compute: CUDA graph warmup complete
ggml_backend_cuda_graph_compute: CUDA graph warmup complete
ggml_backend_cuda_graph_compute: CUDA graph warmup complete
ggml_backend_cuda_graph_compute: CUDA graph warmup complete
ggml_backend_cuda_graph_compute: CUDA graph warmup complete
ggml_backend_cuda_graph_compute: CUDA graph warmup complete
ggml_backend_cuda_graph_compute: CUDA graph warmup complete
ggml_backend_cuda_graph_compute: CUDA graph warmup complete
decode 1856/2048decode 1920/2048decode 1984/2048decode 2048/2048
decode 73.0 s (28.05 tok/s with tracing syncs)
wrote wtrace_d32000.*
~llama_context:      CUDA0 compute buffer size is 1960.0000 MiB, matches expectation of 1960.0000 MiB
~llama_context:  CUDA_Host compute buffer size is 261.8164 MiB, matches expectation of 261.8164 MiB
ggml_cuda_init: found 1 CUDA devices (Total VRAM: 15840 MiB):
  Device 0: NVIDIA GeForce RTX 5080, compute capability 12.0, VMM: yes, VRAM: 15840 MiB
llama_model_loader: additional 1 GGUFs metadata loaded.
llama_model_loader: loaded meta data with 73 key-value pairs and 1224 tensors from $MODELS/Qwen3.8-Flash-Next-GSQ-RCO-Q2_0-00001-of-00002.gguf (version GGUF V3 (latest))
llama_model_loader: Dumping metadata keys/values. Note: KV overrides do not apply in this output.
llama_model_loader: - kv   0:                       general.architecture str              = qwen4exp
llama_model_loader: - kv   1:                               general.type str              = model
llama_model_loader: - kv   2:                     general.sampling.top_k i32              = 20
llama_model_loader: - kv   3:                     general.sampling.top_p f32              = 0.950000
llama_model_loader: - kv   4:                      general.sampling.temp f32              = 1.000000
llama_model_loader: - kv   5:                         general.size_label str              = 512x56B
llama_model_loader: - kv   6:                       qwen4exp.block_count u32              = 48
llama_model_loader: - kv   7:                    qwen4exp.context_length u32              = 262144
llama_model_loader: - kv   8:                  qwen4exp.embedding_length u32              = 2560
llama_model_loader: - kv   9:              qwen4exp.attention.head_count u32              = 24
llama_model_loader: - kv  10:           qwen4exp.attention.head_count_kv u32              = 2
llama_model_loader: - kv  11:           qwen4exp.rope.dimension_sections arr[i32,4]       = [11, 11, 10, 0]
llama_model_loader: - kv  12:                    qwen4exp.rope.freq_base f32              = 10000000.000000
llama_model_loader: - kv  13:  qwen4exp.attention.layer_norm_rms_epsilon f32              = 0.000001
llama_model_loader: - kv  14:                      qwen4exp.expert_count u32              = 512
llama_model_loader: - kv  15:                 qwen4exp.expert_used_count u32              = 10
llama_model_loader: - kv  16:              qwen4exp.attention.key_length u32              = 256
llama_model_loader: - kv  17:            qwen4exp.attention.value_length u32              = 256
llama_model_loader: - kv  18:        qwen4exp.expert_feed_forward_length u32              = 640
llama_model_loader: - kv  19: qwen4exp.expert_shared_feed_forward_length u32              = 640
llama_model_loader: - kv  20:                   qwen4exp.ssm.conv_kernel u32              = 4
llama_model_loader: - kv  21:                    qwen4exp.ssm.state_size u32              = 128
llama_model_loader: - kv  22:                   qwen4exp.ssm.group_count u32              = 16
llama_model_loader: - kv  23:                qwen4exp.ssm.time_step_rank u32              = 48
llama_model_loader: - kv  24:                    qwen4exp.ssm.inner_size u32              = 6144
llama_model_loader: - kv  25:           qwen4exp.full_attention_interval u32              = 4
llama_model_loader: - kv  26:              qwen4exp.rope.dimension_count u32              = 64
llama_model_loader: - kv  27:            qwen4exp.hyper_connection.count u32              = 4
llama_model_loader: - kv  28:         qwen4exp.hyper_connection.low_rank u32              = 320
llama_model_loader: - kv  29:      qwen4exp.attention.indexer.head_count u32              = 4
llama_model_loader: - kv  30:      qwen4exp.attention.indexer.key_length u32              = 128
llama_model_loader: - kv  31:           qwen4exp.attention.indexer.top_k u32              = 2048
llama_model_loader: - kv  32:         qwen4exp.attention.compress_ratios arr[i32,48]      = [0, 0, 0, 4, 0, 0, 0, 4, 0, 0, 0, 4, ...
llama_model_loader: - kv  33:                        qwen4exp.ple.layers arr[i32,1]       = [1]
llama_model_loader: - kv  34:                    qwen4exp.ple.ngram_size u32              = 3
llama_model_loader: - kv  35:               qwen4exp.ple.heads_per_ngram u32              = 8
llama_model_loader: - kv  36:                   qwen4exp.ple.conv_kernel u32              = 4
llama_model_loader: - kv  37:                  qwen4exp.ple.eos_token_id u32              = 248044
llama_model_loader: - kv  38:  qwen4exp.embedding_length_per_layer_input u32              = 160
llama_model_loader: - kv  39:             qwen4exp.ple.layer_multipliers arr[u64,3]       = [23703573157769, 20109073645365, 8052...
llama_model_loader: - kv  40:                  qwen4exp.ple.head_offsets arr[u64,16]      = [0, 20000003, 40000026, 60000059, 800...
llama_model_loader: - kv  41:              qwen4exp.ple.head_vocab_sizes arr[u64,16]      = [20000003, 20000023, 20000033, 200000...
llama_model_loader: - kv  42:                       tokenizer.ggml.model str              = gpt2
llama_model_loader: - kv  43:                         tokenizer.ggml.pre str              = qwen35
llama_model_loader: - kv  44:                      tokenizer.ggml.tokens arr[str,248320]  = ["!", "\"", "#", "$", "%", "&", "'", ...
llama_model_loader: - kv  45:                  tokenizer.ggml.token_type arr[i32,248320]  = [1, 1, 1, 1, 1, 1, 1, 1, 1, 1, 1, 1, ...
llama_model_loader: - kv  46:                      tokenizer.ggml.merges arr[str,247587]  = ["Ġ Ġ", "ĠĠ ĠĠ", "i n", "Ġ t",...
llama_model_loader: - kv  47:                tokenizer.ggml.eos_token_id u32              = 248046
llama_model_loader: - kv  48:            tokenizer.ggml.padding_token_id u32              = 248044
llama_model_loader: - kv  49:                tokenizer.ggml.bos_token_id u32              = 248044
llama_model_loader: - kv  50:               tokenizer.ggml.add_bos_token bool             = false
llama_model_loader: - kv  51:                    tokenizer.chat_template str              = {%- set image_count = namespace(value...
llama_model_loader: - kv  52:                qwen4exp.ple.image_token_id u32              = 248056
llama_model_loader: - kv  53:                      quantize.imatrix.file str              = imatrix-qwen3.8-flash-next.gguf
llama_model_loader: - kv  54:                   quantize.imatrix.dataset str              = calib_qwen3.8-flash-next.tokids
llama_model_loader: - kv  55:             quantize.imatrix.entries_count u32              = 926
llama_model_loader: - kv  56:              quantize.imatrix.chunks_count u32              = 1000
llama_model_loader: - kv  57:                               general.name str              = Qwen3.8-Flash-Next GSQ-RCO
llama_model_loader: - kv  58:                           general.basename str              = Qwen3.8-Flash-Next
llama_model_loader: - kv  59:                       general.quantized_by str              = ISTA DASLab
llama_model_loader: - kv  60:                           general.repo_url str              = https://huggingface.co/ISTA-DASLab
llama_model_loader: - kv  61:                            general.license str              = apache-2.0
llama_model_loader: - kv  62:                               general.tags arr[str,2]       = ["gsq-rco", "ista-daslab"]
llama_model_loader: - kv  63:                        general.description str              = GSQ-RCO non-uniform mixed-precision G...
llama_model_loader: - kv  64:                   general.base_model.count u32              = 1
llama_model_loader: - kv  65:                  general.base_model.0.name str              = Qwen3.8 Flash Next
llama_model_loader: - kv  66:          general.base_model.0.organization str              = Qwen
llama_model_loader: - kv  67:              general.base_model.0.repo_url str              = https://huggingface.co/Qwen/Qwen3.8-F...
llama_model_loader: - kv  68:                          general.file_type u32              = 41
llama_model_loader: - kv  69:               general.quantization_version u32              = 2
llama_model_loader: - kv  70:                                   split.no u16              = 0
llama_model_loader: - kv  71:                                split.count u16              = 2
llama_model_loader: - kv  72:                        split.tensors.count i32              = 1224
llama_model_loader: - type  f32:  292 tensors
llama_model_loader: - type  f16:    1 tensors
llama_model_loader: - type q4_0:   16 tensors
llama_model_loader: - type q5_0:    7 tensors
llama_model_loader: - type q8_0:    2 tensors
llama_model_loader: - type q3_K:   91 tensors
llama_model_loader: - type q4_K:   38 tensors
llama_model_loader: - type q5_K:   16 tensors
llama_model_loader: - type q6_K:   12 tensors
llama_model_loader: - type iq4_nl:    8 tensors
llama_model_loader: - type iq4_xs:   56 tensors
llama_model_loader: - type bf16:  483 tensors
llama_model_loader: - type q2_0:  202 tensors
print_info: file format = GGUF V3 (latest)
print_info: file type   = Q2_0
print_info: file size   = 61.85 GiB (3.00 BPW) 
llama_prepare_model_devices: using device CUDA0 (NVIDIA GeForce RTX 5080) (0000:01:00.0) - 15559 MiB free
init_tokenizer: initializing tokenizer for type 2
load: 0 unused tokens
load: control token: 248075 '<tts_text_bos_single>' is not marked as EOG
load: control token: 248073 '<tts_text_bos>' is not marked as EOG
load: control token: 248072 '<tts_pad>' is not marked as EOG
load: control token: 248071 '<|audio_end|>' is not marked as EOG
load: control token: 248061 '<|fim_middle|>' is not marked as EOG
load: control token: 248055 '<|vision_pad|>' is not marked as EOG
load: control token: 248052 '<|quad_end|>' is not marked as EOG
load: control token: 248049 '<|box_start|>' is not marked as EOG
load: control token: 248048 '<|object_ref_end|>' is not marked as EOG
load: control token: 248045 '<|im_start|>' is not marked as EOG
load: control token: 248057 '<|video_pad|>' is not marked as EOG
load: control token: 248070 '<|audio_start|>' is not marked as EOG
load: control token: 248056 '<|image_pad|>' is not marked as EOG
load: control token: 248054 '<|vision_end|>' is not marked as EOG
load: control token: 248060 '<|fim_prefix|>' is not marked as EOG
load: control token: 248050 '<|box_end|>' is not marked as EOG
load: control token: 248074 '<tts_text_eod>' is not marked as EOG
load: control token: 248053 '<|vision_start|>' is not marked as EOG
load: control token: 248062 '<|fim_suffix|>' is not marked as EOG
load: control token: 248047 '<|object_ref_start|>' is not marked as EOG
load: control token: 248051 '<|quad_start|>' is not marked as EOG
load: control token: 248076 '<|audio_pad|>' is not marked as EOG
load: printing all EOG tokens:
load:   - 248044 ('<|endoftext|>')
load:   - 248046 ('<|im_end|>')
load:   - 248063 ('<|fim_pad|>')
load:   - 248064 ('<|repo_name|>')
load:   - 248065 ('<|file_sep|>')
load: special tokens cache size = 33
load: token to piece cache size = 1.7581 MB
print_info: arch                  = qwen4exp
print_info: vocab_only            = 0
print_info: no_alloc              = 0
print_info: n_ctx_train           = 262144
print_info: n_embd_inp            = 2560
print_info: n_embd                = 2560
print_info: n_embd_out            = 10240
print_info: n_layer               = 48
print_info: n_layer_all           = 48
print_info: n_head                = 24
print_info: n_head_kv             = 2
print_info: n_rot                 = 64
print_info: n_swa                 = 0
print_info: is_swa_any            = 0
print_info: non_causal_type       = 0
print_info: n_embd_head_k         = 256
print_info: n_embd_head_v         = 256
print_info: n_gqa                 = 12
print_info: n_embd_k_gqa          = 512
print_info: n_embd_v_gqa          = 512
print_info: f_norm_eps            = 0.0e+00
print_info: f_norm_rms_eps        = 1.0e-06
print_info: f_clamp_kqv           = 0.0e+00
print_info: f_max_alibi_bias      = 0.0e+00
print_info: f_logit_scale         = 0.0e+00
print_info: f_attn_scale          = 0.0e+00
print_info: f_attn_value_scale    = 0.0000
print_info: n_ff                  = 0
print_info: n_expert              = 512
print_info: n_expert_used         = 10
print_info: n_expert_groups       = 0
print_info: n_group_used          = 0
print_info: causal attn           = 1
print_info: pooling type          = -1
print_info: rope type             = 40
print_info: rope scaling          = linear
print_info: freq_base_train       = 10000000.0
print_info: freq_scale_train      = 1
print_info: n_ctx_orig_yarn       = 262144
print_info: rope_yarn_log_mul     = 0.0000
print_info: rope_finetuned        = unknown
print_info: mrope sections        = [11, 11, 10, 0]
print_info: model type            = A3B
print_info: model params          = 176.94 B
print_info: general.name          = Qwen3.8-Flash-Next GSQ-RCO
print_info: vocab type            = BPE
print_info: n_vocab               = 248320
print_info: n_merges              = 247587
print_info: BOS token             = 248044 '<|endoftext|>'
print_info: EOS token             = 248046 '<|im_end|>'
print_info: EOT token             = 248046 '<|im_end|>'
print_info: PAD token             = 248044 '<|endoftext|>'
print_info: LF token              = 198 'Ċ'
print_info: FIM PRE token         = 248060 '<|fim_prefix|>'
print_info: FIM SUF token         = 248062 '<|fim_suffix|>'
print_info: FIM MID token         = 248061 '<|fim_middle|>'
print_info: FIM PAD token         = 248063 '<|fim_pad|>'
print_info: FIM REP token         = 248064 '<|repo_name|>'
print_info: FIM SEP token         = 248065 '<|file_sep|>'
print_info: EOG token             = 248044 '<|endoftext|>'
print_info: EOG token             = 248046 '<|im_end|>'
print_info: EOG token             = 248063 '<|fim_pad|>'
print_info: EOG token             = 248064 '<|repo_name|>'
print_info: EOG token             = 248065 '<|file_sep|>'
print_info: max token length      = 256
load_tensors: loading model tensors, this can take a while... (load_mode = mmap)
load_tensors: layer   0 assigned to device CUDA0, is_swa = 0
load_tensors: layer   1 assigned to device CUDA0, is_swa = 0
load_tensors: layer   2 assigned to device CUDA0, is_swa = 0
load_tensors: layer   3 assigned to device CUDA0, is_swa = 0
load_tensors: layer   4 assigned to device CUDA0, is_swa = 0
load_tensors: layer   5 assigned to device CUDA0, is_swa = 0
load_tensors: layer   6 assigned to device CUDA0, is_swa = 0
load_tensors: layer   7 assigned to device CUDA0, is_swa = 0
load_tensors: layer   8 assigned to device CUDA0, is_swa = 0
load_tensors: layer   9 assigned to device CUDA0, is_swa = 0
load_tensors: layer  10 assigned to device CUDA0, is_swa = 0
load_tensors: layer  11 assigned to device CUDA0, is_swa = 0
load_tensors: layer  12 assigned to device CUDA0, is_swa = 0
load_tensors: layer  13 assigned to device CUDA0, is_swa = 0
load_tensors: layer  14 assigned to device CUDA0, is_swa = 0
load_tensors: layer  15 assigned to device CUDA0, is_swa = 0
load_tensors: layer  16 assigned to device CUDA0, is_swa = 0
load_tensors: layer  17 assigned to device CUDA0, is_swa = 0
load_tensors: layer  18 assigned to device CUDA0, is_swa = 0
load_tensors: layer  19 assigned to device CUDA0, is_swa = 0
load_tensors: layer  20 assigned to device CUDA0, is_swa = 0
load_tensors: layer  21 assigned to device CUDA0, is_swa = 0
load_tensors: layer  22 assigned to device CUDA0, is_swa = 0
load_tensors: layer  23 assigned to device CUDA0, is_swa = 0
load_tensors: layer  24 assigned to device CUDA0, is_swa = 0
load_tensors: layer  25 assigned to device CUDA0, is_swa = 0
load_tensors: layer  26 assigned to device CUDA0, is_swa = 0
load_tensors: layer  27 assigned to device CUDA0, is_swa = 0
load_tensors: layer  28 assigned to device CUDA0, is_swa = 0
load_tensors: layer  29 assigned to device CUDA0, is_swa = 0
load_tensors: layer  30 assigned to device CUDA0, is_swa = 0
load_tensors: layer  31 assigned to device CUDA0, is_swa = 0
load_tensors: layer  32 assigned to device CUDA0, is_swa = 0
load_tensors: layer  33 assigned to device CUDA0, is_swa = 0
load_tensors: layer  34 assigned to device CUDA0, is_swa = 0
load_tensors: layer  35 assigned to device CUDA0, is_swa = 0
load_tensors: layer  36 assigned to device CUDA0, is_swa = 0
load_tensors: layer  37 assigned to device CUDA0, is_swa = 0
load_tensors: layer  38 assigned to device CUDA0, is_swa = 0
load_tensors: layer  39 assigned to device CUDA0, is_swa = 0
load_tensors: layer  40 assigned to device CUDA0, is_swa = 0
load_tensors: layer  41 assigned to device CUDA0, is_swa = 0
load_tensors: layer  42 assigned to device CUDA0, is_swa = 0
load_tensors: layer  43 assigned to device CUDA0, is_swa = 0
load_tensors: layer  44 assigned to device CUDA0, is_swa = 0
load_tensors: layer  45 assigned to device CUDA0, is_swa = 0
load_tensors: layer  46 assigned to device CUDA0, is_swa = 0
load_tensors: layer  47 assigned to device CUDA0, is_swa = 0
load_tensors: layer  48 assigned to device CUDA0, is_swa = 0
create_tensor: loading tensor token_embd.weight
create_tensor: loading tensor output_hc_norm.weight
create_tensor: loading tensor output_hc_down.weight
create_tensor: loading tensor output_hc_up.weight
create_tensor: loading tensor output.weight
create_tensor: loading tensor per_layer_token_embd.weight
add: tensor per_layer_token_embd.weight (size = 27465 MiB) lazy read enabled
create_tensor: loading tensor blk.0.hc_attn_norm.weight
create_tensor: loading tensor blk.0.hc_attn_down.weight
create_tensor: loading tensor blk.0.hc_attn_up.weight
create_tensor: loading tensor blk.0.hc_attn_inject.weight
create_tensor: loading tensor blk.0.hc_ffn_norm.weight
create_tensor: loading tensor blk.0.hc_ffn_down.weight
create_tensor: loading tensor blk.0.hc_ffn_up.weight
create_tensor: loading tensor blk.0.hc_ffn_inject.weight
create_tensor: loading tensor blk.0.attn_qkv.weight
create_tensor: loading tensor blk.0.attn_gate.weight
create_tensor: loading tensor blk.0.ssm_conv1d.weight
create_tensor: loading tensor blk.0.ssm_dt.bias
create_tensor: loading tensor blk.0.ssm_a
create_tensor: loading tensor blk.0.ssm_beta.weight
create_tensor: loading tensor blk.0.ssm_alpha.weight
create_tensor: loading tensor blk.0.ssm_norm.weight
create_tensor: loading tensor blk.0.ssm_out.weight
create_tensor: loading tensor blk.0.ffn_gate_inp.weight
create_tensor: loading tensor blk.0.ffn_down_exps.weight
llama_model_loader: tensor overrides to CPU are used with mmap enabled - consider using --load-mode none for better performance
tensor blk.0.ffn_down_exps.weight (225 MiB q2_0) buffer type overridden to CUDA_Host
create_tensor: loading tensor blk.0.ffn_gate_up_exps.weight
create_tensor: loading tensor blk.0.ffn_gate_exps.weight
tensor blk.0.ffn_gate_exps.weight (225 MiB q2_0) buffer type overridden to CUDA_Host
create_tensor: loading tensor blk.0.ffn_up_exps.weight
tensor blk.0.ffn_up_exps.weight (225 MiB q2_0) buffer type overridden to CUDA_Host
create_tensor: loading tensor blk.0.ffn_gate_inp_shexp.weight
create_tensor: loading tensor blk.0.ffn_gate_shexp.weight
create_tensor: loading tensor blk.0.ffn_up_shexp.weight
create_tensor: loading tensor blk.0.ffn_down_shexp.weight
create_tensor: loading tensor blk.1.hc_attn_norm.weight
create_tensor: loading tensor blk.1.hc_attn_down.weight
create_tensor: loading tensor blk.1.hc_attn_up.weight
create_tensor: loading tensor blk.1.hc_attn_inject.weight
create_tensor: loading tensor blk.1.hc_ffn_norm.weight
create_tensor: loading tensor blk.1.hc_ffn_down.weight
create_tensor: loading tensor blk.1.hc_ffn_up.weight
create_tensor: loading tensor blk.1.hc_ffn_inject.weight
create_tensor: loading tensor blk.1.attn_qkv.weight
create_tensor: loading tensor blk.1.attn_gate.weight
create_tensor: loading tensor blk.1.ssm_conv1d.weight
create_tensor: loading tensor blk.1.ssm_dt.bias
create_tensor: loading tensor blk.1.ssm_a
create_tensor: loading tensor blk.1.ssm_beta.weight
create_tensor: loading tensor blk.1.ssm_alpha.weight
create_tensor: loading tensor blk.1.ssm_norm.weight
create_tensor: loading tensor blk.1.ssm_out.weight
create_tensor: loading tensor blk.1.ple_key.weight
create_tensor: loading tensor blk.1.ple_value.weight
create_tensor: loading tensor blk.1.ple_norm_key.weight
create_tensor: loading tensor blk.1.ple_norm_query.weight
create_tensor: loading tensor blk.1.ple_norm_conv.weight
create_tensor: loading tensor blk.1.ple_conv1d.weight
create_tensor: loading tensor blk.1.ffn_gate_inp.weight
create_tensor: loading tensor blk.1.ffn_down_exps.weight
tensor blk.1.ffn_down_exps.weight (225 MiB q2_0) buffer type overridden to CUDA_Host
create_tensor: loading tensor blk.1.ffn_gate_up_exps.weight
create_tensor: loading tensor blk.1.ffn_gate_exps.weight
tensor blk.1.ffn_gate_exps.weight (225 MiB q2_0) buffer type overridden to CUDA_Host
create_tensor: loading tensor blk.1.ffn_up_exps.weight
tensor blk.1.ffn_up_exps.weight (225 MiB q2_0) buffer type overridden to CUDA_Host
create_tensor: loading tensor blk.1.ffn_gate_inp_shexp.weight
create_tensor: loading tensor blk.1.ffn_gate_shexp.weight
create_tensor: loading tensor blk.1.ffn_up_shexp.weight
create_tensor: loading tensor blk.1.ffn_down_shexp.weight
create_tensor: loading tensor blk.2.hc_attn_norm.weight
create_tensor: loading tensor blk.2.hc_attn_down.weight
create_tensor: loading tensor blk.2.hc_attn_up.weight
create_tensor: loading tensor blk.2.hc_attn_inject.weight
create_tensor: loading tensor blk.2.hc_ffn_norm.weight
create_tensor: loading tensor blk.2.hc_ffn_down.weight
create_tensor: loading tensor blk.2.hc_ffn_up.weight
create_tensor: loading tensor blk.2.hc_ffn_inject.weight
create_tensor: loading tensor blk.2.attn_qkv.weight
create_tensor: loading tensor blk.2.attn_gate.weight
create_tensor: loading tensor blk.2.ssm_conv1d.weight
create_tensor: loading tensor blk.2.ssm_dt.bias
create_tensor: loading tensor blk.2.ssm_a
create_tensor: loading tensor blk.2.ssm_beta.weight
create_tensor: loading tensor blk.2.ssm_alpha.weight
create_tensor: loading tensor blk.2.ssm_norm.weight
create_tensor: loading tensor blk.2.ssm_out.weight
create_tensor: loading tensor blk.2.ffn_gate_inp.weight
create_tensor: loading tensor blk.2.ffn_down_exps.weight
tensor blk.2.ffn_down_exps.weight (225 MiB q2_0) buffer type overridden to CUDA_Host
create_tensor: loading tensor blk.2.ffn_gate_up_exps.weight
create_tensor: loading tensor blk.2.ffn_gate_exps.weight
tensor blk.2.ffn_gate_exps.weight (225 MiB q2_0) buffer type overridden to CUDA_Host
create_tensor: loading tensor blk.2.ffn_up_exps.weight
tensor blk.2.ffn_up_exps.weight (225 MiB q2_0) buffer type overridden to CUDA_Host
create_tensor: loading tensor blk.2.ffn_gate_inp_shexp.weight
create_tensor: loading tensor blk.2.ffn_gate_shexp.weight
create_tensor: loading tensor blk.2.ffn_up_shexp.weight
create_tensor: loading tensor blk.2.ffn_down_shexp.weight
create_tensor: loading tensor blk.3.hc_attn_norm.weight
create_tensor: loading tensor blk.3.hc_attn_down.weight
create_tensor: loading tensor blk.3.hc_attn_up.weight
create_tensor: loading tensor blk.3.hc_attn_inject.weight
create_tensor: loading tensor blk.3.hc_ffn_norm.weight
create_tensor: loading tensor blk.3.hc_ffn_down.weight
create_tensor: loading tensor blk.3.hc_ffn_up.weight
create_tensor: loading tensor blk.3.hc_ffn_inject.weight
create_tensor: loading tensor blk.3.attn_qkv.weight
create_tensor: loading tensor blk.3.attn_q.weight
create_tensor: loading tensor blk.3.attn_k.weight
create_tensor: loading tensor blk.3.attn_v.weight
create_tensor: loading tensor blk.3.attn_q.bias
create_tensor: loading tensor blk.3.attn_k.bias
create_tensor: loading tensor blk.3.attn_v.bias
create_tensor: loading tensor blk.3.attn_output.weight
create_tensor: loading tensor blk.3.attn_q_norm.weight
create_tensor: loading tensor blk.3.attn_k_norm.weight
create_tensor: loading tensor blk.3.indexer.q_proj.weight
create_tensor: loading tensor blk.3.indexer.k_proj.weight
create_tensor: loading tensor blk.3.indexer.q_norm.weight
create_tensor: loading tensor blk.3.indexer.k_norm.weight
create_tensor: loading tensor blk.3.ffn_gate_inp.weight
create_tensor: loading tensor blk.3.ffn_down_exps.weight
tensor blk.3.ffn_down_exps.weight (225 MiB q2_0) buffer type overridden to CUDA_Host
create_tensor: loading tensor blk.3.ffn_gate_up_exps.weight
create_tensor: loading tensor blk.3.ffn_gate_exps.weight
tensor blk.3.ffn_gate_exps.weight (225 MiB q2_0) buffer type overridden to CUDA_Host
create_tensor: loading tensor blk.3.ffn_up_exps.weight
tensor blk.3.ffn_up_exps.weight (225 MiB q2_0) buffer type overridden to CUDA_Host
create_tensor: loading tensor blk.3.ffn_gate_inp_shexp.weight
create_tensor: loading tensor blk.3.ffn_gate_shexp.weight
create_tensor: loading tensor blk.3.ffn_up_shexp.weight
create_tensor: loading tensor blk.3.ffn_down_shexp.weight
create_tensor: loading tensor blk.4.hc_attn_norm.weight
create_tensor: loading tensor blk.4.hc_attn_down.weight
create_tensor: loading tensor blk.4.hc_attn_up.weight
create_tensor: loading tensor blk.4.hc_attn_inject.weight
create_tensor: loading tensor blk.4.hc_ffn_norm.weight
create_tensor: loading tensor blk.4.hc_ffn_down.weight
create_tensor: loading tensor blk.4.hc_ffn_up.weight
create_tensor: loading tensor blk.4.hc_ffn_inject.weight
create_tensor: loading tensor blk.4.attn_qkv.weight
create_tensor: loading tensor blk.4.attn_gate.weight
create_tensor: loading tensor blk.4.ssm_conv1d.weight
create_tensor: loading tensor blk.4.ssm_dt.bias
create_tensor: loading tensor blk.4.ssm_a
create_tensor: loading tensor blk.4.ssm_beta.weight
create_tensor: loading tensor blk.4.ssm_alpha.weight
create_tensor: loading tensor blk.4.ssm_norm.weight
create_tensor: loading tensor blk.4.ssm_out.weight
create_tensor: loading tensor blk.4.ffn_gate_inp.weight
create_tensor: loading tensor blk.4.ffn_down_exps.weight
tensor blk.4.ffn_down_exps.weight (225 MiB q2_0) buffer type overridden to CUDA_Host
create_tensor: loading tensor blk.4.ffn_gate_up_exps.weight
create_tensor: loading tensor blk.4.ffn_gate_exps.weight
tensor blk.4.ffn_gate_exps.weight (225 MiB q2_0) buffer type overridden to CUDA_Host
create_tensor: loading tensor blk.4.ffn_up_exps.weight
tensor blk.4.ffn_up_exps.weight (225 MiB q2_0) buffer type overridden to CUDA_Host
create_tensor: loading tensor blk.4.ffn_gate_inp_shexp.weight
create_tensor: loading tensor blk.4.ffn_gate_shexp.weight
create_tensor: loading tensor blk.4.ffn_up_shexp.weight
create_tensor: loading tensor blk.4.ffn_down_shexp.weight
create_tensor: loading tensor blk.5.hc_attn_norm.weight
create_tensor: loading tensor blk.5.hc_attn_down.weight
create_tensor: loading tensor blk.5.hc_attn_up.weight
create_tensor: loading tensor blk.5.hc_attn_inject.weight
create_tensor: loading tensor blk.5.hc_ffn_norm.weight
create_tensor: loading tensor blk.5.hc_ffn_down.weight
create_tensor: loading tensor blk.5.hc_ffn_up.weight
create_tensor: loading tensor blk.5.hc_ffn_inject.weight
create_tensor: loading tensor blk.5.attn_qkv.weight
create_tensor: loading tensor blk.5.attn_gate.weight
create_tensor: loading tensor blk.5.ssm_conv1d.weight
create_tensor: loading tensor blk.5.ssm_dt.bias
create_tensor: loading tensor blk.5.ssm_a
create_tensor: loading tensor blk.5.ssm_beta.weight
create_tensor: loading tensor blk.5.ssm_alpha.weight
create_tensor: loading tensor blk.5.ssm_norm.weight
create_tensor: loading tensor blk.5.ssm_out.weight
create_tensor: loading tensor blk.5.ffn_gate_inp.weight
create_tensor: loading tensor blk.5.ffn_down_exps.weight
tensor blk.5.ffn_down_exps.weight (225 MiB q2_0) buffer type overridden to CUDA_Host
create_tensor: loading tensor blk.5.ffn_gate_up_exps.weight
create_tensor: loading tensor blk.5.ffn_gate_exps.weight
tensor blk.5.ffn_gate_exps.weight (225 MiB q2_0) buffer type overridden to CUDA_Host
create_tensor: loading tensor blk.5.ffn_up_exps.weight
tensor blk.5.ffn_up_exps.weight (225 MiB q2_0) buffer type overridden to CUDA_Host
create_tensor: loading tensor blk.5.ffn_gate_inp_shexp.weight
create_tensor: loading tensor blk.5.ffn_gate_shexp.weight
create_tensor: loading tensor blk.5.ffn_up_shexp.weight
create_tensor: loading tensor blk.5.ffn_down_shexp.weight
create_tensor: loading tensor blk.6.hc_attn_norm.weight
create_tensor: loading tensor blk.6.hc_attn_down.weight
create_tensor: loading tensor blk.6.hc_attn_up.weight
create_tensor: loading tensor blk.6.hc_attn_inject.weight
create_tensor: loading tensor blk.6.hc_ffn_norm.weight
create_tensor: loading tensor blk.6.hc_ffn_down.weight
create_tensor: loading tensor blk.6.hc_ffn_up.weight
create_tensor: loading tensor blk.6.hc_ffn_inject.weight
create_tensor: loading tensor blk.6.attn_qkv.weight
create_tensor: loading tensor blk.6.attn_gate.weight
create_tensor: loading tensor blk.6.ssm_conv1d.weight
create_tensor: loading tensor blk.6.ssm_dt.bias
create_tensor: loading tensor blk.6.ssm_a
create_tensor: loading tensor blk.6.ssm_beta.weight
create_tensor: loading tensor blk.6.ssm_alpha.weight
create_tensor: loading tensor blk.6.ssm_norm.weight
create_tensor: loading tensor blk.6.ssm_out.weight
create_tensor: loading tensor blk.6.ffn_gate_inp.weight
create_tensor: loading tensor blk.6.ffn_down_exps.weight
tensor blk.6.ffn_down_exps.weight (225 MiB q2_0) buffer type overridden to CUDA_Host
create_tensor: loading tensor blk.6.ffn_gate_up_exps.weight
create_tensor: loading tensor blk.6.ffn_gate_exps.weight
tensor blk.6.ffn_gate_exps.weight (225 MiB q2_0) buffer type overridden to CUDA_Host
create_tensor: loading tensor blk.6.ffn_up_exps.weight
tensor blk.6.ffn_up_exps.weight (225 MiB q2_0) buffer type overridden to CUDA_Host
create_tensor: loading tensor blk.6.ffn_gate_inp_shexp.weight
create_tensor: loading tensor blk.6.ffn_gate_shexp.weight
create_tensor: loading tensor blk.6.ffn_up_shexp.weight
create_tensor: loading tensor blk.6.ffn_down_shexp.weight
create_tensor: loading tensor blk.7.hc_attn_norm.weight
create_tensor: loading tensor blk.7.hc_attn_down.weight
create_tensor: loading tensor blk.7.hc_attn_up.weight
create_tensor: loading tensor blk.7.hc_attn_inject.weight
create_tensor: loading tensor blk.7.hc_ffn_norm.weight
create_tensor: loading tensor blk.7.hc_ffn_down.weight
create_tensor: loading tensor blk.7.hc_ffn_up.weight
create_tensor: loading tensor blk.7.hc_ffn_inject.weight
create_tensor: loading tensor blk.7.attn_qkv.weight
create_tensor: loading tensor blk.7.attn_q.weight
create_tensor: loading tensor blk.7.attn_k.weight
create_tensor: loading tensor blk.7.attn_v.weight
create_tensor: loading tensor blk.7.attn_q.bias
create_tensor: loading tensor blk.7.attn_k.bias
create_tensor: loading tensor blk.7.attn_v.bias
create_tensor: loading tensor blk.7.attn_output.weight
create_tensor: loading tensor blk.7.attn_q_norm.weight
create_tensor: loading tensor blk.7.attn_k_norm.weight
create_tensor: loading tensor blk.7.indexer.q_proj.weight
create_tensor: loading tensor blk.7.indexer.k_proj.weight
create_tensor: loading tensor blk.7.indexer.q_norm.weight
create_tensor: loading tensor blk.7.indexer.k_norm.weight
create_tensor: loading tensor blk.7.ffn_gate_inp.weight
create_tensor: loading tensor blk.7.ffn_down_exps.weight
tensor blk.7.ffn_down_exps.weight (225 MiB q2_0) buffer type overridden to CUDA_Host
create_tensor: loading tensor blk.7.ffn_gate_up_exps.weight
create_tensor: loading tensor blk.7.ffn_gate_exps.weight
tensor blk.7.ffn_gate_exps.weight (225 MiB q2_0) buffer type overridden to CUDA_Host
create_tensor: loading tensor blk.7.ffn_up_exps.weight
tensor blk.7.ffn_up_exps.weight (225 MiB q2_0) buffer type overridden to CUDA_Host
create_tensor: loading tensor blk.7.ffn_gate_inp_shexp.weight
create_tensor: loading tensor blk.7.ffn_gate_shexp.weight
create_tensor: loading tensor blk.7.ffn_up_shexp.weight
create_tensor: loading tensor blk.7.ffn_down_shexp.weight
create_tensor: loading tensor blk.8.hc_attn_norm.weight
create_tensor: loading tensor blk.8.hc_attn_down.weight
create_tensor: loading tensor blk.8.hc_attn_up.weight
create_tensor: loading tensor blk.8.hc_attn_inject.weight
create_tensor: loading tensor blk.8.hc_ffn_norm.weight
create_tensor: loading tensor blk.8.hc_ffn_down.weight
create_tensor: loading tensor blk.8.hc_ffn_up.weight
create_tensor: loading tensor blk.8.hc_ffn_inject.weight
create_tensor: loading tensor blk.8.attn_qkv.weight
create_tensor: loading tensor blk.8.attn_gate.weight
create_tensor: loading tensor blk.8.ssm_conv1d.weight
create_tensor: loading tensor blk.8.ssm_dt.bias
create_tensor: loading tensor blk.8.ssm_a
create_tensor: loading tensor blk.8.ssm_beta.weight
create_tensor: loading tensor blk.8.ssm_alpha.weight
create_tensor: loading tensor blk.8.ssm_norm.weight
create_tensor: loading tensor blk.8.ssm_out.weight
create_tensor: loading tensor blk.8.ffn_gate_inp.weight
create_tensor: loading tensor blk.8.ffn_down_exps.weight
tensor blk.8.ffn_down_exps.weight (225 MiB q2_0) buffer type overridden to CUDA_Host
create_tensor: loading tensor blk.8.ffn_gate_up_exps.weight
create_tensor: loading tensor blk.8.ffn_gate_exps.weight
tensor blk.8.ffn_gate_exps.weight (225 MiB q2_0) buffer type overridden to CUDA_Host
create_tensor: loading tensor blk.8.ffn_up_exps.weight
tensor blk.8.ffn_up_exps.weight (225 MiB q2_0) buffer type overridden to CUDA_Host
create_tensor: loading tensor blk.8.ffn_gate_inp_shexp.weight
create_tensor: loading tensor blk.8.ffn_gate_shexp.weight
create_tensor: loading tensor blk.8.ffn_up_shexp.weight
create_tensor: loading tensor blk.8.ffn_down_shexp.weight
create_tensor: loading tensor blk.9.hc_attn_norm.weight
create_tensor: loading tensor blk.9.hc_attn_down.weight
create_tensor: loading tensor blk.9.hc_attn_up.weight
create_tensor: loading tensor blk.9.hc_attn_inject.weight
create_tensor: loading tensor blk.9.hc_ffn_norm.weight
create_tensor: loading tensor blk.9.hc_ffn_down.weight
create_tensor: loading tensor blk.9.hc_ffn_up.weight
create_tensor: loading tensor blk.9.hc_ffn_inject.weight
create_tensor: loading tensor blk.9.attn_qkv.weight
create_tensor: loading tensor blk.9.attn_gate.weight
create_tensor: loading tensor blk.9.ssm_conv1d.weight
create_tensor: loading tensor blk.9.ssm_dt.bias
create_tensor: loading tensor blk.9.ssm_a
create_tensor: loading tensor blk.9.ssm_beta.weight
create_tensor: loading tensor blk.9.ssm_alpha.weight
create_tensor: loading tensor blk.9.ssm_norm.weight
create_tensor: loading tensor blk.9.ssm_out.weight
create_tensor: loading tensor blk.9.ffn_gate_inp.weight
create_tensor: loading tensor blk.9.ffn_down_exps.weight
tensor blk.9.ffn_down_exps.weight (225 MiB q2_0) buffer type overridden to CUDA_Host
create_tensor: loading tensor blk.9.ffn_gate_up_exps.weight
create_tensor: loading tensor blk.9.ffn_gate_exps.weight
tensor blk.9.ffn_gate_exps.weight (225 MiB q2_0) buffer type overridden to CUDA_Host
create_tensor: loading tensor blk.9.ffn_up_exps.weight
tensor blk.9.ffn_up_exps.weight (225 MiB q2_0) buffer type overridden to CUDA_Host
create_tensor: loading tensor blk.9.ffn_gate_inp_shexp.weight
create_tensor: loading tensor blk.9.ffn_gate_shexp.weight
create_tensor: loading tensor blk.9.ffn_up_shexp.weight
create_tensor: loading tensor blk.9.ffn_down_shexp.weight
create_tensor: loading tensor blk.10.hc_attn_norm.weight
create_tensor: loading tensor blk.10.hc_attn_down.weight
create_tensor: loading tensor blk.10.hc_attn_up.weight
create_tensor: loading tensor blk.10.hc_attn_inject.weight
create_tensor: loading tensor blk.10.hc_ffn_norm.weight
create_tensor: loading tensor blk.10.hc_ffn_down.weight
create_tensor: loading tensor blk.10.hc_ffn_up.weight
create_tensor: loading tensor blk.10.hc_ffn_inject.weight
create_tensor: loading tensor blk.10.attn_qkv.weight
create_tensor: loading tensor blk.10.attn_gate.weight
create_tensor: loading tensor blk.10.ssm_conv1d.weight
create_tensor: loading tensor blk.10.ssm_dt.bias
create_tensor: loading tensor blk.10.ssm_a
create_tensor: loading tensor blk.10.ssm_beta.weight
create_tensor: loading tensor blk.10.ssm_alpha.weight
create_tensor: loading tensor blk.10.ssm_norm.weight
create_tensor: loading tensor blk.10.ssm_out.weight
create_tensor: loading tensor blk.10.ffn_gate_inp.weight
create_tensor: loading tensor blk.10.ffn_down_exps.weight
tensor blk.10.ffn_down_exps.weight (225 MiB q2_0) buffer type overridden to CUDA_Host
create_tensor: loading tensor blk.10.ffn_gate_up_exps.weight
create_tensor: loading tensor blk.10.ffn_gate_exps.weight
tensor blk.10.ffn_gate_exps.weight (225 MiB q2_0) buffer type overridden to CUDA_Host
create_tensor: loading tensor blk.10.ffn_up_exps.weight
tensor blk.10.ffn_up_exps.weight (225 MiB q2_0) buffer type overridden to CUDA_Host
create_tensor: loading tensor blk.10.ffn_gate_inp_shexp.weight
create_tensor: loading tensor blk.10.ffn_gate_shexp.weight
create_tensor: loading tensor blk.10.ffn_up_shexp.weight
create_tensor: loading tensor blk.10.ffn_down_shexp.weight
create_tensor: loading tensor blk.11.hc_attn_norm.weight
create_tensor: loading tensor blk.11.hc_attn_down.weight
create_tensor: loading tensor blk.11.hc_attn_up.weight
create_tensor: loading tensor blk.11.hc_attn_inject.weight
create_tensor: loading tensor blk.11.hc_ffn_norm.weight
create_tensor: loading tensor blk.11.hc_ffn_down.weight
create_tensor: loading tensor blk.11.hc_ffn_up.weight
create_tensor: loading tensor blk.11.hc_ffn_inject.weight
create_tensor: loading tensor blk.11.attn_qkv.weight
create_tensor: loading tensor blk.11.attn_q.weight
create_tensor: loading tensor blk.11.attn_k.weight
create_tensor: loading tensor blk.11.attn_v.weight
create_tensor: loading tensor blk.11.attn_q.bias
create_tensor: loading tensor blk.11.attn_k.bias
create_tensor: loading tensor blk.11.attn_v.bias
create_tensor: loading tensor blk.11.attn_output.weight
create_tensor: loading tensor blk.11.attn_q_norm.weight
create_tensor: loading tensor blk.11.attn_k_norm.weight
create_tensor: loading tensor blk.11.indexer.q_proj.weight
create_tensor: loading tensor blk.11.indexer.k_proj.weight
create_tensor: loading tensor blk.11.indexer.q_norm.weight
create_tensor: loading tensor blk.11.indexer.k_norm.weight
create_tensor: loading tensor blk.11.ffn_gate_inp.weight
create_tensor: loading tensor blk.11.ffn_down_exps.weight
tensor blk.11.ffn_down_exps.weight (225 MiB q2_0) buffer type overridden to CUDA_Host
create_tensor: loading tensor blk.11.ffn_gate_up_exps.weight
create_tensor: loading tensor blk.11.ffn_gate_exps.weight
tensor blk.11.ffn_gate_exps.weight (225 MiB q2_0) buffer type overridden to CUDA_Host
create_tensor: loading tensor blk.11.ffn_up_exps.weight
tensor blk.11.ffn_up_exps.weight (225 MiB q2_0) buffer type overridden to CUDA_Host
create_tensor: loading tensor blk.11.ffn_gate_inp_shexp.weight
create_tensor: loading tensor blk.11.ffn_gate_shexp.weight
create_tensor: loading tensor blk.11.ffn_up_shexp.weight
create_tensor: loading tensor blk.11.ffn_down_shexp.weight
create_tensor: loading tensor blk.12.hc_attn_norm.weight
create_tensor: loading tensor blk.12.hc_attn_down.weight
create_tensor: loading tensor blk.12.hc_attn_up.weight
create_tensor: loading tensor blk.12.hc_attn_inject.weight
create_tensor: loading tensor blk.12.hc_ffn_norm.weight
create_tensor: loading tensor blk.12.hc_ffn_down.weight
create_tensor: loading tensor blk.12.hc_ffn_up.weight
create_tensor: loading tensor blk.12.hc_ffn_inject.weight
create_tensor: loading tensor blk.12.attn_qkv.weight
create_tensor: loading tensor blk.12.attn_gate.weight
create_tensor: loading tensor blk.12.ssm_conv1d.weight
create_tensor: loading tensor blk.12.ssm_dt.bias
create_tensor: loading tensor blk.12.ssm_a
create_tensor: loading tensor blk.12.ssm_beta.weight
create_tensor: loading tensor blk.12.ssm_alpha.weight
create_tensor: loading tensor blk.12.ssm_norm.weight
create_tensor: loading tensor blk.12.ssm_out.weight
create_tensor: loading tensor blk.12.ffn_gate_inp.weight
create_tensor: loading tensor blk.12.ffn_down_exps.weight
tensor blk.12.ffn_down_exps.weight (225 MiB q2_0) buffer type overridden to CUDA_Host
create_tensor: loading tensor blk.12.ffn_gate_up_exps.weight
create_tensor: loading tensor blk.12.ffn_gate_exps.weight
tensor blk.12.ffn_gate_exps.weight (225 MiB q2_0) buffer type overridden to CUDA_Host
create_tensor: loading tensor blk.12.ffn_up_exps.weight
tensor blk.12.ffn_up_exps.weight (225 MiB q2_0) buffer type overridden to CUDA_Host
create_tensor: loading tensor blk.12.ffn_gate_inp_shexp.weight
create_tensor: loading tensor blk.12.ffn_gate_shexp.weight
create_tensor: loading tensor blk.12.ffn_up_shexp.weight
create_tensor: loading tensor blk.12.ffn_down_shexp.weight
create_tensor: loading tensor blk.13.hc_attn_norm.weight
create_tensor: loading tensor blk.13.hc_attn_down.weight
create_tensor: loading tensor blk.13.hc_attn_up.weight
create_tensor: loading tensor blk.13.hc_attn_inject.weight
create_tensor: loading tensor blk.13.hc_ffn_norm.weight
create_tensor: loading tensor blk.13.hc_ffn_down.weight
create_tensor: loading tensor blk.13.hc_ffn_up.weight
create_tensor: loading tensor blk.13.hc_ffn_inject.weight
create_tensor: loading tensor blk.13.attn_qkv.weight
create_tensor: loading tensor blk.13.attn_gate.weight
create_tensor: loading tensor blk.13.ssm_conv1d.weight
create_tensor: loading tensor blk.13.ssm_dt.bias
create_tensor: loading tensor blk.13.ssm_a
create_tensor: loading tensor blk.13.ssm_beta.weight
create_tensor: loading tensor blk.13.ssm_alpha.weight
create_tensor: loading tensor blk.13.ssm_norm.weight
create_tensor: loading tensor blk.13.ssm_out.weight
create_tensor: loading tensor blk.13.ffn_gate_inp.weight
create_tensor: loading tensor blk.13.ffn_down_exps.weight
tensor blk.13.ffn_down_exps.weight (225 MiB q2_0) buffer type overridden to CUDA_Host
create_tensor: loading tensor blk.13.ffn_gate_up_exps.weight
create_tensor: loading tensor blk.13.ffn_gate_exps.weight
tensor blk.13.ffn_gate_exps.weight (225 MiB q2_0) buffer type overridden to CUDA_Host
create_tensor: loading tensor blk.13.ffn_up_exps.weight
tensor blk.13.ffn_up_exps.weight (225 MiB q2_0) buffer type overridden to CUDA_Host
create_tensor: loading tensor blk.13.ffn_gate_inp_shexp.weight
create_tensor: loading tensor blk.13.ffn_gate_shexp.weight
create_tensor: loading tensor blk.13.ffn_up_shexp.weight
create_tensor: loading tensor blk.13.ffn_down_shexp.weight
create_tensor: loading tensor blk.14.hc_attn_norm.weight
create_tensor: loading tensor blk.14.hc_attn_down.weight
create_tensor: loading tensor blk.14.hc_attn_up.weight
create_tensor: loading tensor blk.14.hc_attn_inject.weight
create_tensor: loading tensor blk.14.hc_ffn_norm.weight
create_tensor: loading tensor blk.14.hc_ffn_down.weight
create_tensor: loading tensor blk.14.hc_ffn_up.weight
create_tensor: loading tensor blk.14.hc_ffn_inject.weight
create_tensor: loading tensor blk.14.attn_qkv.weight
create_tensor: loading tensor blk.14.attn_gate.weight
create_tensor: loading tensor blk.14.ssm_conv1d.weight
create_tensor: loading tensor blk.14.ssm_dt.bias
create_tensor: loading tensor blk.14.ssm_a
create_tensor: loading tensor blk.14.ssm_beta.weight
create_tensor: loading tensor blk.14.ssm_alpha.weight
create_tensor: loading tensor blk.14.ssm_norm.weight
create_tensor: loading tensor blk.14.ssm_out.weight
create_tensor: loading tensor blk.14.ffn_gate_inp.weight
create_tensor: loading tensor blk.14.ffn_down_exps.weight
tensor blk.14.ffn_down_exps.weight (225 MiB q2_0) buffer type overridden to CUDA_Host
create_tensor: loading tensor blk.14.ffn_gate_up_exps.weight
create_tensor: loading tensor blk.14.ffn_gate_exps.weight
tensor blk.14.ffn_gate_exps.weight (225 MiB q2_0) buffer type overridden to CUDA_Host
create_tensor: loading tensor blk.14.ffn_up_exps.weight
tensor blk.14.ffn_up_exps.weight (225 MiB q2_0) buffer type overridden to CUDA_Host
create_tensor: loading tensor blk.14.ffn_gate_inp_shexp.weight
create_tensor: loading tensor blk.14.ffn_gate_shexp.weight
create_tensor: loading tensor blk.14.ffn_up_shexp.weight
create_tensor: loading tensor blk.14.ffn_down_shexp.weight
create_tensor: loading tensor blk.15.hc_attn_norm.weight
create_tensor: loading tensor blk.15.hc_attn_down.weight
create_tensor: loading tensor blk.15.hc_attn_up.weight
create_tensor: loading tensor blk.15.hc_attn_inject.weight
create_tensor: loading tensor blk.15.hc_ffn_norm.weight
create_tensor: loading tensor blk.15.hc_ffn_down.weight
create_tensor: loading tensor blk.15.hc_ffn_up.weight
create_tensor: loading tensor blk.15.hc_ffn_inject.weight
create_tensor: loading tensor blk.15.attn_qkv.weight
create_tensor: loading tensor blk.15.attn_q.weight
create_tensor: loading tensor blk.15.attn_k.weight
create_tensor: loading tensor blk.15.attn_v.weight
create_tensor: loading tensor blk.15.attn_q.bias
create_tensor: loading tensor blk.15.attn_k.bias
create_tensor: loading tensor blk.15.attn_v.bias
create_tensor: loading tensor blk.15.attn_output.weight
create_tensor: loading tensor blk.15.attn_q_norm.weight
create_tensor: loading tensor blk.15.attn_k_norm.weight
create_tensor: loading tensor blk.15.indexer.q_proj.weight
create_tensor: loading tensor blk.15.indexer.k_proj.weight
create_tensor: loading tensor blk.15.indexer.q_norm.weight
create_tensor: loading tensor blk.15.indexer.k_norm.weight
create_tensor: loading tensor blk.15.ffn_gate_inp.weight
create_tensor: loading tensor blk.15.ffn_down_exps.weight
tensor blk.15.ffn_down_exps.weight (225 MiB q2_0) buffer type overridden to CUDA_Host
create_tensor: loading tensor blk.15.ffn_gate_up_exps.weight
create_tensor: loading tensor blk.15.ffn_gate_exps.weight
tensor blk.15.ffn_gate_exps.weight (225 MiB q2_0) buffer type overridden to CUDA_Host
create_tensor: loading tensor blk.15.ffn_up_exps.weight
tensor blk.15.ffn_up_exps.weight (225 MiB q2_0) buffer type overridden to CUDA_Host
create_tensor: loading tensor blk.15.ffn_gate_inp_shexp.weight
create_tensor: loading tensor blk.15.ffn_gate_shexp.weight
create_tensor: loading tensor blk.15.ffn_up_shexp.weight
create_tensor: loading tensor blk.15.ffn_down_shexp.weight
create_tensor: loading tensor blk.16.hc_attn_norm.weight
create_tensor: loading tensor blk.16.hc_attn_down.weight
create_tensor: loading tensor blk.16.hc_attn_up.weight
create_tensor: loading tensor blk.16.hc_attn_inject.weight
create_tensor: loading tensor blk.16.hc_ffn_norm.weight
create_tensor: loading tensor blk.16.hc_ffn_down.weight
create_tensor: loading tensor blk.16.hc_ffn_up.weight
create_tensor: loading tensor blk.16.hc_ffn_inject.weight
create_tensor: loading tensor blk.16.attn_qkv.weight
create_tensor: loading tensor blk.16.attn_gate.weight
create_tensor: loading tensor blk.16.ssm_conv1d.weight
create_tensor: loading tensor blk.16.ssm_dt.bias
create_tensor: loading tensor blk.16.ssm_a
create_tensor: loading tensor blk.16.ssm_beta.weight
create_tensor: loading tensor blk.16.ssm_alpha.weight
create_tensor: loading tensor blk.16.ssm_norm.weight
create_tensor: loading tensor blk.16.ssm_out.weight
create_tensor: loading tensor blk.16.ffn_gate_inp.weight
create_tensor: loading tensor blk.16.ffn_down_exps.weight
tensor blk.16.ffn_down_exps.weight (225 MiB q2_0) buffer type overridden to CUDA_Host
create_tensor: loading tensor blk.16.ffn_gate_up_exps.weight
create_tensor: loading tensor blk.16.ffn_gate_exps.weight
tensor blk.16.ffn_gate_exps.weight (225 MiB q2_0) buffer type overridden to CUDA_Host
create_tensor: loading tensor blk.16.ffn_up_exps.weight
tensor blk.16.ffn_up_exps.weight (225 MiB q2_0) buffer type overridden to CUDA_Host
create_tensor: loading tensor blk.16.ffn_gate_inp_shexp.weight
create_tensor: loading tensor blk.16.ffn_gate_shexp.weight
create_tensor: loading tensor blk.16.ffn_up_shexp.weight
create_tensor: loading tensor blk.16.ffn_down_shexp.weight
create_tensor: loading tensor blk.17.hc_attn_norm.weight
create_tensor: loading tensor blk.17.hc_attn_down.weight
create_tensor: loading tensor blk.17.hc_attn_up.weight
create_tensor: loading tensor blk.17.hc_attn_inject.weight
create_tensor: loading tensor blk.17.hc_ffn_norm.weight
create_tensor: loading tensor blk.17.hc_ffn_down.weight
create_tensor: loading tensor blk.17.hc_ffn_up.weight
create_tensor: loading tensor blk.17.hc_ffn_inject.weight
create_tensor: loading tensor blk.17.attn_qkv.weight
create_tensor: loading tensor blk.17.attn_gate.weight
create_tensor: loading tensor blk.17.ssm_conv1d.weight
create_tensor: loading tensor blk.17.ssm_dt.bias
create_tensor: loading tensor blk.17.ssm_a
create_tensor: loading tensor blk.17.ssm_beta.weight
create_tensor: loading tensor blk.17.ssm_alpha.weight
create_tensor: loading tensor blk.17.ssm_norm.weight
create_tensor: loading tensor blk.17.ssm_out.weight
create_tensor: loading tensor blk.17.ffn_gate_inp.weight
create_tensor: loading tensor blk.17.ffn_down_exps.weight
tensor blk.17.ffn_down_exps.weight (225 MiB q2_0) buffer type overridden to CUDA_Host
create_tensor: loading tensor blk.17.ffn_gate_up_exps.weight
create_tensor: loading tensor blk.17.ffn_gate_exps.weight
tensor blk.17.ffn_gate_exps.weight (225 MiB q2_0) buffer type overridden to CUDA_Host
create_tensor: loading tensor blk.17.ffn_up_exps.weight
tensor blk.17.ffn_up_exps.weight (225 MiB q2_0) buffer type overridden to CUDA_Host
create_tensor: loading tensor blk.17.ffn_gate_inp_shexp.weight
create_tensor: loading tensor blk.17.ffn_gate_shexp.weight
create_tensor: loading tensor blk.17.ffn_up_shexp.weight
create_tensor: loading tensor blk.17.ffn_down_shexp.weight
create_tensor: loading tensor blk.18.hc_attn_norm.weight
create_tensor: loading tensor blk.18.hc_attn_down.weight
create_tensor: loading tensor blk.18.hc_attn_up.weight
create_tensor: loading tensor blk.18.hc_attn_inject.weight
create_tensor: loading tensor blk.18.hc_ffn_norm.weight
create_tensor: loading tensor blk.18.hc_ffn_down.weight
create_tensor: loading tensor blk.18.hc_ffn_up.weight
create_tensor: loading tensor blk.18.hc_ffn_inject.weight
create_tensor: loading tensor blk.18.attn_qkv.weight
create_tensor: loading tensor blk.18.attn_gate.weight
create_tensor: loading tensor blk.18.ssm_conv1d.weight
create_tensor: loading tensor blk.18.ssm_dt.bias
create_tensor: loading tensor blk.18.ssm_a
create_tensor: loading tensor blk.18.ssm_beta.weight
create_tensor: loading tensor blk.18.ssm_alpha.weight
create_tensor: loading tensor blk.18.ssm_norm.weight
create_tensor: loading tensor blk.18.ssm_out.weight
create_tensor: loading tensor blk.18.ffn_gate_inp.weight
create_tensor: loading tensor blk.18.ffn_down_exps.weight
tensor blk.18.ffn_down_exps.weight (225 MiB q2_0) buffer type overridden to CUDA_Host
create_tensor: loading tensor blk.18.ffn_gate_up_exps.weight
create_tensor: loading tensor blk.18.ffn_gate_exps.weight
tensor blk.18.ffn_gate_exps.weight (225 MiB q2_0) buffer type overridden to CUDA_Host
create_tensor: loading tensor blk.18.ffn_up_exps.weight
tensor blk.18.ffn_up_exps.weight (225 MiB q2_0) buffer type overridden to CUDA_Host
create_tensor: loading tensor blk.18.ffn_gate_inp_shexp.weight
create_tensor: loading tensor blk.18.ffn_gate_shexp.weight
create_tensor: loading tensor blk.18.ffn_up_shexp.weight
create_tensor: loading tensor blk.18.ffn_down_shexp.weight
create_tensor: loading tensor blk.19.hc_attn_norm.weight
create_tensor: loading tensor blk.19.hc_attn_down.weight
create_tensor: loading tensor blk.19.hc_attn_up.weight
create_tensor: loading tensor blk.19.hc_attn_inject.weight
create_tensor: loading tensor blk.19.hc_ffn_norm.weight
create_tensor: loading tensor blk.19.hc_ffn_down.weight
create_tensor: loading tensor blk.19.hc_ffn_up.weight
create_tensor: loading tensor blk.19.hc_ffn_inject.weight
create_tensor: loading tensor blk.19.attn_qkv.weight
create_tensor: loading tensor blk.19.attn_q.weight
create_tensor: loading tensor blk.19.attn_k.weight
create_tensor: loading tensor blk.19.attn_v.weight
create_tensor: loading tensor blk.19.attn_q.bias
create_tensor: loading tensor blk.19.attn_k.bias
create_tensor: loading tensor blk.19.attn_v.bias
create_tensor: loading tensor blk.19.attn_output.weight
create_tensor: loading tensor blk.19.attn_q_norm.weight
create_tensor: loading tensor blk.19.attn_k_norm.weight
create_tensor: loading tensor blk.19.indexer.q_proj.weight
create_tensor: loading tensor blk.19.indexer.k_proj.weight
create_tensor: loading tensor blk.19.indexer.q_norm.weight
create_tensor: loading tensor blk.19.indexer.k_norm.weight
create_tensor: loading tensor blk.19.ffn_gate_inp.weight
create_tensor: loading tensor blk.19.ffn_down_exps.weight
tensor blk.19.ffn_down_exps.weight (225 MiB q2_0) buffer type overridden to CUDA_Host
create_tensor: loading tensor blk.19.ffn_gate_up_exps.weight
create_tensor: loading tensor blk.19.ffn_gate_exps.weight
tensor blk.19.ffn_gate_exps.weight (225 MiB q2_0) buffer type overridden to CUDA_Host
create_tensor: loading tensor blk.19.ffn_up_exps.weight
tensor blk.19.ffn_up_exps.weight (225 MiB q2_0) buffer type overridden to CUDA_Host
create_tensor: loading tensor blk.19.ffn_gate_inp_shexp.weight
create_tensor: loading tensor blk.19.ffn_gate_shexp.weight
create_tensor: loading tensor blk.19.ffn_up_shexp.weight
create_tensor: loading tensor blk.19.ffn_down_shexp.weight
create_tensor: loading tensor blk.20.hc_attn_norm.weight
create_tensor: loading tensor blk.20.hc_attn_down.weight
create_tensor: loading tensor blk.20.hc_attn_up.weight
create_tensor: loading tensor blk.20.hc_attn_inject.weight
create_tensor: loading tensor blk.20.hc_ffn_norm.weight
create_tensor: loading tensor blk.20.hc_ffn_down.weight
create_tensor: loading tensor blk.20.hc_ffn_up.weight
create_tensor: loading tensor blk.20.hc_ffn_inject.weight
create_tensor: loading tensor blk.20.attn_qkv.weight
create_tensor: loading tensor blk.20.attn_gate.weight
create_tensor: loading tensor blk.20.ssm_conv1d.weight
create_tensor: loading tensor blk.20.ssm_dt.bias
create_tensor: loading tensor blk.20.ssm_a
create_tensor: loading tensor blk.20.ssm_beta.weight
create_tensor: loading tensor blk.20.ssm_alpha.weight
create_tensor: loading tensor blk.20.ssm_norm.weight
create_tensor: loading tensor blk.20.ssm_out.weight
create_tensor: loading tensor blk.20.ffn_gate_inp.weight
create_tensor: loading tensor blk.20.ffn_down_exps.weight
tensor blk.20.ffn_down_exps.weight (225 MiB q2_0) buffer type overridden to CUDA_Host
create_tensor: loading tensor blk.20.ffn_gate_up_exps.weight
create_tensor: loading tensor blk.20.ffn_gate_exps.weight
tensor blk.20.ffn_gate_exps.weight (225 MiB q2_0) buffer type overridden to CUDA_Host
create_tensor: loading tensor blk.20.ffn_up_exps.weight
tensor blk.20.ffn_up_exps.weight (225 MiB q2_0) buffer type overridden to CUDA_Host
create_tensor: loading tensor blk.20.ffn_gate_inp_shexp.weight
create_tensor: loading tensor blk.20.ffn_gate_shexp.weight
create_tensor: loading tensor blk.20.ffn_up_shexp.weight
create_tensor: loading tensor blk.20.ffn_down_shexp.weight
create_tensor: loading tensor blk.21.hc_attn_norm.weight
create_tensor: loading tensor blk.21.hc_attn_down.weight
create_tensor: loading tensor blk.21.hc_attn_up.weight
create_tensor: loading tensor blk.21.hc_attn_inject.weight
create_tensor: loading tensor blk.21.hc_ffn_norm.weight
create_tensor: loading tensor blk.21.hc_ffn_down.weight
create_tensor: loading tensor blk.21.hc_ffn_up.weight
create_tensor: loading tensor blk.21.hc_ffn_inject.weight
create_tensor: loading tensor blk.21.attn_qkv.weight
create_tensor: loading tensor blk.21.attn_gate.weight
create_tensor: loading tensor blk.21.ssm_conv1d.weight
create_tensor: loading tensor blk.21.ssm_dt.bias
create_tensor: loading tensor blk.21.ssm_a
create_tensor: loading tensor blk.21.ssm_beta.weight
create_tensor: loading tensor blk.21.ssm_alpha.weight
create_tensor: loading tensor blk.21.ssm_norm.weight
create_tensor: loading tensor blk.21.ssm_out.weight
create_tensor: loading tensor blk.21.ffn_gate_inp.weight
create_tensor: loading tensor blk.21.ffn_down_exps.weight
tensor blk.21.ffn_down_exps.weight (225 MiB q2_0) buffer type overridden to CUDA_Host
create_tensor: loading tensor blk.21.ffn_gate_up_exps.weight
create_tensor: loading tensor blk.21.ffn_gate_exps.weight
tensor blk.21.ffn_gate_exps.weight (225 MiB q2_0) buffer type overridden to CUDA_Host
create_tensor: loading tensor blk.21.ffn_up_exps.weight
tensor blk.21.ffn_up_exps.weight (225 MiB q2_0) buffer type overridden to CUDA_Host
create_tensor: loading tensor blk.21.ffn_gate_inp_shexp.weight
create_tensor: loading tensor blk.21.ffn_gate_shexp.weight
create_tensor: loading tensor blk.21.ffn_up_shexp.weight
create_tensor: loading tensor blk.21.ffn_down_shexp.weight
create_tensor: loading tensor blk.22.hc_attn_norm.weight
create_tensor: loading tensor blk.22.hc_attn_down.weight
create_tensor: loading tensor blk.22.hc_attn_up.weight
create_tensor: loading tensor blk.22.hc_attn_inject.weight
create_tensor: loading tensor blk.22.hc_ffn_norm.weight
create_tensor: loading tensor blk.22.hc_ffn_down.weight
create_tensor: loading tensor blk.22.hc_ffn_up.weight
create_tensor: loading tensor blk.22.hc_ffn_inject.weight
create_tensor: loading tensor blk.22.attn_qkv.weight
create_tensor: loading tensor blk.22.attn_gate.weight
create_tensor: loading tensor blk.22.ssm_conv1d.weight
create_tensor: loading tensor blk.22.ssm_dt.bias
create_tensor: loading tensor blk.22.ssm_a
create_tensor: loading tensor blk.22.ssm_beta.weight
create_tensor: loading tensor blk.22.ssm_alpha.weight
create_tensor: loading tensor blk.22.ssm_norm.weight
create_tensor: loading tensor blk.22.ssm_out.weight
create_tensor: loading tensor blk.22.ffn_gate_inp.weight
create_tensor: loading tensor blk.22.ffn_down_exps.weight
tensor blk.22.ffn_down_exps.weight (225 MiB q2_0) buffer type overridden to CUDA_Host
create_tensor: loading tensor blk.22.ffn_gate_up_exps.weight
create_tensor: loading tensor blk.22.ffn_gate_exps.weight
tensor blk.22.ffn_gate_exps.weight (225 MiB q2_0) buffer type overridden to CUDA_Host
create_tensor: loading tensor blk.22.ffn_up_exps.weight
tensor blk.22.ffn_up_exps.weight (225 MiB q2_0) buffer type overridden to CUDA_Host
create_tensor: loading tensor blk.22.ffn_gate_inp_shexp.weight
create_tensor: loading tensor blk.22.ffn_gate_shexp.weight
create_tensor: loading tensor blk.22.ffn_up_shexp.weight
create_tensor: loading tensor blk.22.ffn_down_shexp.weight
create_tensor: loading tensor blk.23.hc_attn_norm.weight
create_tensor: loading tensor blk.23.hc_attn_down.weight
create_tensor: loading tensor blk.23.hc_attn_up.weight
create_tensor: loading tensor blk.23.hc_attn_inject.weight
create_tensor: loading tensor blk.23.hc_ffn_norm.weight
create_tensor: loading tensor blk.23.hc_ffn_down.weight
create_tensor: loading tensor blk.23.hc_ffn_up.weight
create_tensor: loading tensor blk.23.hc_ffn_inject.weight
create_tensor: loading tensor blk.23.attn_qkv.weight
create_tensor: loading tensor blk.23.attn_q.weight
create_tensor: loading tensor blk.23.attn_k.weight
create_tensor: loading tensor blk.23.attn_v.weight
create_tensor: loading tensor blk.23.attn_q.bias
create_tensor: loading tensor blk.23.attn_k.bias
create_tensor: loading tensor blk.23.attn_v.bias
create_tensor: loading tensor blk.23.attn_output.weight
create_tensor: loading tensor blk.23.attn_q_norm.weight
create_tensor: loading tensor blk.23.attn_k_norm.weight
create_tensor: loading tensor blk.23.indexer.q_proj.weight
create_tensor: loading tensor blk.23.indexer.k_proj.weight
create_tensor: loading tensor blk.23.indexer.q_norm.weight
create_tensor: loading tensor blk.23.indexer.k_norm.weight
create_tensor: loading tensor blk.23.ffn_gate_inp.weight
create_tensor: loading tensor blk.23.ffn_down_exps.weight
tensor blk.23.ffn_down_exps.weight (225 MiB q2_0) buffer type overridden to CUDA_Host
create_tensor: loading tensor blk.23.ffn_gate_up_exps.weight
create_tensor: loading tensor blk.23.ffn_gate_exps.weight
tensor blk.23.ffn_gate_exps.weight (225 MiB q2_0) buffer type overridden to CUDA_Host
create_tensor: loading tensor blk.23.ffn_up_exps.weight
tensor blk.23.ffn_up_exps.weight (225 MiB q2_0) buffer type overridden to CUDA_Host
create_tensor: loading tensor blk.23.ffn_gate_inp_shexp.weight
create_tensor: loading tensor blk.23.ffn_gate_shexp.weight
create_tensor: loading tensor blk.23.ffn_up_shexp.weight
create_tensor: loading tensor blk.23.ffn_down_shexp.weight
create_tensor: loading tensor blk.24.hc_attn_norm.weight
create_tensor: loading tensor blk.24.hc_attn_down.weight
create_tensor: loading tensor blk.24.hc_attn_up.weight
create_tensor: loading tensor blk.24.hc_attn_inject.weight
create_tensor: loading tensor blk.24.hc_ffn_norm.weight
create_tensor: loading tensor blk.24.hc_ffn_down.weight
create_tensor: loading tensor blk.24.hc_ffn_up.weight
create_tensor: loading tensor blk.24.hc_ffn_inject.weight
create_tensor: loading tensor blk.24.attn_qkv.weight
create_tensor: loading tensor blk.24.attn_gate.weight
create_tensor: loading tensor blk.24.ssm_conv1d.weight
create_tensor: loading tensor blk.24.ssm_dt.bias
create_tensor: loading tensor blk.24.ssm_a
create_tensor: loading tensor blk.24.ssm_beta.weight
create_tensor: loading tensor blk.24.ssm_alpha.weight
create_tensor: loading tensor blk.24.ssm_norm.weight
create_tensor: loading tensor blk.24.ssm_out.weight
create_tensor: loading tensor blk.24.ffn_gate_inp.weight
create_tensor: loading tensor blk.24.ffn_down_exps.weight
tensor blk.24.ffn_down_exps.weight (225 MiB q2_0) buffer type overridden to CUDA_Host
create_tensor: loading tensor blk.24.ffn_gate_up_exps.weight
create_tensor: loading tensor blk.24.ffn_gate_exps.weight
tensor blk.24.ffn_gate_exps.weight (225 MiB q2_0) buffer type overridden to CUDA_Host
create_tensor: loading tensor blk.24.ffn_up_exps.weight
tensor blk.24.ffn_up_exps.weight (225 MiB q2_0) buffer type overridden to CUDA_Host
create_tensor: loading tensor blk.24.ffn_gate_inp_shexp.weight
create_tensor: loading tensor blk.24.ffn_gate_shexp.weight
create_tensor: loading tensor blk.24.ffn_up_shexp.weight
create_tensor: loading tensor blk.24.ffn_down_shexp.weight
create_tensor: loading tensor blk.25.hc_attn_norm.weight
create_tensor: loading tensor blk.25.hc_attn_down.weight
create_tensor: loading tensor blk.25.hc_attn_up.weight
create_tensor: loading tensor blk.25.hc_attn_inject.weight
create_tensor: loading tensor blk.25.hc_ffn_norm.weight
create_tensor: loading tensor blk.25.hc_ffn_down.weight
create_tensor: loading tensor blk.25.hc_ffn_up.weight
create_tensor: loading tensor blk.25.hc_ffn_inject.weight
create_tensor: loading tensor blk.25.attn_qkv.weight
create_tensor: loading tensor blk.25.attn_gate.weight
create_tensor: loading tensor blk.25.ssm_conv1d.weight
create_tensor: loading tensor blk.25.ssm_dt.bias
create_tensor: loading tensor blk.25.ssm_a
create_tensor: loading tensor blk.25.ssm_beta.weight
create_tensor: loading tensor blk.25.ssm_alpha.weight
create_tensor: loading tensor blk.25.ssm_norm.weight
create_tensor: loading tensor blk.25.ssm_out.weight
create_tensor: loading tensor blk.25.ffn_gate_inp.weight
create_tensor: loading tensor blk.25.ffn_down_exps.weight
tensor blk.25.ffn_down_exps.weight (225 MiB q2_0) buffer type overridden to CUDA_Host
create_tensor: loading tensor blk.25.ffn_gate_up_exps.weight
create_tensor: loading tensor blk.25.ffn_gate_exps.weight
tensor blk.25.ffn_gate_exps.weight (225 MiB q2_0) buffer type overridden to CUDA_Host
create_tensor: loading tensor blk.25.ffn_up_exps.weight
tensor blk.25.ffn_up_exps.weight (225 MiB q2_0) buffer type overridden to CUDA_Host
create_tensor: loading tensor blk.25.ffn_gate_inp_shexp.weight
create_tensor: loading tensor blk.25.ffn_gate_shexp.weight
create_tensor: loading tensor blk.25.ffn_up_shexp.weight
create_tensor: loading tensor blk.25.ffn_down_shexp.weight
create_tensor: loading tensor blk.26.hc_attn_norm.weight
create_tensor: loading tensor blk.26.hc_attn_down.weight
create_tensor: loading tensor blk.26.hc_attn_up.weight
create_tensor: loading tensor blk.26.hc_attn_inject.weight
create_tensor: loading tensor blk.26.hc_ffn_norm.weight
create_tensor: loading tensor blk.26.hc_ffn_down.weight
create_tensor: loading tensor blk.26.hc_ffn_up.weight
create_tensor: loading tensor blk.26.hc_ffn_inject.weight
create_tensor: loading tensor blk.26.attn_qkv.weight
create_tensor: loading tensor blk.26.attn_gate.weight
create_tensor: loading tensor blk.26.ssm_conv1d.weight
create_tensor: loading tensor blk.26.ssm_dt.bias
create_tensor: loading tensor blk.26.ssm_a
create_tensor: loading tensor blk.26.ssm_beta.weight
create_tensor: loading tensor blk.26.ssm_alpha.weight
create_tensor: loading tensor blk.26.ssm_norm.weight
create_tensor: loading tensor blk.26.ssm_out.weight
create_tensor: loading tensor blk.26.ffn_gate_inp.weight
create_tensor: loading tensor blk.26.ffn_down_exps.weight
tensor blk.26.ffn_down_exps.weight (225 MiB q2_0) buffer type overridden to CUDA_Host
create_tensor: loading tensor blk.26.ffn_gate_up_exps.weight
create_tensor: loading tensor blk.26.ffn_gate_exps.weight
tensor blk.26.ffn_gate_exps.weight (225 MiB q2_0) buffer type overridden to CUDA_Host
create_tensor: loading tensor blk.26.ffn_up_exps.weight
tensor blk.26.ffn_up_exps.weight (225 MiB q2_0) buffer type overridden to CUDA_Host
create_tensor: loading tensor blk.26.ffn_gate_inp_shexp.weight
create_tensor: loading tensor blk.26.ffn_gate_shexp.weight
create_tensor: loading tensor blk.26.ffn_up_shexp.weight
create_tensor: loading tensor blk.26.ffn_down_shexp.weight
create_tensor: loading tensor blk.27.hc_attn_norm.weight
create_tensor: loading tensor blk.27.hc_attn_down.weight
create_tensor: loading tensor blk.27.hc_attn_up.weight
create_tensor: loading tensor blk.27.hc_attn_inject.weight
create_tensor: loading tensor blk.27.hc_ffn_norm.weight
create_tensor: loading tensor blk.27.hc_ffn_down.weight
create_tensor: loading tensor blk.27.hc_ffn_up.weight
create_tensor: loading tensor blk.27.hc_ffn_inject.weight
create_tensor: loading tensor blk.27.attn_qkv.weight
create_tensor: loading tensor blk.27.attn_q.weight
create_tensor: loading tensor blk.27.attn_k.weight
create_tensor: loading tensor blk.27.attn_v.weight
create_tensor: loading tensor blk.27.attn_q.bias
create_tensor: loading tensor blk.27.attn_k.bias
create_tensor: loading tensor blk.27.attn_v.bias
create_tensor: loading tensor blk.27.attn_output.weight
create_tensor: loading tensor blk.27.attn_q_norm.weight
create_tensor: loading tensor blk.27.attn_k_norm.weight
create_tensor: loading tensor blk.27.indexer.q_proj.weight
create_tensor: loading tensor blk.27.indexer.k_proj.weight
create_tensor: loading tensor blk.27.indexer.q_norm.weight
create_tensor: loading tensor blk.27.indexer.k_norm.weight
create_tensor: loading tensor blk.27.ffn_gate_inp.weight
create_tensor: loading tensor blk.27.ffn_down_exps.weight
tensor blk.27.ffn_down_exps.weight (225 MiB q2_0) buffer type overridden to CUDA_Host
create_tensor: loading tensor blk.27.ffn_gate_up_exps.weight
create_tensor: loading tensor blk.27.ffn_gate_exps.weight
tensor blk.27.ffn_gate_exps.weight (225 MiB q2_0) buffer type overridden to CUDA_Host
create_tensor: loading tensor blk.27.ffn_up_exps.weight
tensor blk.27.ffn_up_exps.weight (225 MiB q2_0) buffer type overridden to CUDA_Host
create_tensor: loading tensor blk.27.ffn_gate_inp_shexp.weight
create_tensor: loading tensor blk.27.ffn_gate_shexp.weight
create_tensor: loading tensor blk.27.ffn_up_shexp.weight
create_tensor: loading tensor blk.27.ffn_down_shexp.weight
create_tensor: loading tensor blk.28.hc_attn_norm.weight
create_tensor: loading tensor blk.28.hc_attn_down.weight
create_tensor: loading tensor blk.28.hc_attn_up.weight
create_tensor: loading tensor blk.28.hc_attn_inject.weight
create_tensor: loading tensor blk.28.hc_ffn_norm.weight
create_tensor: loading tensor blk.28.hc_ffn_down.weight
create_tensor: loading tensor blk.28.hc_ffn_up.weight
create_tensor: loading tensor blk.28.hc_ffn_inject.weight
create_tensor: loading tensor blk.28.attn_qkv.weight
create_tensor: loading tensor blk.28.attn_gate.weight
create_tensor: loading tensor blk.28.ssm_conv1d.weight
create_tensor: loading tensor blk.28.ssm_dt.bias
create_tensor: loading tensor blk.28.ssm_a
create_tensor: loading tensor blk.28.ssm_beta.weight
create_tensor: loading tensor blk.28.ssm_alpha.weight
create_tensor: loading tensor blk.28.ssm_norm.weight
create_tensor: loading tensor blk.28.ssm_out.weight
create_tensor: loading tensor blk.28.ffn_gate_inp.weight
create_tensor: loading tensor blk.28.ffn_down_exps.weight
tensor blk.28.ffn_down_exps.weight (225 MiB q2_0) buffer type overridden to CUDA_Host
create_tensor: loading tensor blk.28.ffn_gate_up_exps.weight
create_tensor: loading tensor blk.28.ffn_gate_exps.weight
tensor blk.28.ffn_gate_exps.weight (225 MiB q2_0) buffer type overridden to CUDA_Host
create_tensor: loading tensor blk.28.ffn_up_exps.weight
tensor blk.28.ffn_up_exps.weight (225 MiB q2_0) buffer type overridden to CUDA_Host
create_tensor: loading tensor blk.28.ffn_gate_inp_shexp.weight
create_tensor: loading tensor blk.28.ffn_gate_shexp.weight
create_tensor: loading tensor blk.28.ffn_up_shexp.weight
create_tensor: loading tensor blk.28.ffn_down_shexp.weight
create_tensor: loading tensor blk.29.hc_attn_norm.weight
create_tensor: loading tensor blk.29.hc_attn_down.weight
create_tensor: loading tensor blk.29.hc_attn_up.weight
create_tensor: loading tensor blk.29.hc_attn_inject.weight
create_tensor: loading tensor blk.29.hc_ffn_norm.weight
create_tensor: loading tensor blk.29.hc_ffn_down.weight
create_tensor: loading tensor blk.29.hc_ffn_up.weight
create_tensor: loading tensor blk.29.hc_ffn_inject.weight
create_tensor: loading tensor blk.29.attn_qkv.weight
create_tensor: loading tensor blk.29.attn_gate.weight
create_tensor: loading tensor blk.29.ssm_conv1d.weight
create_tensor: loading tensor blk.29.ssm_dt.bias
create_tensor: loading tensor blk.29.ssm_a
create_tensor: loading tensor blk.29.ssm_beta.weight
create_tensor: loading tensor blk.29.ssm_alpha.weight
create_tensor: loading tensor blk.29.ssm_norm.weight
create_tensor: loading tensor blk.29.ssm_out.weight
create_tensor: loading tensor blk.29.ffn_gate_inp.weight
create_tensor: loading tensor blk.29.ffn_down_exps.weight
tensor blk.29.ffn_down_exps.weight (225 MiB q2_0) buffer type overridden to CUDA_Host
create_tensor: loading tensor blk.29.ffn_gate_up_exps.weight
create_tensor: loading tensor blk.29.ffn_gate_exps.weight
tensor blk.29.ffn_gate_exps.weight (225 MiB q2_0) buffer type overridden to CUDA_Host
create_tensor: loading tensor blk.29.ffn_up_exps.weight
tensor blk.29.ffn_up_exps.weight (225 MiB q2_0) buffer type overridden to CUDA_Host
create_tensor: loading tensor blk.29.ffn_gate_inp_shexp.weight
create_tensor: loading tensor blk.29.ffn_gate_shexp.weight
create_tensor: loading tensor blk.29.ffn_up_shexp.weight
create_tensor: loading tensor blk.29.ffn_down_shexp.weight
create_tensor: loading tensor blk.30.hc_attn_norm.weight
create_tensor: loading tensor blk.30.hc_attn_down.weight
create_tensor: loading tensor blk.30.hc_attn_up.weight
create_tensor: loading tensor blk.30.hc_attn_inject.weight
create_tensor: loading tensor blk.30.hc_ffn_norm.weight
create_tensor: loading tensor blk.30.hc_ffn_down.weight
create_tensor: loading tensor blk.30.hc_ffn_up.weight
create_tensor: loading tensor blk.30.hc_ffn_inject.weight
create_tensor: loading tensor blk.30.attn_qkv.weight
create_tensor: loading tensor blk.30.attn_gate.weight
create_tensor: loading tensor blk.30.ssm_conv1d.weight
create_tensor: loading tensor blk.30.ssm_dt.bias
create_tensor: loading tensor blk.30.ssm_a
create_tensor: loading tensor blk.30.ssm_beta.weight
create_tensor: loading tensor blk.30.ssm_alpha.weight
create_tensor: loading tensor blk.30.ssm_norm.weight
create_tensor: loading tensor blk.30.ssm_out.weight
create_tensor: loading tensor blk.30.ffn_gate_inp.weight
create_tensor: loading tensor blk.30.ffn_down_exps.weight
tensor blk.30.ffn_down_exps.weight (225 MiB q2_0) buffer type overridden to CUDA_Host
create_tensor: loading tensor blk.30.ffn_gate_up_exps.weight
create_tensor: loading tensor blk.30.ffn_gate_exps.weight
tensor blk.30.ffn_gate_exps.weight (225 MiB q2_0) buffer type overridden to CUDA_Host
create_tensor: loading tensor blk.30.ffn_up_exps.weight
tensor blk.30.ffn_up_exps.weight (225 MiB q2_0) buffer type overridden to CUDA_Host
create_tensor: loading tensor blk.30.ffn_gate_inp_shexp.weight
create_tensor: loading tensor blk.30.ffn_gate_shexp.weight
create_tensor: loading tensor blk.30.ffn_up_shexp.weight
create_tensor: loading tensor blk.30.ffn_down_shexp.weight
create_tensor: loading tensor blk.31.hc_attn_norm.weight
create_tensor: loading tensor blk.31.hc_attn_down.weight
create_tensor: loading tensor blk.31.hc_attn_up.weight
create_tensor: loading tensor blk.31.hc_attn_inject.weight
create_tensor: loading tensor blk.31.hc_ffn_norm.weight
create_tensor: loading tensor blk.31.hc_ffn_down.weight
create_tensor: loading tensor blk.31.hc_ffn_up.weight
create_tensor: loading tensor blk.31.hc_ffn_inject.weight
create_tensor: loading tensor blk.31.attn_qkv.weight
create_tensor: loading tensor blk.31.attn_q.weight
create_tensor: loading tensor blk.31.attn_k.weight
create_tensor: loading tensor blk.31.attn_v.weight
create_tensor: loading tensor blk.31.attn_q.bias
create_tensor: loading tensor blk.31.attn_k.bias
create_tensor: loading tensor blk.31.attn_v.bias
create_tensor: loading tensor blk.31.attn_output.weight
create_tensor: loading tensor blk.31.attn_q_norm.weight
create_tensor: loading tensor blk.31.attn_k_norm.weight
create_tensor: loading tensor blk.31.indexer.q_proj.weight
create_tensor: loading tensor blk.31.indexer.k_proj.weight
create_tensor: loading tensor blk.31.indexer.q_norm.weight
create_tensor: loading tensor blk.31.indexer.k_norm.weight
create_tensor: loading tensor blk.31.ffn_gate_inp.weight
create_tensor: loading tensor blk.31.ffn_down_exps.weight
tensor blk.31.ffn_down_exps.weight (225 MiB q2_0) buffer type overridden to CUDA_Host
create_tensor: loading tensor blk.31.ffn_gate_up_exps.weight
create_tensor: loading tensor blk.31.ffn_gate_exps.weight
tensor blk.31.ffn_gate_exps.weight (225 MiB q2_0) buffer type overridden to CUDA_Host
create_tensor: loading tensor blk.31.ffn_up_exps.weight
tensor blk.31.ffn_up_exps.weight (225 MiB q2_0) buffer type overridden to CUDA_Host
create_tensor: loading tensor blk.31.ffn_gate_inp_shexp.weight
create_tensor: loading tensor blk.31.ffn_gate_shexp.weight
create_tensor: loading tensor blk.31.ffn_up_shexp.weight
create_tensor: loading tensor blk.31.ffn_down_shexp.weight
create_tensor: loading tensor blk.32.hc_attn_norm.weight
create_tensor: loading tensor blk.32.hc_attn_down.weight
create_tensor: loading tensor blk.32.hc_attn_up.weight
create_tensor: loading tensor blk.32.hc_attn_inject.weight
create_tensor: loading tensor blk.32.hc_ffn_norm.weight
create_tensor: loading tensor blk.32.hc_ffn_down.weight
create_tensor: loading tensor blk.32.hc_ffn_up.weight
create_tensor: loading tensor blk.32.hc_ffn_inject.weight
create_tensor: loading tensor blk.32.attn_qkv.weight
create_tensor: loading tensor blk.32.attn_gate.weight
create_tensor: loading tensor blk.32.ssm_conv1d.weight
create_tensor: loading tensor blk.32.ssm_dt.bias
create_tensor: loading tensor blk.32.ssm_a
create_tensor: loading tensor blk.32.ssm_beta.weight
create_tensor: loading tensor blk.32.ssm_alpha.weight
create_tensor: loading tensor blk.32.ssm_norm.weight
create_tensor: loading tensor blk.32.ssm_out.weight
create_tensor: loading tensor blk.32.ffn_gate_inp.weight
create_tensor: loading tensor blk.32.ffn_down_exps.weight
tensor blk.32.ffn_down_exps.weight (225 MiB q2_0) buffer type overridden to CUDA_Host
create_tensor: loading tensor blk.32.ffn_gate_up_exps.weight
create_tensor: loading tensor blk.32.ffn_gate_exps.weight
tensor blk.32.ffn_gate_exps.weight (225 MiB q2_0) buffer type overridden to CUDA_Host
create_tensor: loading tensor blk.32.ffn_up_exps.weight
tensor blk.32.ffn_up_exps.weight (225 MiB q2_0) buffer type overridden to CUDA_Host
create_tensor: loading tensor blk.32.ffn_gate_inp_shexp.weight
create_tensor: loading tensor blk.32.ffn_gate_shexp.weight
create_tensor: loading tensor blk.32.ffn_up_shexp.weight
create_tensor: loading tensor blk.32.ffn_down_shexp.weight
create_tensor: loading tensor blk.33.hc_attn_norm.weight
create_tensor: loading tensor blk.33.hc_attn_down.weight
create_tensor: loading tensor blk.33.hc_attn_up.weight
create_tensor: loading tensor blk.33.hc_attn_inject.weight
create_tensor: loading tensor blk.33.hc_ffn_norm.weight
create_tensor: loading tensor blk.33.hc_ffn_down.weight
create_tensor: loading tensor blk.33.hc_ffn_up.weight
create_tensor: loading tensor blk.33.hc_ffn_inject.weight
create_tensor: loading tensor blk.33.attn_qkv.weight
create_tensor: loading tensor blk.33.attn_gate.weight
create_tensor: loading tensor blk.33.ssm_conv1d.weight
create_tensor: loading tensor blk.33.ssm_dt.bias
create_tensor: loading tensor blk.33.ssm_a
create_tensor: loading tensor blk.33.ssm_beta.weight
create_tensor: loading tensor blk.33.ssm_alpha.weight
create_tensor: loading tensor blk.33.ssm_norm.weight
create_tensor: loading tensor blk.33.ssm_out.weight
create_tensor: loading tensor blk.33.ffn_gate_inp.weight
create_tensor: loading tensor blk.33.ffn_down_exps.weight
tensor blk.33.ffn_down_exps.weight (225 MiB q2_0) buffer type overridden to CUDA_Host
create_tensor: loading tensor blk.33.ffn_gate_up_exps.weight
create_tensor: loading tensor blk.33.ffn_gate_exps.weight
tensor blk.33.ffn_gate_exps.weight (225 MiB q2_0) buffer type overridden to CUDA_Host
create_tensor: loading tensor blk.33.ffn_up_exps.weight
tensor blk.33.ffn_up_exps.weight (225 MiB q2_0) buffer type overridden to CUDA_Host
create_tensor: loading tensor blk.33.ffn_gate_inp_shexp.weight
create_tensor: loading tensor blk.33.ffn_gate_shexp.weight
create_tensor: loading tensor blk.33.ffn_up_shexp.weight
create_tensor: loading tensor blk.33.ffn_down_shexp.weight
create_tensor: loading tensor blk.34.hc_attn_norm.weight
create_tensor: loading tensor blk.34.hc_attn_down.weight
create_tensor: loading tensor blk.34.hc_attn_up.weight
create_tensor: loading tensor blk.34.hc_attn_inject.weight
create_tensor: loading tensor blk.34.hc_ffn_norm.weight
create_tensor: loading tensor blk.34.hc_ffn_down.weight
create_tensor: loading tensor blk.34.hc_ffn_up.weight
create_tensor: loading tensor blk.34.hc_ffn_inject.weight
create_tensor: loading tensor blk.34.attn_qkv.weight
create_tensor: loading tensor blk.34.attn_gate.weight
create_tensor: loading tensor blk.34.ssm_conv1d.weight
create_tensor: loading tensor blk.34.ssm_dt.bias
create_tensor: loading tensor blk.34.ssm_a
create_tensor: loading tensor blk.34.ssm_beta.weight
create_tensor: loading tensor blk.34.ssm_alpha.weight
create_tensor: loading tensor blk.34.ssm_norm.weight
create_tensor: loading tensor blk.34.ssm_out.weight
create_tensor: loading tensor blk.34.ffn_gate_inp.weight
create_tensor: loading tensor blk.34.ffn_down_exps.weight
tensor blk.34.ffn_down_exps.weight (225 MiB q2_0) buffer type overridden to CUDA_Host
create_tensor: loading tensor blk.34.ffn_gate_up_exps.weight
create_tensor: loading tensor blk.34.ffn_gate_exps.weight
tensor blk.34.ffn_gate_exps.weight (225 MiB q2_0) buffer type overridden to CUDA_Host
create_tensor: loading tensor blk.34.ffn_up_exps.weight
tensor blk.34.ffn_up_exps.weight (225 MiB q2_0) buffer type overridden to CUDA_Host
create_tensor: loading tensor blk.34.ffn_gate_inp_shexp.weight
create_tensor: loading tensor blk.34.ffn_gate_shexp.weight
create_tensor: loading tensor blk.34.ffn_up_shexp.weight
create_tensor: loading tensor blk.34.ffn_down_shexp.weight
create_tensor: loading tensor blk.35.hc_attn_norm.weight
create_tensor: loading tensor blk.35.hc_attn_down.weight
create_tensor: loading tensor blk.35.hc_attn_up.weight
create_tensor: loading tensor blk.35.hc_attn_inject.weight
create_tensor: loading tensor blk.35.hc_ffn_norm.weight
create_tensor: loading tensor blk.35.hc_ffn_down.weight
create_tensor: loading tensor blk.35.hc_ffn_up.weight
create_tensor: loading tensor blk.35.hc_ffn_inject.weight
create_tensor: loading tensor blk.35.attn_qkv.weight
create_tensor: loading tensor blk.35.attn_q.weight
create_tensor: loading tensor blk.35.attn_k.weight
create_tensor: loading tensor blk.35.attn_v.weight
create_tensor: loading tensor blk.35.attn_q.bias
create_tensor: loading tensor blk.35.attn_k.bias
create_tensor: loading tensor blk.35.attn_v.bias
create_tensor: loading tensor blk.35.attn_output.weight
create_tensor: loading tensor blk.35.attn_q_norm.weight
create_tensor: loading tensor blk.35.attn_k_norm.weight
create_tensor: loading tensor blk.35.indexer.q_proj.weight
create_tensor: loading tensor blk.35.indexer.k_proj.weight
create_tensor: loading tensor blk.35.indexer.q_norm.weight
create_tensor: loading tensor blk.35.indexer.k_norm.weight
create_tensor: loading tensor blk.35.ffn_gate_inp.weight
create_tensor: loading tensor blk.35.ffn_down_exps.weight
tensor blk.35.ffn_down_exps.weight (225 MiB q2_0) buffer type overridden to CUDA_Host
create_tensor: loading tensor blk.35.ffn_gate_up_exps.weight
create_tensor: loading tensor blk.35.ffn_gate_exps.weight
tensor blk.35.ffn_gate_exps.weight (225 MiB q2_0) buffer type overridden to CUDA_Host
create_tensor: loading tensor blk.35.ffn_up_exps.weight
tensor blk.35.ffn_up_exps.weight (225 MiB q2_0) buffer type overridden to CUDA_Host
create_tensor: loading tensor blk.35.ffn_gate_inp_shexp.weight
create_tensor: loading tensor blk.35.ffn_gate_shexp.weight
create_tensor: loading tensor blk.35.ffn_up_shexp.weight
create_tensor: loading tensor blk.35.ffn_down_shexp.weight
create_tensor: loading tensor blk.36.hc_attn_norm.weight
create_tensor: loading tensor blk.36.hc_attn_down.weight
create_tensor: loading tensor blk.36.hc_attn_up.weight
create_tensor: loading tensor blk.36.hc_attn_inject.weight
create_tensor: loading tensor blk.36.hc_ffn_norm.weight
create_tensor: loading tensor blk.36.hc_ffn_down.weight
create_tensor: loading tensor blk.36.hc_ffn_up.weight
create_tensor: loading tensor blk.36.hc_ffn_inject.weight
create_tensor: loading tensor blk.36.attn_qkv.weight
create_tensor: loading tensor blk.36.attn_gate.weight
create_tensor: loading tensor blk.36.ssm_conv1d.weight
create_tensor: loading tensor blk.36.ssm_dt.bias
create_tensor: loading tensor blk.36.ssm_a
create_tensor: loading tensor blk.36.ssm_beta.weight
create_tensor: loading tensor blk.36.ssm_alpha.weight
create_tensor: loading tensor blk.36.ssm_norm.weight
create_tensor: loading tensor blk.36.ssm_out.weight
create_tensor: loading tensor blk.36.ffn_gate_inp.weight
create_tensor: loading tensor blk.36.ffn_down_exps.weight
tensor blk.36.ffn_down_exps.weight (225 MiB q2_0) buffer type overridden to CUDA_Host
create_tensor: loading tensor blk.36.ffn_gate_up_exps.weight
create_tensor: loading tensor blk.36.ffn_gate_exps.weight
tensor blk.36.ffn_gate_exps.weight (225 MiB q2_0) buffer type overridden to CUDA_Host
create_tensor: loading tensor blk.36.ffn_up_exps.weight
tensor blk.36.ffn_up_exps.weight (225 MiB q2_0) buffer type overridden to CUDA_Host
create_tensor: loading tensor blk.36.ffn_gate_inp_shexp.weight
create_tensor: loading tensor blk.36.ffn_gate_shexp.weight
create_tensor: loading tensor blk.36.ffn_up_shexp.weight
create_tensor: loading tensor blk.36.ffn_down_shexp.weight
create_tensor: loading tensor blk.37.hc_attn_norm.weight
create_tensor: loading tensor blk.37.hc_attn_down.weight
create_tensor: loading tensor blk.37.hc_attn_up.weight
create_tensor: loading tensor blk.37.hc_attn_inject.weight
create_tensor: loading tensor blk.37.hc_ffn_norm.weight
create_tensor: loading tensor blk.37.hc_ffn_down.weight
create_tensor: loading tensor blk.37.hc_ffn_up.weight
create_tensor: loading tensor blk.37.hc_ffn_inject.weight
create_tensor: loading tensor blk.37.attn_qkv.weight
create_tensor: loading tensor blk.37.attn_gate.weight
create_tensor: loading tensor blk.37.ssm_conv1d.weight
create_tensor: loading tensor blk.37.ssm_dt.bias
create_tensor: loading tensor blk.37.ssm_a
create_tensor: loading tensor blk.37.ssm_beta.weight
create_tensor: loading tensor blk.37.ssm_alpha.weight
create_tensor: loading tensor blk.37.ssm_norm.weight
create_tensor: loading tensor blk.37.ssm_out.weight
create_tensor: loading tensor blk.37.ffn_gate_inp.weight
create_tensor: loading tensor blk.37.ffn_down_exps.weight
tensor blk.37.ffn_down_exps.weight (225 MiB q2_0) buffer type overridden to CUDA_Host
create_tensor: loading tensor blk.37.ffn_gate_up_exps.weight
create_tensor: loading tensor blk.37.ffn_gate_exps.weight
tensor blk.37.ffn_gate_exps.weight (225 MiB q2_0) buffer type overridden to CUDA_Host
create_tensor: loading tensor blk.37.ffn_up_exps.weight
tensor blk.37.ffn_up_exps.weight (225 MiB q2_0) buffer type overridden to CUDA_Host
create_tensor: loading tensor blk.37.ffn_gate_inp_shexp.weight
create_tensor: loading tensor blk.37.ffn_gate_shexp.weight
create_tensor: loading tensor blk.37.ffn_up_shexp.weight
create_tensor: loading tensor blk.37.ffn_down_shexp.weight
create_tensor: loading tensor blk.38.hc_attn_norm.weight
create_tensor: loading tensor blk.38.hc_attn_down.weight
create_tensor: loading tensor blk.38.hc_attn_up.weight
create_tensor: loading tensor blk.38.hc_attn_inject.weight
create_tensor: loading tensor blk.38.hc_ffn_norm.weight
create_tensor: loading tensor blk.38.hc_ffn_down.weight
create_tensor: loading tensor blk.38.hc_ffn_up.weight
create_tensor: loading tensor blk.38.hc_ffn_inject.weight
create_tensor: loading tensor blk.38.attn_qkv.weight
create_tensor: loading tensor blk.38.attn_gate.weight
create_tensor: loading tensor blk.38.ssm_conv1d.weight
create_tensor: loading tensor blk.38.ssm_dt.bias
create_tensor: loading tensor blk.38.ssm_a
create_tensor: loading tensor blk.38.ssm_beta.weight
create_tensor: loading tensor blk.38.ssm_alpha.weight
create_tensor: loading tensor blk.38.ssm_norm.weight
create_tensor: loading tensor blk.38.ssm_out.weight
create_tensor: loading tensor blk.38.ffn_gate_inp.weight
create_tensor: loading tensor blk.38.ffn_down_exps.weight
tensor blk.38.ffn_down_exps.weight (225 MiB q2_0) buffer type overridden to CUDA_Host
create_tensor: loading tensor blk.38.ffn_gate_up_exps.weight
create_tensor: loading tensor blk.38.ffn_gate_exps.weight
tensor blk.38.ffn_gate_exps.weight (225 MiB q2_0) buffer type overridden to CUDA_Host
create_tensor: loading tensor blk.38.ffn_up_exps.weight
tensor blk.38.ffn_up_exps.weight (225 MiB q2_0) buffer type overridden to CUDA_Host
create_tensor: loading tensor blk.38.ffn_gate_inp_shexp.weight
create_tensor: loading tensor blk.38.ffn_gate_shexp.weight
create_tensor: loading tensor blk.38.ffn_up_shexp.weight
create_tensor: loading tensor blk.38.ffn_down_shexp.weight
create_tensor: loading tensor blk.39.hc_attn_norm.weight
create_tensor: loading tensor blk.39.hc_attn_down.weight
create_tensor: loading tensor blk.39.hc_attn_up.weight
create_tensor: loading tensor blk.39.hc_attn_inject.weight
create_tensor: loading tensor blk.39.hc_ffn_norm.weight
create_tensor: loading tensor blk.39.hc_ffn_down.weight
create_tensor: loading tensor blk.39.hc_ffn_up.weight
create_tensor: loading tensor blk.39.hc_ffn_inject.weight
create_tensor: loading tensor blk.39.attn_qkv.weight
create_tensor: loading tensor blk.39.attn_q.weight
create_tensor: loading tensor blk.39.attn_k.weight
create_tensor: loading tensor blk.39.attn_v.weight
create_tensor: loading tensor blk.39.attn_q.bias
create_tensor: loading tensor blk.39.attn_k.bias
create_tensor: loading tensor blk.39.attn_v.bias
create_tensor: loading tensor blk.39.attn_output.weight
create_tensor: loading tensor blk.39.attn_q_norm.weight
create_tensor: loading tensor blk.39.attn_k_norm.weight
create_tensor: loading tensor blk.39.indexer.q_proj.weight
create_tensor: loading tensor blk.39.indexer.k_proj.weight
create_tensor: loading tensor blk.39.indexer.q_norm.weight
create_tensor: loading tensor blk.39.indexer.k_norm.weight
create_tensor: loading tensor blk.39.ffn_gate_inp.weight
create_tensor: loading tensor blk.39.ffn_down_exps.weight
tensor blk.39.ffn_down_exps.weight (225 MiB q2_0) buffer type overridden to CUDA_Host
create_tensor: loading tensor blk.39.ffn_gate_up_exps.weight
create_tensor: loading tensor blk.39.ffn_gate_exps.weight
tensor blk.39.ffn_gate_exps.weight (225 MiB q2_0) buffer type overridden to CUDA_Host
create_tensor: loading tensor blk.39.ffn_up_exps.weight
tensor blk.39.ffn_up_exps.weight (225 MiB q2_0) buffer type overridden to CUDA_Host
create_tensor: loading tensor blk.39.ffn_gate_inp_shexp.weight
create_tensor: loading tensor blk.39.ffn_gate_shexp.weight
create_tensor: loading tensor blk.39.ffn_up_shexp.weight
create_tensor: loading tensor blk.39.ffn_down_shexp.weight
create_tensor: loading tensor blk.40.hc_attn_norm.weight
create_tensor: loading tensor blk.40.hc_attn_down.weight
create_tensor: loading tensor blk.40.hc_attn_up.weight
create_tensor: loading tensor blk.40.hc_attn_inject.weight
create_tensor: loading tensor blk.40.hc_ffn_norm.weight
create_tensor: loading tensor blk.40.hc_ffn_down.weight
create_tensor: loading tensor blk.40.hc_ffn_up.weight
create_tensor: loading tensor blk.40.hc_ffn_inject.weight
create_tensor: loading tensor blk.40.attn_qkv.weight
create_tensor: loading tensor blk.40.attn_gate.weight
create_tensor: loading tensor blk.40.ssm_conv1d.weight
create_tensor: loading tensor blk.40.ssm_dt.bias
create_tensor: loading tensor blk.40.ssm_a
create_tensor: loading tensor blk.40.ssm_beta.weight
create_tensor: loading tensor blk.40.ssm_alpha.weight
create_tensor: loading tensor blk.40.ssm_norm.weight
create_tensor: loading tensor blk.40.ssm_out.weight
create_tensor: loading tensor blk.40.ffn_gate_inp.weight
create_tensor: loading tensor blk.40.ffn_down_exps.weight
tensor blk.40.ffn_down_exps.weight (225 MiB q2_0) buffer type overridden to CUDA_Host
create_tensor: loading tensor blk.40.ffn_gate_up_exps.weight
create_tensor: loading tensor blk.40.ffn_gate_exps.weight
tensor blk.40.ffn_gate_exps.weight (225 MiB q2_0) buffer type overridden to CUDA_Host
create_tensor: loading tensor blk.40.ffn_up_exps.weight
tensor blk.40.ffn_up_exps.weight (225 MiB q2_0) buffer type overridden to CUDA_Host
create_tensor: loading tensor blk.40.ffn_gate_inp_shexp.weight
create_tensor: loading tensor blk.40.ffn_gate_shexp.weight
create_tensor: loading tensor blk.40.ffn_up_shexp.weight
create_tensor: loading tensor blk.40.ffn_down_shexp.weight
create_tensor: loading tensor blk.41.hc_attn_norm.weight
create_tensor: loading tensor blk.41.hc_attn_down.weight
create_tensor: loading tensor blk.41.hc_attn_up.weight
create_tensor: loading tensor blk.41.hc_attn_inject.weight
create_tensor: loading tensor blk.41.hc_ffn_norm.weight
create_tensor: loading tensor blk.41.hc_ffn_down.weight
create_tensor: loading tensor blk.41.hc_ffn_up.weight
create_tensor: loading tensor blk.41.hc_ffn_inject.weight
create_tensor: loading tensor blk.41.attn_qkv.weight
create_tensor: loading tensor blk.41.attn_gate.weight
create_tensor: loading tensor blk.41.ssm_conv1d.weight
create_tensor: loading tensor blk.41.ssm_dt.bias
create_tensor: loading tensor blk.41.ssm_a
create_tensor: loading tensor blk.41.ssm_beta.weight
create_tensor: loading tensor blk.41.ssm_alpha.weight
create_tensor: loading tensor blk.41.ssm_norm.weight
create_tensor: loading tensor blk.41.ssm_out.weight
create_tensor: loading tensor blk.41.ffn_gate_inp.weight
create_tensor: loading tensor blk.41.ffn_down_exps.weight
tensor blk.41.ffn_down_exps.weight (225 MiB q2_0) buffer type overridden to CUDA_Host
create_tensor: loading tensor blk.41.ffn_gate_up_exps.weight
create_tensor: loading tensor blk.41.ffn_gate_exps.weight
tensor blk.41.ffn_gate_exps.weight (225 MiB q2_0) buffer type overridden to CUDA_Host
create_tensor: loading tensor blk.41.ffn_up_exps.weight
tensor blk.41.ffn_up_exps.weight (225 MiB q2_0) buffer type overridden to CUDA_Host
create_tensor: loading tensor blk.41.ffn_gate_inp_shexp.weight
create_tensor: loading tensor blk.41.ffn_gate_shexp.weight
create_tensor: loading tensor blk.41.ffn_up_shexp.weight
create_tensor: loading tensor blk.41.ffn_down_shexp.weight
create_tensor: loading tensor blk.42.hc_attn_norm.weight
create_tensor: loading tensor blk.42.hc_attn_down.weight
create_tensor: loading tensor blk.42.hc_attn_up.weight
create_tensor: loading tensor blk.42.hc_attn_inject.weight
create_tensor: loading tensor blk.42.hc_ffn_norm.weight
create_tensor: loading tensor blk.42.hc_ffn_down.weight
create_tensor: loading tensor blk.42.hc_ffn_up.weight
create_tensor: loading tensor blk.42.hc_ffn_inject.weight
create_tensor: loading tensor blk.42.attn_qkv.weight
create_tensor: loading tensor blk.42.attn_gate.weight
create_tensor: loading tensor blk.42.ssm_conv1d.weight
create_tensor: loading tensor blk.42.ssm_dt.bias
create_tensor: loading tensor blk.42.ssm_a
create_tensor: loading tensor blk.42.ssm_beta.weight
create_tensor: loading tensor blk.42.ssm_alpha.weight
create_tensor: loading tensor blk.42.ssm_norm.weight
create_tensor: loading tensor blk.42.ssm_out.weight
create_tensor: loading tensor blk.42.ffn_gate_inp.weight
create_tensor: loading tensor blk.42.ffn_down_exps.weight
tensor blk.42.ffn_down_exps.weight (225 MiB q2_0) buffer type overridden to CUDA_Host
create_tensor: loading tensor blk.42.ffn_gate_up_exps.weight
create_tensor: loading tensor blk.42.ffn_gate_exps.weight
tensor blk.42.ffn_gate_exps.weight (225 MiB q2_0) buffer type overridden to CUDA_Host
create_tensor: loading tensor blk.42.ffn_up_exps.weight
tensor blk.42.ffn_up_exps.weight (225 MiB q2_0) buffer type overridden to CUDA_Host
create_tensor: loading tensor blk.42.ffn_gate_inp_shexp.weight
create_tensor: loading tensor blk.42.ffn_gate_shexp.weight
create_tensor: loading tensor blk.42.ffn_up_shexp.weight
create_tensor: loading tensor blk.42.ffn_down_shexp.weight
create_tensor: loading tensor blk.43.hc_attn_norm.weight
create_tensor: loading tensor blk.43.hc_attn_down.weight
create_tensor: loading tensor blk.43.hc_attn_up.weight
create_tensor: loading tensor blk.43.hc_attn_inject.weight
create_tensor: loading tensor blk.43.hc_ffn_norm.weight
create_tensor: loading tensor blk.43.hc_ffn_down.weight
create_tensor: loading tensor blk.43.hc_ffn_up.weight
create_tensor: loading tensor blk.43.hc_ffn_inject.weight
create_tensor: loading tensor blk.43.attn_qkv.weight
create_tensor: loading tensor blk.43.attn_q.weight
create_tensor: loading tensor blk.43.attn_k.weight
create_tensor: loading tensor blk.43.attn_v.weight
create_tensor: loading tensor blk.43.attn_q.bias
create_tensor: loading tensor blk.43.attn_k.bias
create_tensor: loading tensor blk.43.attn_v.bias
create_tensor: loading tensor blk.43.attn_output.weight
create_tensor: loading tensor blk.43.attn_q_norm.weight
create_tensor: loading tensor blk.43.attn_k_norm.weight
create_tensor: loading tensor blk.43.indexer.q_proj.weight
create_tensor: loading tensor blk.43.indexer.k_proj.weight
create_tensor: loading tensor blk.43.indexer.q_norm.weight
create_tensor: loading tensor blk.43.indexer.k_norm.weight
create_tensor: loading tensor blk.43.ffn_gate_inp.weight
create_tensor: loading tensor blk.43.ffn_down_exps.weight
tensor blk.43.ffn_down_exps.weight (225 MiB q2_0) buffer type overridden to CUDA_Host
create_tensor: loading tensor blk.43.ffn_gate_up_exps.weight
create_tensor: loading tensor blk.43.ffn_gate_exps.weight
tensor blk.43.ffn_gate_exps.weight (225 MiB q2_0) buffer type overridden to CUDA_Host
create_tensor: loading tensor blk.43.ffn_up_exps.weight
tensor blk.43.ffn_up_exps.weight (225 MiB q2_0) buffer type overridden to CUDA_Host
create_tensor: loading tensor blk.43.ffn_gate_inp_shexp.weight
create_tensor: loading tensor blk.43.ffn_gate_shexp.weight
create_tensor: loading tensor blk.43.ffn_up_shexp.weight
create_tensor: loading tensor blk.43.ffn_down_shexp.weight
create_tensor: loading tensor blk.44.hc_attn_norm.weight
create_tensor: loading tensor blk.44.hc_attn_down.weight
create_tensor: loading tensor blk.44.hc_attn_up.weight
create_tensor: loading tensor blk.44.hc_attn_inject.weight
create_tensor: loading tensor blk.44.hc_ffn_norm.weight
create_tensor: loading tensor blk.44.hc_ffn_down.weight
create_tensor: loading tensor blk.44.hc_ffn_up.weight
create_tensor: loading tensor blk.44.hc_ffn_inject.weight
create_tensor: loading tensor blk.44.attn_qkv.weight
create_tensor: loading tensor blk.44.attn_gate.weight
create_tensor: loading tensor blk.44.ssm_conv1d.weight
create_tensor: loading tensor blk.44.ssm_dt.bias
create_tensor: loading tensor blk.44.ssm_a
create_tensor: loading tensor blk.44.ssm_beta.weight
create_tensor: loading tensor blk.44.ssm_alpha.weight
create_tensor: loading tensor blk.44.ssm_norm.weight
create_tensor: loading tensor blk.44.ssm_out.weight
create_tensor: loading tensor blk.44.ffn_gate_inp.weight
create_tensor: loading tensor blk.44.ffn_down_exps.weight
tensor blk.44.ffn_down_exps.weight (225 MiB q2_0) buffer type overridden to CUDA_Host
create_tensor: loading tensor blk.44.ffn_gate_up_exps.weight
create_tensor: loading tensor blk.44.ffn_gate_exps.weight
tensor blk.44.ffn_gate_exps.weight (225 MiB q2_0) buffer type overridden to CUDA_Host
create_tensor: loading tensor blk.44.ffn_up_exps.weight
tensor blk.44.ffn_up_exps.weight (225 MiB q2_0) buffer type overridden to CUDA_Host
create_tensor: loading tensor blk.44.ffn_gate_inp_shexp.weight
create_tensor: loading tensor blk.44.ffn_gate_shexp.weight
create_tensor: loading tensor blk.44.ffn_up_shexp.weight
create_tensor: loading tensor blk.44.ffn_down_shexp.weight
create_tensor: loading tensor blk.45.hc_attn_norm.weight
create_tensor: loading tensor blk.45.hc_attn_down.weight
create_tensor: loading tensor blk.45.hc_attn_up.weight
create_tensor: loading tensor blk.45.hc_attn_inject.weight
create_tensor: loading tensor blk.45.hc_ffn_norm.weight
create_tensor: loading tensor blk.45.hc_ffn_down.weight
create_tensor: loading tensor blk.45.hc_ffn_up.weight
create_tensor: loading tensor blk.45.hc_ffn_inject.weight
create_tensor: loading tensor blk.45.attn_qkv.weight
create_tensor: loading tensor blk.45.attn_gate.weight
create_tensor: loading tensor blk.45.ssm_conv1d.weight
create_tensor: loading tensor blk.45.ssm_dt.bias
create_tensor: loading tensor blk.45.ssm_a
create_tensor: loading tensor blk.45.ssm_beta.weight
create_tensor: loading tensor blk.45.ssm_alpha.weight
create_tensor: loading tensor blk.45.ssm_norm.weight
create_tensor: loading tensor blk.45.ssm_out.weight
create_tensor: loading tensor blk.45.ffn_gate_inp.weight
create_tensor: loading tensor blk.45.ffn_down_exps.weight
tensor blk.45.ffn_down_exps.weight (225 MiB q2_0) buffer type overridden to CUDA_Host
create_tensor: loading tensor blk.45.ffn_gate_up_exps.weight
create_tensor: loading tensor blk.45.ffn_gate_exps.weight
tensor blk.45.ffn_gate_exps.weight (225 MiB q2_0) buffer type overridden to CUDA_Host
create_tensor: loading tensor blk.45.ffn_up_exps.weight
tensor blk.45.ffn_up_exps.weight (225 MiB q2_0) buffer type overridden to CUDA_Host
create_tensor: loading tensor blk.45.ffn_gate_inp_shexp.weight
create_tensor: loading tensor blk.45.ffn_gate_shexp.weight
create_tensor: loading tensor blk.45.ffn_up_shexp.weight
create_tensor: loading tensor blk.45.ffn_down_shexp.weight
create_tensor: loading tensor blk.46.hc_attn_norm.weight
create_tensor: loading tensor blk.46.hc_attn_down.weight
create_tensor: loading tensor blk.46.hc_attn_up.weight
create_tensor: loading tensor blk.46.hc_attn_inject.weight
create_tensor: loading tensor blk.46.hc_ffn_norm.weight
create_tensor: loading tensor blk.46.hc_ffn_down.weight
create_tensor: loading tensor blk.46.hc_ffn_up.weight
create_tensor: loading tensor blk.46.hc_ffn_inject.weight
create_tensor: loading tensor blk.46.attn_qkv.weight
create_tensor: loading tensor blk.46.attn_gate.weight
create_tensor: loading tensor blk.46.ssm_conv1d.weight
create_tensor: loading tensor blk.46.ssm_dt.bias
create_tensor: loading tensor blk.46.ssm_a
create_tensor: loading tensor blk.46.ssm_beta.weight
create_tensor: loading tensor blk.46.ssm_alpha.weight
create_tensor: loading tensor blk.46.ssm_norm.weight
create_tensor: loading tensor blk.46.ssm_out.weight
create_tensor: loading tensor blk.46.ffn_gate_inp.weight
create_tensor: loading tensor blk.46.ffn_down_exps.weight
tensor blk.46.ffn_down_exps.weight (225 MiB q2_0) buffer type overridden to CUDA_Host
create_tensor: loading tensor blk.46.ffn_gate_up_exps.weight
create_tensor: loading tensor blk.46.ffn_gate_exps.weight
tensor blk.46.ffn_gate_exps.weight (225 MiB q2_0) buffer type overridden to CUDA_Host
create_tensor: loading tensor blk.46.ffn_up_exps.weight
tensor blk.46.ffn_up_exps.weight (225 MiB q2_0) buffer type overridden to CUDA_Host
create_tensor: loading tensor blk.46.ffn_gate_inp_shexp.weight
create_tensor: loading tensor blk.46.ffn_gate_shexp.weight
create_tensor: loading tensor blk.46.ffn_up_shexp.weight
create_tensor: loading tensor blk.46.ffn_down_shexp.weight
create_tensor: loading tensor blk.47.hc_attn_norm.weight
create_tensor: loading tensor blk.47.hc_attn_down.weight
create_tensor: loading tensor blk.47.hc_attn_up.weight
create_tensor: loading tensor blk.47.hc_attn_inject.weight
create_tensor: loading tensor blk.47.hc_ffn_norm.weight
create_tensor: loading tensor blk.47.hc_ffn_down.weight
create_tensor: loading tensor blk.47.hc_ffn_up.weight
create_tensor: loading tensor blk.47.hc_ffn_inject.weight
create_tensor: loading tensor blk.47.attn_qkv.weight
create_tensor: loading tensor blk.47.attn_q.weight
create_tensor: loading tensor blk.47.attn_k.weight
create_tensor: loading tensor blk.47.attn_v.weight
create_tensor: loading tensor blk.47.attn_q.bias
create_tensor: loading tensor blk.47.attn_k.bias
create_tensor: loading tensor blk.47.attn_v.bias
create_tensor: loading tensor blk.47.attn_output.weight
create_tensor: loading tensor blk.47.attn_q_norm.weight
create_tensor: loading tensor blk.47.attn_k_norm.weight
create_tensor: loading tensor blk.47.indexer.q_proj.weight
create_tensor: loading tensor blk.47.indexer.k_proj.weight
create_tensor: loading tensor blk.47.indexer.q_norm.weight
create_tensor: loading tensor blk.47.indexer.k_norm.weight
create_tensor: loading tensor blk.47.ffn_gate_inp.weight
create_tensor: loading tensor blk.47.ffn_down_exps.weight
tensor blk.47.ffn_down_exps.weight (225 MiB q2_0) buffer type overridden to CUDA_Host
create_tensor: loading tensor blk.47.ffn_gate_up_exps.weight
create_tensor: loading tensor blk.47.ffn_gate_exps.weight
tensor blk.47.ffn_gate_exps.weight (225 MiB q2_0) buffer type overridden to CUDA_Host
create_tensor: loading tensor blk.47.ffn_up_exps.weight
tensor blk.47.ffn_up_exps.weight (225 MiB q2_0) buffer type overridden to CUDA_Host
create_tensor: loading tensor blk.47.ffn_gate_inp_shexp.weight
create_tensor: loading tensor blk.47.ffn_gate_shexp.weight
create_tensor: loading tensor blk.47.ffn_up_shexp.weight
create_tensor: loading tensor blk.47.ffn_down_shexp.weight
create_tensor: loading tensor blk.0.attn_qkv.scale
create_tensor: loading tensor blk.0.attn_gate.scale
create_tensor: loading tensor blk.0.ffn_gate_shexp.scale
create_tensor: loading tensor blk.0.ffn_down_shexp.scale
create_tensor: loading tensor blk.0.ffn_up_shexp.scale
create_tensor: loading tensor blk.0.ffn_gate_exps.scale
create_tensor: loading tensor blk.0.ffn_down_exps.scale
create_tensor: loading tensor blk.0.ffn_up_exps.scale
create_tensor: loading tensor blk.0.ssm_out.scale
create_tensor: loading tensor blk.0.ssm_alpha.scale
create_tensor: loading tensor blk.0.ssm_beta.scale
create_tensor: loading tensor blk.0.attn_qkv.input_scale
create_tensor: loading tensor blk.0.attn_gate.input_scale
create_tensor: loading tensor blk.0.ffn_gate_exps.input_scale
create_tensor: loading tensor blk.0.ffn_down_exps.input_scale
create_tensor: loading tensor blk.0.ffn_up_exps.input_scale
create_tensor: loading tensor blk.0.ffn_gate_shexp.input_scale
create_tensor: loading tensor blk.0.ffn_down_shexp.input_scale
create_tensor: loading tensor blk.0.ffn_up_shexp.input_scale
create_tensor: loading tensor blk.0.ssm_out.input_scale
create_tensor: loading tensor blk.0.ssm_alpha.input_scale
create_tensor: loading tensor blk.0.ssm_beta.input_scale
create_tensor: loading tensor blk.1.attn_qkv.scale
create_tensor: loading tensor blk.1.attn_gate.scale
create_tensor: loading tensor blk.1.ffn_gate_shexp.scale
create_tensor: loading tensor blk.1.ffn_down_shexp.scale
create_tensor: loading tensor blk.1.ffn_up_shexp.scale
create_tensor: loading tensor blk.1.ffn_gate_exps.scale
create_tensor: loading tensor blk.1.ffn_down_exps.scale
create_tensor: loading tensor blk.1.ffn_up_exps.scale
create_tensor: loading tensor blk.1.ssm_out.scale
create_tensor: loading tensor blk.1.ssm_alpha.scale
create_tensor: loading tensor blk.1.ssm_beta.scale
create_tensor: loading tensor blk.1.attn_qkv.input_scale
create_tensor: loading tensor blk.1.attn_gate.input_scale
create_tensor: loading tensor blk.1.ffn_gate_exps.input_scale
create_tensor: loading tensor blk.1.ffn_down_exps.input_scale
create_tensor: loading tensor blk.1.ffn_up_exps.input_scale
create_tensor: loading tensor blk.1.ffn_gate_shexp.input_scale
create_tensor: loading tensor blk.1.ffn_down_shexp.input_scale
create_tensor: loading tensor blk.1.ffn_up_shexp.input_scale
create_tensor: loading tensor blk.1.ssm_out.input_scale
create_tensor: loading tensor blk.1.ssm_alpha.input_scale
create_tensor: loading tensor blk.1.ssm_beta.input_scale
create_tensor: loading tensor blk.2.attn_qkv.scale
create_tensor: loading tensor blk.2.attn_gate.scale
create_tensor: loading tensor blk.2.ffn_gate_shexp.scale
create_tensor: loading tensor blk.2.ffn_down_shexp.scale
create_tensor: loading tensor blk.2.ffn_up_shexp.scale
create_tensor: loading tensor blk.2.ffn_gate_exps.scale
create_tensor: loading tensor blk.2.ffn_down_exps.scale
create_tensor: loading tensor blk.2.ffn_up_exps.scale
create_tensor: loading tensor blk.2.ssm_out.scale
create_tensor: loading tensor blk.2.ssm_alpha.scale
create_tensor: loading tensor blk.2.ssm_beta.scale
create_tensor: loading tensor blk.2.attn_qkv.input_scale
create_tensor: loading tensor blk.2.attn_gate.input_scale
create_tensor: loading tensor blk.2.ffn_gate_exps.input_scale
create_tensor: loading tensor blk.2.ffn_down_exps.input_scale
create_tensor: loading tensor blk.2.ffn_up_exps.input_scale
create_tensor: loading tensor blk.2.ffn_gate_shexp.input_scale
create_tensor: loading tensor blk.2.ffn_down_shexp.input_scale
create_tensor: loading tensor blk.2.ffn_up_shexp.input_scale
create_tensor: loading tensor blk.2.ssm_out.input_scale
create_tensor: loading tensor blk.2.ssm_alpha.input_scale
create_tensor: loading tensor blk.2.ssm_beta.input_scale
create_tensor: loading tensor blk.3.attn_q.scale
create_tensor: loading tensor blk.3.attn_k.scale
create_tensor: loading tensor blk.3.attn_v.scale
create_tensor: loading tensor blk.3.attn_output.scale
create_tensor: loading tensor blk.3.ffn_gate_shexp.scale
create_tensor: loading tensor blk.3.ffn_down_shexp.scale
create_tensor: loading tensor blk.3.ffn_up_shexp.scale
create_tensor: loading tensor blk.3.ffn_gate_exps.scale
create_tensor: loading tensor blk.3.ffn_down_exps.scale
create_tensor: loading tensor blk.3.ffn_up_exps.scale
create_tensor: loading tensor blk.3.attn_q.input_scale
create_tensor: loading tensor blk.3.attn_k.input_scale
create_tensor: loading tensor blk.3.attn_v.input_scale
create_tensor: loading tensor blk.3.attn_output.input_scale
create_tensor: loading tensor blk.3.ffn_gate_exps.input_scale
create_tensor: loading tensor blk.3.ffn_down_exps.input_scale
create_tensor: loading tensor blk.3.ffn_up_exps.input_scale
create_tensor: loading tensor blk.3.ffn_gate_shexp.input_scale
create_tensor: loading tensor blk.3.ffn_down_shexp.input_scale
create_tensor: loading tensor blk.3.ffn_up_shexp.input_scale
create_tensor: loading tensor blk.4.attn_qkv.scale
create_tensor: loading tensor blk.4.attn_gate.scale
create_tensor: loading tensor blk.4.ffn_gate_shexp.scale
create_tensor: loading tensor blk.4.ffn_down_shexp.scale
create_tensor: loading tensor blk.4.ffn_up_shexp.scale
create_tensor: loading tensor blk.4.ffn_gate_exps.scale
create_tensor: loading tensor blk.4.ffn_down_exps.scale
create_tensor: loading tensor blk.4.ffn_up_exps.scale
create_tensor: loading tensor blk.4.ssm_out.scale
create_tensor: loading tensor blk.4.ssm_alpha.scale
create_tensor: loading tensor blk.4.ssm_beta.scale
create_tensor: loading tensor blk.4.attn_qkv.input_scale
create_tensor: loading tensor blk.4.attn_gate.input_scale
create_tensor: loading tensor blk.4.ffn_gate_exps.input_scale
create_tensor: loading tensor blk.4.ffn_down_exps.input_scale
create_tensor: loading tensor blk.4.ffn_up_exps.input_scale
create_tensor: loading tensor blk.4.ffn_gate_shexp.input_scale
create_tensor: loading tensor blk.4.ffn_down_shexp.input_scale
create_tensor: loading tensor blk.4.ffn_up_shexp.input_scale
create_tensor: loading tensor blk.4.ssm_out.input_scale
create_tensor: loading tensor blk.4.ssm_alpha.input_scale
create_tensor: loading tensor blk.4.ssm_beta.input_scale
create_tensor: loading tensor blk.5.attn_qkv.scale
create_tensor: loading tensor blk.5.attn_gate.scale
create_tensor: loading tensor blk.5.ffn_gate_shexp.scale
create_tensor: loading tensor blk.5.ffn_down_shexp.scale
create_tensor: loading tensor blk.5.ffn_up_shexp.scale
create_tensor: loading tensor blk.5.ffn_gate_exps.scale
create_tensor: loading tensor blk.5.ffn_down_exps.scale
create_tensor: loading tensor blk.5.ffn_up_exps.scale
create_tensor: loading tensor blk.5.ssm_out.scale
create_tensor: loading tensor blk.5.ssm_alpha.scale
create_tensor: loading tensor blk.5.ssm_beta.scale
create_tensor: loading tensor blk.5.attn_qkv.input_scale
create_tensor: loading tensor blk.5.attn_gate.input_scale
create_tensor: loading tensor blk.5.ffn_gate_exps.input_scale
create_tensor: loading tensor blk.5.ffn_down_exps.input_scale
create_tensor: loading tensor blk.5.ffn_up_exps.input_scale
create_tensor: loading tensor blk.5.ffn_gate_shexp.input_scale
create_tensor: loading tensor blk.5.ffn_down_shexp.input_scale
create_tensor: loading tensor blk.5.ffn_up_shexp.input_scale
create_tensor: loading tensor blk.5.ssm_out.input_scale
create_tensor: loading tensor blk.5.ssm_alpha.input_scale
create_tensor: loading tensor blk.5.ssm_beta.input_scale
create_tensor: loading tensor blk.6.attn_qkv.scale
create_tensor: loading tensor blk.6.attn_gate.scale
create_tensor: loading tensor blk.6.ffn_gate_shexp.scale
create_tensor: loading tensor blk.6.ffn_down_shexp.scale
create_tensor: loading tensor blk.6.ffn_up_shexp.scale
create_tensor: loading tensor blk.6.ffn_gate_exps.scale
create_tensor: loading tensor blk.6.ffn_down_exps.scale
create_tensor: loading tensor blk.6.ffn_up_exps.scale
create_tensor: loading tensor blk.6.ssm_out.scale
create_tensor: loading tensor blk.6.ssm_alpha.scale
create_tensor: loading tensor blk.6.ssm_beta.scale
create_tensor: loading tensor blk.6.attn_qkv.input_scale
create_tensor: loading tensor blk.6.attn_gate.input_scale
create_tensor: loading tensor blk.6.ffn_gate_exps.input_scale
create_tensor: loading tensor blk.6.ffn_down_exps.input_scale
create_tensor: loading tensor blk.6.ffn_up_exps.input_scale
create_tensor: loading tensor blk.6.ffn_gate_shexp.input_scale
create_tensor: loading tensor blk.6.ffn_down_shexp.input_scale
create_tensor: loading tensor blk.6.ffn_up_shexp.input_scale
create_tensor: loading tensor blk.6.ssm_out.input_scale
create_tensor: loading tensor blk.6.ssm_alpha.input_scale
create_tensor: loading tensor blk.6.ssm_beta.input_scale
create_tensor: loading tensor blk.7.attn_q.scale
create_tensor: loading tensor blk.7.attn_k.scale
create_tensor: loading tensor blk.7.attn_v.scale
create_tensor: loading tensor blk.7.attn_output.scale
create_tensor: loading tensor blk.7.ffn_gate_shexp.scale
create_tensor: loading tensor blk.7.ffn_down_shexp.scale
create_tensor: loading tensor blk.7.ffn_up_shexp.scale
create_tensor: loading tensor blk.7.ffn_gate_exps.scale
create_tensor: loading tensor blk.7.ffn_down_exps.scale
create_tensor: loading tensor blk.7.ffn_up_exps.scale
create_tensor: loading tensor blk.7.attn_q.input_scale
create_tensor: loading tensor blk.7.attn_k.input_scale
create_tensor: loading tensor blk.7.attn_v.input_scale
create_tensor: loading tensor blk.7.attn_output.input_scale
create_tensor: loading tensor blk.7.ffn_gate_exps.input_scale
create_tensor: loading tensor blk.7.ffn_down_exps.input_scale
create_tensor: loading tensor blk.7.ffn_up_exps.input_scale
create_tensor: loading tensor blk.7.ffn_gate_shexp.input_scale
create_tensor: loading tensor blk.7.ffn_down_shexp.input_scale
create_tensor: loading tensor blk.7.ffn_up_shexp.input_scale
create_tensor: loading tensor blk.8.attn_qkv.scale
create_tensor: loading tensor blk.8.attn_gate.scale
create_tensor: loading tensor blk.8.ffn_gate_shexp.scale
create_tensor: loading tensor blk.8.ffn_down_shexp.scale
create_tensor: loading tensor blk.8.ffn_up_shexp.scale
create_tensor: loading tensor blk.8.ffn_gate_exps.scale
create_tensor: loading tensor blk.8.ffn_down_exps.scale
create_tensor: loading tensor blk.8.ffn_up_exps.scale
create_tensor: loading tensor blk.8.ssm_out.scale
create_tensor: loading tensor blk.8.ssm_alpha.scale
create_tensor: loading tensor blk.8.ssm_beta.scale
create_tensor: loading tensor blk.8.attn_qkv.input_scale
create_tensor: loading tensor blk.8.attn_gate.input_scale
create_tensor: loading tensor blk.8.ffn_gate_exps.input_scale
create_tensor: loading tensor blk.8.ffn_down_exps.input_scale
create_tensor: loading tensor blk.8.ffn_up_exps.input_scale
create_tensor: loading tensor blk.8.ffn_gate_shexp.input_scale
create_tensor: loading tensor blk.8.ffn_down_shexp.input_scale
create_tensor: loading tensor blk.8.ffn_up_shexp.input_scale
create_tensor: loading tensor blk.8.ssm_out.input_scale
create_tensor: loading tensor blk.8.ssm_alpha.input_scale
create_tensor: loading tensor blk.8.ssm_beta.input_scale
create_tensor: loading tensor blk.9.attn_qkv.scale
create_tensor: loading tensor blk.9.attn_gate.scale
create_tensor: loading tensor blk.9.ffn_gate_shexp.scale
create_tensor: loading tensor blk.9.ffn_down_shexp.scale
create_tensor: loading tensor blk.9.ffn_up_shexp.scale
create_tensor: loading tensor blk.9.ffn_gate_exps.scale
create_tensor: loading tensor blk.9.ffn_down_exps.scale
create_tensor: loading tensor blk.9.ffn_up_exps.scale
create_tensor: loading tensor blk.9.ssm_out.scale
create_tensor: loading tensor blk.9.ssm_alpha.scale
create_tensor: loading tensor blk.9.ssm_beta.scale
create_tensor: loading tensor blk.9.attn_qkv.input_scale
create_tensor: loading tensor blk.9.attn_gate.input_scale
create_tensor: loading tensor blk.9.ffn_gate_exps.input_scale
create_tensor: loading tensor blk.9.ffn_down_exps.input_scale
create_tensor: loading tensor blk.9.ffn_up_exps.input_scale
create_tensor: loading tensor blk.9.ffn_gate_shexp.input_scale
create_tensor: loading tensor blk.9.ffn_down_shexp.input_scale
create_tensor: loading tensor blk.9.ffn_up_shexp.input_scale
create_tensor: loading tensor blk.9.ssm_out.input_scale
create_tensor: loading tensor blk.9.ssm_alpha.input_scale
create_tensor: loading tensor blk.9.ssm_beta.input_scale
create_tensor: loading tensor blk.10.attn_qkv.scale
create_tensor: loading tensor blk.10.attn_gate.scale
create_tensor: loading tensor blk.10.ffn_gate_shexp.scale
create_tensor: loading tensor blk.10.ffn_down_shexp.scale
create_tensor: loading tensor blk.10.ffn_up_shexp.scale
create_tensor: loading tensor blk.10.ffn_gate_exps.scale
create_tensor: loading tensor blk.10.ffn_down_exps.scale
create_tensor: loading tensor blk.10.ffn_up_exps.scale
create_tensor: loading tensor blk.10.ssm_out.scale
create_tensor: loading tensor blk.10.ssm_alpha.scale
create_tensor: loading tensor blk.10.ssm_beta.scale
create_tensor: loading tensor blk.10.attn_qkv.input_scale
create_tensor: loading tensor blk.10.attn_gate.input_scale
create_tensor: loading tensor blk.10.ffn_gate_exps.input_scale
create_tensor: loading tensor blk.10.ffn_down_exps.input_scale
create_tensor: loading tensor blk.10.ffn_up_exps.input_scale
create_tensor: loading tensor blk.10.ffn_gate_shexp.input_scale
create_tensor: loading tensor blk.10.ffn_down_shexp.input_scale
create_tensor: loading tensor blk.10.ffn_up_shexp.input_scale
create_tensor: loading tensor blk.10.ssm_out.input_scale
create_tensor: loading tensor blk.10.ssm_alpha.input_scale
create_tensor: loading tensor blk.10.ssm_beta.input_scale
create_tensor: loading tensor blk.11.attn_q.scale
create_tensor: loading tensor blk.11.attn_k.scale
create_tensor: loading tensor blk.11.attn_v.scale
create_tensor: loading tensor blk.11.attn_output.scale
create_tensor: loading tensor blk.11.ffn_gate_shexp.scale
create_tensor: loading tensor blk.11.ffn_down_shexp.scale
create_tensor: loading tensor blk.11.ffn_up_shexp.scale
create_tensor: loading tensor blk.11.ffn_gate_exps.scale
create_tensor: loading tensor blk.11.ffn_down_exps.scale
create_tensor: loading tensor blk.11.ffn_up_exps.scale
create_tensor: loading tensor blk.11.attn_q.input_scale
create_tensor: loading tensor blk.11.attn_k.input_scale
create_tensor: loading tensor blk.11.attn_v.input_scale
create_tensor: loading tensor blk.11.attn_output.input_scale
create_tensor: loading tensor blk.11.ffn_gate_exps.input_scale
create_tensor: loading tensor blk.11.ffn_down_exps.input_scale
create_tensor: loading tensor blk.11.ffn_up_exps.input_scale
create_tensor: loading tensor blk.11.ffn_gate_shexp.input_scale
create_tensor: loading tensor blk.11.ffn_down_shexp.input_scale
create_tensor: loading tensor blk.11.ffn_up_shexp.input_scale
create_tensor: loading tensor blk.12.attn_qkv.scale
create_tensor: loading tensor blk.12.attn_gate.scale
create_tensor: loading tensor blk.12.ffn_gate_shexp.scale
create_tensor: loading tensor blk.12.ffn_down_shexp.scale
create_tensor: loading tensor blk.12.ffn_up_shexp.scale
create_tensor: loading tensor blk.12.ffn_gate_exps.scale
create_tensor: loading tensor blk.12.ffn_down_exps.scale
create_tensor: loading tensor blk.12.ffn_up_exps.scale
create_tensor: loading tensor blk.12.ssm_out.scale
create_tensor: loading tensor blk.12.ssm_alpha.scale
create_tensor: loading tensor blk.12.ssm_beta.scale
create_tensor: loading tensor blk.12.attn_qkv.input_scale
create_tensor: loading tensor blk.12.attn_gate.input_scale
create_tensor: loading tensor blk.12.ffn_gate_exps.input_scale
create_tensor: loading tensor blk.12.ffn_down_exps.input_scale
create_tensor: loading tensor blk.12.ffn_up_exps.input_scale
create_tensor: loading tensor blk.12.ffn_gate_shexp.input_scale
create_tensor: loading tensor blk.12.ffn_down_shexp.input_scale
create_tensor: loading tensor blk.12.ffn_up_shexp.input_scale
create_tensor: loading tensor blk.12.ssm_out.input_scale
create_tensor: loading tensor blk.12.ssm_alpha.input_scale
create_tensor: loading tensor blk.12.ssm_beta.input_scale
create_tensor: loading tensor blk.13.attn_qkv.scale
create_tensor: loading tensor blk.13.attn_gate.scale
create_tensor: loading tensor blk.13.ffn_gate_shexp.scale
create_tensor: loading tensor blk.13.ffn_down_shexp.scale
create_tensor: loading tensor blk.13.ffn_up_shexp.scale
create_tensor: loading tensor blk.13.ffn_gate_exps.scale
create_tensor: loading tensor blk.13.ffn_down_exps.scale
create_tensor: loading tensor blk.13.ffn_up_exps.scale
create_tensor: loading tensor blk.13.ssm_out.scale
create_tensor: loading tensor blk.13.ssm_alpha.scale
create_tensor: loading tensor blk.13.ssm_beta.scale
create_tensor: loading tensor blk.13.attn_qkv.input_scale
create_tensor: loading tensor blk.13.attn_gate.input_scale
create_tensor: loading tensor blk.13.ffn_gate_exps.input_scale
create_tensor: loading tensor blk.13.ffn_down_exps.input_scale
create_tensor: loading tensor blk.13.ffn_up_exps.input_scale
create_tensor: loading tensor blk.13.ffn_gate_shexp.input_scale
create_tensor: loading tensor blk.13.ffn_down_shexp.input_scale
create_tensor: loading tensor blk.13.ffn_up_shexp.input_scale
create_tensor: loading tensor blk.13.ssm_out.input_scale
create_tensor: loading tensor blk.13.ssm_alpha.input_scale
create_tensor: loading tensor blk.13.ssm_beta.input_scale
create_tensor: loading tensor blk.14.attn_qkv.scale
create_tensor: loading tensor blk.14.attn_gate.scale
create_tensor: loading tensor blk.14.ffn_gate_shexp.scale
create_tensor: loading tensor blk.14.ffn_down_shexp.scale
create_tensor: loading tensor blk.14.ffn_up_shexp.scale
create_tensor: loading tensor blk.14.ffn_gate_exps.scale
create_tensor: loading tensor blk.14.ffn_down_exps.scale
create_tensor: loading tensor blk.14.ffn_up_exps.scale
create_tensor: loading tensor blk.14.ssm_out.scale
create_tensor: loading tensor blk.14.ssm_alpha.scale
create_tensor: loading tensor blk.14.ssm_beta.scale
create_tensor: loading tensor blk.14.attn_qkv.input_scale
create_tensor: loading tensor blk.14.attn_gate.input_scale
create_tensor: loading tensor blk.14.ffn_gate_exps.input_scale
create_tensor: loading tensor blk.14.ffn_down_exps.input_scale
create_tensor: loading tensor blk.14.ffn_up_exps.input_scale
create_tensor: loading tensor blk.14.ffn_gate_shexp.input_scale
create_tensor: loading tensor blk.14.ffn_down_shexp.input_scale
create_tensor: loading tensor blk.14.ffn_up_shexp.input_scale
create_tensor: loading tensor blk.14.ssm_out.input_scale
create_tensor: loading tensor blk.14.ssm_alpha.input_scale
create_tensor: loading tensor blk.14.ssm_beta.input_scale
create_tensor: loading tensor blk.15.attn_q.scale
create_tensor: loading tensor blk.15.attn_k.scale
create_tensor: loading tensor blk.15.attn_v.scale
create_tensor: loading tensor blk.15.attn_output.scale
create_tensor: loading tensor blk.15.ffn_gate_shexp.scale
create_tensor: loading tensor blk.15.ffn_down_shexp.scale
create_tensor: loading tensor blk.15.ffn_up_shexp.scale
create_tensor: loading tensor blk.15.ffn_gate_exps.scale
create_tensor: loading tensor blk.15.ffn_down_exps.scale
create_tensor: loading tensor blk.15.ffn_up_exps.scale
create_tensor: loading tensor blk.15.attn_q.input_scale
create_tensor: loading tensor blk.15.attn_k.input_scale
create_tensor: loading tensor blk.15.attn_v.input_scale
create_tensor: loading tensor blk.15.attn_output.input_scale
create_tensor: loading tensor blk.15.ffn_gate_exps.input_scale
create_tensor: loading tensor blk.15.ffn_down_exps.input_scale
create_tensor: loading tensor blk.15.ffn_up_exps.input_scale
create_tensor: loading tensor blk.15.ffn_gate_shexp.input_scale
create_tensor: loading tensor blk.15.ffn_down_shexp.input_scale
create_tensor: loading tensor blk.15.ffn_up_shexp.input_scale
create_tensor: loading tensor blk.16.attn_qkv.scale
create_tensor: loading tensor blk.16.attn_gate.scale
create_tensor: loading tensor blk.16.ffn_gate_shexp.scale
create_tensor: loading tensor blk.16.ffn_down_shexp.scale
create_tensor: loading tensor blk.16.ffn_up_shexp.scale
create_tensor: loading tensor blk.16.ffn_gate_exps.scale
create_tensor: loading tensor blk.16.ffn_down_exps.scale
create_tensor: loading tensor blk.16.ffn_up_exps.scale
create_tensor: loading tensor blk.16.ssm_out.scale
create_tensor: loading tensor blk.16.ssm_alpha.scale
create_tensor: loading tensor blk.16.ssm_beta.scale
create_tensor: loading tensor blk.16.attn_qkv.input_scale
create_tensor: loading tensor blk.16.attn_gate.input_scale
create_tensor: loading tensor blk.16.ffn_gate_exps.input_scale
create_tensor: loading tensor blk.16.ffn_down_exps.input_scale
create_tensor: loading tensor blk.16.ffn_up_exps.input_scale
create_tensor: loading tensor blk.16.ffn_gate_shexp.input_scale
create_tensor: loading tensor blk.16.ffn_down_shexp.input_scale
create_tensor: loading tensor blk.16.ffn_up_shexp.input_scale
create_tensor: loading tensor blk.16.ssm_out.input_scale
create_tensor: loading tensor blk.16.ssm_alpha.input_scale
create_tensor: loading tensor blk.16.ssm_beta.input_scale
create_tensor: loading tensor blk.17.attn_qkv.scale
create_tensor: loading tensor blk.17.attn_gate.scale
create_tensor: loading tensor blk.17.ffn_gate_shexp.scale
create_tensor: loading tensor blk.17.ffn_down_shexp.scale
create_tensor: loading tensor blk.17.ffn_up_shexp.scale
create_tensor: loading tensor blk.17.ffn_gate_exps.scale
create_tensor: loading tensor blk.17.ffn_down_exps.scale
create_tensor: loading tensor blk.17.ffn_up_exps.scale
create_tensor: loading tensor blk.17.ssm_out.scale
create_tensor: loading tensor blk.17.ssm_alpha.scale
create_tensor: loading tensor blk.17.ssm_beta.scale
create_tensor: loading tensor blk.17.attn_qkv.input_scale
create_tensor: loading tensor blk.17.attn_gate.input_scale
create_tensor: loading tensor blk.17.ffn_gate_exps.input_scale
create_tensor: loading tensor blk.17.ffn_down_exps.input_scale
create_tensor: loading tensor blk.17.ffn_up_exps.input_scale
create_tensor: loading tensor blk.17.ffn_gate_shexp.input_scale
create_tensor: loading tensor blk.17.ffn_down_shexp.input_scale
create_tensor: loading tensor blk.17.ffn_up_shexp.input_scale
create_tensor: loading tensor blk.17.ssm_out.input_scale
create_tensor: loading tensor blk.17.ssm_alpha.input_scale
create_tensor: loading tensor blk.17.ssm_beta.input_scale
create_tensor: loading tensor blk.18.attn_qkv.scale
create_tensor: loading tensor blk.18.attn_gate.scale
create_tensor: loading tensor blk.18.ffn_gate_shexp.scale
create_tensor: loading tensor blk.18.ffn_down_shexp.scale
create_tensor: loading tensor blk.18.ffn_up_shexp.scale
create_tensor: loading tensor blk.18.ffn_gate_exps.scale
create_tensor: loading tensor blk.18.ffn_down_exps.scale
create_tensor: loading tensor blk.18.ffn_up_exps.scale
create_tensor: loading tensor blk.18.ssm_out.scale
create_tensor: loading tensor blk.18.ssm_alpha.scale
create_tensor: loading tensor blk.18.ssm_beta.scale
create_tensor: loading tensor blk.18.attn_qkv.input_scale
create_tensor: loading tensor blk.18.attn_gate.input_scale
create_tensor: loading tensor blk.18.ffn_gate_exps.input_scale
create_tensor: loading tensor blk.18.ffn_down_exps.input_scale
create_tensor: loading tensor blk.18.ffn_up_exps.input_scale
create_tensor: loading tensor blk.18.ffn_gate_shexp.input_scale
create_tensor: loading tensor blk.18.ffn_down_shexp.input_scale
create_tensor: loading tensor blk.18.ffn_up_shexp.input_scale
create_tensor: loading tensor blk.18.ssm_out.input_scale
create_tensor: loading tensor blk.18.ssm_alpha.input_scale
create_tensor: loading tensor blk.18.ssm_beta.input_scale
create_tensor: loading tensor blk.19.attn_q.scale
create_tensor: loading tensor blk.19.attn_k.scale
create_tensor: loading tensor blk.19.attn_v.scale
create_tensor: loading tensor blk.19.attn_output.scale
create_tensor: loading tensor blk.19.ffn_gate_shexp.scale
create_tensor: loading tensor blk.19.ffn_down_shexp.scale
create_tensor: loading tensor blk.19.ffn_up_shexp.scale
create_tensor: loading tensor blk.19.ffn_gate_exps.scale
create_tensor: loading tensor blk.19.ffn_down_exps.scale
create_tensor: loading tensor blk.19.ffn_up_exps.scale
create_tensor: loading tensor blk.19.attn_q.input_scale
create_tensor: loading tensor blk.19.attn_k.input_scale
create_tensor: loading tensor blk.19.attn_v.input_scale
create_tensor: loading tensor blk.19.attn_output.input_scale
create_tensor: loading tensor blk.19.ffn_gate_exps.input_scale
create_tensor: loading tensor blk.19.ffn_down_exps.input_scale
create_tensor: loading tensor blk.19.ffn_up_exps.input_scale
create_tensor: loading tensor blk.19.ffn_gate_shexp.input_scale
create_tensor: loading tensor blk.19.ffn_down_shexp.input_scale
create_tensor: loading tensor blk.19.ffn_up_shexp.input_scale
create_tensor: loading tensor blk.20.attn_qkv.scale
create_tensor: loading tensor blk.20.attn_gate.scale
create_tensor: loading tensor blk.20.ffn_gate_shexp.scale
create_tensor: loading tensor blk.20.ffn_down_shexp.scale
create_tensor: loading tensor blk.20.ffn_up_shexp.scale
create_tensor: loading tensor blk.20.ffn_gate_exps.scale
create_tensor: loading tensor blk.20.ffn_down_exps.scale
create_tensor: loading tensor blk.20.ffn_up_exps.scale
create_tensor: loading tensor blk.20.ssm_out.scale
create_tensor: loading tensor blk.20.ssm_alpha.scale
create_tensor: loading tensor blk.20.ssm_beta.scale
create_tensor: loading tensor blk.20.attn_qkv.input_scale
create_tensor: loading tensor blk.20.attn_gate.input_scale
create_tensor: loading tensor blk.20.ffn_gate_exps.input_scale
create_tensor: loading tensor blk.20.ffn_down_exps.input_scale
create_tensor: loading tensor blk.20.ffn_up_exps.input_scale
create_tensor: loading tensor blk.20.ffn_gate_shexp.input_scale
create_tensor: loading tensor blk.20.ffn_down_shexp.input_scale
create_tensor: loading tensor blk.20.ffn_up_shexp.input_scale
create_tensor: loading tensor blk.20.ssm_out.input_scale
create_tensor: loading tensor blk.20.ssm_alpha.input_scale
create_tensor: loading tensor blk.20.ssm_beta.input_scale
create_tensor: loading tensor blk.21.attn_qkv.scale
create_tensor: loading tensor blk.21.attn_gate.scale
create_tensor: loading tensor blk.21.ffn_gate_shexp.scale
create_tensor: loading tensor blk.21.ffn_down_shexp.scale
create_tensor: loading tensor blk.21.ffn_up_shexp.scale
create_tensor: loading tensor blk.21.ffn_gate_exps.scale
create_tensor: loading tensor blk.21.ffn_down_exps.scale
create_tensor: loading tensor blk.21.ffn_up_exps.scale
create_tensor: loading tensor blk.21.ssm_out.scale
create_tensor: loading tensor blk.21.ssm_alpha.scale
create_tensor: loading tensor blk.21.ssm_beta.scale
create_tensor: loading tensor blk.21.attn_qkv.input_scale
create_tensor: loading tensor blk.21.attn_gate.input_scale
create_tensor: loading tensor blk.21.ffn_gate_exps.input_scale
create_tensor: loading tensor blk.21.ffn_down_exps.input_scale
create_tensor: loading tensor blk.21.ffn_up_exps.input_scale
create_tensor: loading tensor blk.21.ffn_gate_shexp.input_scale
create_tensor: loading tensor blk.21.ffn_down_shexp.input_scale
create_tensor: loading tensor blk.21.ffn_up_shexp.input_scale
create_tensor: loading tensor blk.21.ssm_out.input_scale
create_tensor: loading tensor blk.21.ssm_alpha.input_scale
create_tensor: loading tensor blk.21.ssm_beta.input_scale
create_tensor: loading tensor blk.22.attn_qkv.scale
create_tensor: loading tensor blk.22.attn_gate.scale
create_tensor: loading tensor blk.22.ffn_gate_shexp.scale
create_tensor: loading tensor blk.22.ffn_down_shexp.scale
create_tensor: loading tensor blk.22.ffn_up_shexp.scale
create_tensor: loading tensor blk.22.ffn_gate_exps.scale
create_tensor: loading tensor blk.22.ffn_down_exps.scale
create_tensor: loading tensor blk.22.ffn_up_exps.scale
create_tensor: loading tensor blk.22.ssm_out.scale
create_tensor: loading tensor blk.22.ssm_alpha.scale
create_tensor: loading tensor blk.22.ssm_beta.scale
create_tensor: loading tensor blk.22.attn_qkv.input_scale
create_tensor: loading tensor blk.22.attn_gate.input_scale
create_tensor: loading tensor blk.22.ffn_gate_exps.input_scale
create_tensor: loading tensor blk.22.ffn_down_exps.input_scale
create_tensor: loading tensor blk.22.ffn_up_exps.input_scale
create_tensor: loading tensor blk.22.ffn_gate_shexp.input_scale
create_tensor: loading tensor blk.22.ffn_down_shexp.input_scale
create_tensor: loading tensor blk.22.ffn_up_shexp.input_scale
create_tensor: loading tensor blk.22.ssm_out.input_scale
create_tensor: loading tensor blk.22.ssm_alpha.input_scale
create_tensor: loading tensor blk.22.ssm_beta.input_scale
create_tensor: loading tensor blk.23.attn_q.scale
create_tensor: loading tensor blk.23.attn_k.scale
create_tensor: loading tensor blk.23.attn_v.scale
create_tensor: loading tensor blk.23.attn_output.scale
create_tensor: loading tensor blk.23.ffn_gate_shexp.scale
create_tensor: loading tensor blk.23.ffn_down_shexp.scale
create_tensor: loading tensor blk.23.ffn_up_shexp.scale
create_tensor: loading tensor blk.23.ffn_gate_exps.scale
create_tensor: loading tensor blk.23.ffn_down_exps.scale
create_tensor: loading tensor blk.23.ffn_up_exps.scale
create_tensor: loading tensor blk.23.attn_q.input_scale
create_tensor: loading tensor blk.23.attn_k.input_scale
create_tensor: loading tensor blk.23.attn_v.input_scale
create_tensor: loading tensor blk.23.attn_output.input_scale
create_tensor: loading tensor blk.23.ffn_gate_exps.input_scale
create_tensor: loading tensor blk.23.ffn_down_exps.input_scale
create_tensor: loading tensor blk.23.ffn_up_exps.input_scale
create_tensor: loading tensor blk.23.ffn_gate_shexp.input_scale
create_tensor: loading tensor blk.23.ffn_down_shexp.input_scale
create_tensor: loading tensor blk.23.ffn_up_shexp.input_scale
create_tensor: loading tensor blk.24.attn_qkv.scale
create_tensor: loading tensor blk.24.attn_gate.scale
create_tensor: loading tensor blk.24.ffn_gate_shexp.scale
create_tensor: loading tensor blk.24.ffn_down_shexp.scale
create_tensor: loading tensor blk.24.ffn_up_shexp.scale
create_tensor: loading tensor blk.24.ffn_gate_exps.scale
create_tensor: loading tensor blk.24.ffn_down_exps.scale
create_tensor: loading tensor blk.24.ffn_up_exps.scale
create_tensor: loading tensor blk.24.ssm_out.scale
create_tensor: loading tensor blk.24.ssm_alpha.scale
create_tensor: loading tensor blk.24.ssm_beta.scale
create_tensor: loading tensor blk.24.attn_qkv.input_scale
create_tensor: loading tensor blk.24.attn_gate.input_scale
create_tensor: loading tensor blk.24.ffn_gate_exps.input_scale
create_tensor: loading tensor blk.24.ffn_down_exps.input_scale
create_tensor: loading tensor blk.24.ffn_up_exps.input_scale
create_tensor: loading tensor blk.24.ffn_gate_shexp.input_scale
create_tensor: loading tensor blk.24.ffn_down_shexp.input_scale
create_tensor: loading tensor blk.24.ffn_up_shexp.input_scale
create_tensor: loading tensor blk.24.ssm_out.input_scale
create_tensor: loading tensor blk.24.ssm_alpha.input_scale
create_tensor: loading tensor blk.24.ssm_beta.input_scale
create_tensor: loading tensor blk.25.attn_qkv.scale
create_tensor: loading tensor blk.25.attn_gate.scale
create_tensor: loading tensor blk.25.ffn_gate_shexp.scale
create_tensor: loading tensor blk.25.ffn_down_shexp.scale
create_tensor: loading tensor blk.25.ffn_up_shexp.scale
create_tensor: loading tensor blk.25.ffn_gate_exps.scale
create_tensor: loading tensor blk.25.ffn_down_exps.scale
create_tensor: loading tensor blk.25.ffn_up_exps.scale
create_tensor: loading tensor blk.25.ssm_out.scale
create_tensor: loading tensor blk.25.ssm_alpha.scale
create_tensor: loading tensor blk.25.ssm_beta.scale
create_tensor: loading tensor blk.25.attn_qkv.input_scale
create_tensor: loading tensor blk.25.attn_gate.input_scale
create_tensor: loading tensor blk.25.ffn_gate_exps.input_scale
create_tensor: loading tensor blk.25.ffn_down_exps.input_scale
create_tensor: loading tensor blk.25.ffn_up_exps.input_scale
create_tensor: loading tensor blk.25.ffn_gate_shexp.input_scale
create_tensor: loading tensor blk.25.ffn_down_shexp.input_scale
create_tensor: loading tensor blk.25.ffn_up_shexp.input_scale
create_tensor: loading tensor blk.25.ssm_out.input_scale
create_tensor: loading tensor blk.25.ssm_alpha.input_scale
create_tensor: loading tensor blk.25.ssm_beta.input_scale
create_tensor: loading tensor blk.26.attn_qkv.scale
create_tensor: loading tensor blk.26.attn_gate.scale
create_tensor: loading tensor blk.26.ffn_gate_shexp.scale
create_tensor: loading tensor blk.26.ffn_down_shexp.scale
create_tensor: loading tensor blk.26.ffn_up_shexp.scale
create_tensor: loading tensor blk.26.ffn_gate_exps.scale
create_tensor: loading tensor blk.26.ffn_down_exps.scale
create_tensor: loading tensor blk.26.ffn_up_exps.scale
create_tensor: loading tensor blk.26.ssm_out.scale
create_tensor: loading tensor blk.26.ssm_alpha.scale
create_tensor: loading tensor blk.26.ssm_beta.scale
create_tensor: loading tensor blk.26.attn_qkv.input_scale
create_tensor: loading tensor blk.26.attn_gate.input_scale
create_tensor: loading tensor blk.26.ffn_gate_exps.input_scale
create_tensor: loading tensor blk.26.ffn_down_exps.input_scale
create_tensor: loading tensor blk.26.ffn_up_exps.input_scale
create_tensor: loading tensor blk.26.ffn_gate_shexp.input_scale
create_tensor: loading tensor blk.26.ffn_down_shexp.input_scale
create_tensor: loading tensor blk.26.ffn_up_shexp.input_scale
create_tensor: loading tensor blk.26.ssm_out.input_scale
create_tensor: loading tensor blk.26.ssm_alpha.input_scale
create_tensor: loading tensor blk.26.ssm_beta.input_scale
create_tensor: loading tensor blk.27.attn_q.scale
create_tensor: loading tensor blk.27.attn_k.scale
create_tensor: loading tensor blk.27.attn_v.scale
create_tensor: loading tensor blk.27.attn_output.scale
create_tensor: loading tensor blk.27.ffn_gate_shexp.scale
create_tensor: loading tensor blk.27.ffn_down_shexp.scale
create_tensor: loading tensor blk.27.ffn_up_shexp.scale
create_tensor: loading tensor blk.27.ffn_gate_exps.scale
create_tensor: loading tensor blk.27.ffn_down_exps.scale
create_tensor: loading tensor blk.27.ffn_up_exps.scale
create_tensor: loading tensor blk.27.attn_q.input_scale
create_tensor: loading tensor blk.27.attn_k.input_scale
create_tensor: loading tensor blk.27.attn_v.input_scale
create_tensor: loading tensor blk.27.attn_output.input_scale
create_tensor: loading tensor blk.27.ffn_gate_exps.input_scale
create_tensor: loading tensor blk.27.ffn_down_exps.input_scale
create_tensor: loading tensor blk.27.ffn_up_exps.input_scale
create_tensor: loading tensor blk.27.ffn_gate_shexp.input_scale
create_tensor: loading tensor blk.27.ffn_down_shexp.input_scale
create_tensor: loading tensor blk.27.ffn_up_shexp.input_scale
create_tensor: loading tensor blk.28.attn_qkv.scale
create_tensor: loading tensor blk.28.attn_gate.scale
create_tensor: loading tensor blk.28.ffn_gate_shexp.scale
create_tensor: loading tensor blk.28.ffn_down_shexp.scale
create_tensor: loading tensor blk.28.ffn_up_shexp.scale
create_tensor: loading tensor blk.28.ffn_gate_exps.scale
create_tensor: loading tensor blk.28.ffn_down_exps.scale
create_tensor: loading tensor blk.28.ffn_up_exps.scale
create_tensor: loading tensor blk.28.ssm_out.scale
create_tensor: loading tensor blk.28.ssm_alpha.scale
create_tensor: loading tensor blk.28.ssm_beta.scale
create_tensor: loading tensor blk.28.attn_qkv.input_scale
create_tensor: loading tensor blk.28.attn_gate.input_scale
create_tensor: loading tensor blk.28.ffn_gate_exps.input_scale
create_tensor: loading tensor blk.28.ffn_down_exps.input_scale
create_tensor: loading tensor blk.28.ffn_up_exps.input_scale
create_tensor: loading tensor blk.28.ffn_gate_shexp.input_scale
create_tensor: loading tensor blk.28.ffn_down_shexp.input_scale
create_tensor: loading tensor blk.28.ffn_up_shexp.input_scale
create_tensor: loading tensor blk.28.ssm_out.input_scale
create_tensor: loading tensor blk.28.ssm_alpha.input_scale
create_tensor: loading tensor blk.28.ssm_beta.input_scale
create_tensor: loading tensor blk.29.attn_qkv.scale
create_tensor: loading tensor blk.29.attn_gate.scale
create_tensor: loading tensor blk.29.ffn_gate_shexp.scale
create_tensor: loading tensor blk.29.ffn_down_shexp.scale
create_tensor: loading tensor blk.29.ffn_up_shexp.scale
create_tensor: loading tensor blk.29.ffn_gate_exps.scale
create_tensor: loading tensor blk.29.ffn_down_exps.scale
create_tensor: loading tensor blk.29.ffn_up_exps.scale
create_tensor: loading tensor blk.29.ssm_out.scale
create_tensor: loading tensor blk.29.ssm_alpha.scale
create_tensor: loading tensor blk.29.ssm_beta.scale
create_tensor: loading tensor blk.29.attn_qkv.input_scale
create_tensor: loading tensor blk.29.attn_gate.input_scale
create_tensor: loading tensor blk.29.ffn_gate_exps.input_scale
create_tensor: loading tensor blk.29.ffn_down_exps.input_scale
create_tensor: loading tensor blk.29.ffn_up_exps.input_scale
create_tensor: loading tensor blk.29.ffn_gate_shexp.input_scale
create_tensor: loading tensor blk.29.ffn_down_shexp.input_scale
create_tensor: loading tensor blk.29.ffn_up_shexp.input_scale
create_tensor: loading tensor blk.29.ssm_out.input_scale
create_tensor: loading tensor blk.29.ssm_alpha.input_scale
create_tensor: loading tensor blk.29.ssm_beta.input_scale
create_tensor: loading tensor blk.30.attn_qkv.scale
create_tensor: loading tensor blk.30.attn_gate.scale
create_tensor: loading tensor blk.30.ffn_gate_shexp.scale
create_tensor: loading tensor blk.30.ffn_down_shexp.scale
create_tensor: loading tensor blk.30.ffn_up_shexp.scale
create_tensor: loading tensor blk.30.ffn_gate_exps.scale
create_tensor: loading tensor blk.30.ffn_down_exps.scale
create_tensor: loading tensor blk.30.ffn_up_exps.scale
create_tensor: loading tensor blk.30.ssm_out.scale
create_tensor: loading tensor blk.30.ssm_alpha.scale
create_tensor: loading tensor blk.30.ssm_beta.scale
create_tensor: loading tensor blk.30.attn_qkv.input_scale
create_tensor: loading tensor blk.30.attn_gate.input_scale
create_tensor: loading tensor blk.30.ffn_gate_exps.input_scale
create_tensor: loading tensor blk.30.ffn_down_exps.input_scale
create_tensor: loading tensor blk.30.ffn_up_exps.input_scale
create_tensor: loading tensor blk.30.ffn_gate_shexp.input_scale
create_tensor: loading tensor blk.30.ffn_down_shexp.input_scale
create_tensor: loading tensor blk.30.ffn_up_shexp.input_scale
create_tensor: loading tensor blk.30.ssm_out.input_scale
create_tensor: loading tensor blk.30.ssm_alpha.input_scale
create_tensor: loading tensor blk.30.ssm_beta.input_scale
create_tensor: loading tensor blk.31.attn_q.scale
create_tensor: loading tensor blk.31.attn_k.scale
create_tensor: loading tensor blk.31.attn_v.scale
create_tensor: loading tensor blk.31.attn_output.scale
create_tensor: loading tensor blk.31.ffn_gate_shexp.scale
create_tensor: loading tensor blk.31.ffn_down_shexp.scale
create_tensor: loading tensor blk.31.ffn_up_shexp.scale
create_tensor: loading tensor blk.31.ffn_gate_exps.scale
create_tensor: loading tensor blk.31.ffn_down_exps.scale
create_tensor: loading tensor blk.31.ffn_up_exps.scale
create_tensor: loading tensor blk.31.attn_q.input_scale
create_tensor: loading tensor blk.31.attn_k.input_scale
create_tensor: loading tensor blk.31.attn_v.input_scale
create_tensor: loading tensor blk.31.attn_output.input_scale
create_tensor: loading tensor blk.31.ffn_gate_exps.input_scale
create_tensor: loading tensor blk.31.ffn_down_exps.input_scale
create_tensor: loading tensor blk.31.ffn_up_exps.input_scale
create_tensor: loading tensor blk.31.ffn_gate_shexp.input_scale
create_tensor: loading tensor blk.31.ffn_down_shexp.input_scale
create_tensor: loading tensor blk.31.ffn_up_shexp.input_scale
create_tensor: loading tensor blk.32.attn_qkv.scale
create_tensor: loading tensor blk.32.attn_gate.scale
create_tensor: loading tensor blk.32.ffn_gate_shexp.scale
create_tensor: loading tensor blk.32.ffn_down_shexp.scale
create_tensor: loading tensor blk.32.ffn_up_shexp.scale
create_tensor: loading tensor blk.32.ffn_gate_exps.scale
create_tensor: loading tensor blk.32.ffn_down_exps.scale
create_tensor: loading tensor blk.32.ffn_up_exps.scale
create_tensor: loading tensor blk.32.ssm_out.scale
create_tensor: loading tensor blk.32.ssm_alpha.scale
create_tensor: loading tensor blk.32.ssm_beta.scale
create_tensor: loading tensor blk.32.attn_qkv.input_scale
create_tensor: loading tensor blk.32.attn_gate.input_scale
create_tensor: loading tensor blk.32.ffn_gate_exps.input_scale
create_tensor: loading tensor blk.32.ffn_down_exps.input_scale
create_tensor: loading tensor blk.32.ffn_up_exps.input_scale
create_tensor: loading tensor blk.32.ffn_gate_shexp.input_scale
create_tensor: loading tensor blk.32.ffn_down_shexp.input_scale
create_tensor: loading tensor blk.32.ffn_up_shexp.input_scale
create_tensor: loading tensor blk.32.ssm_out.input_scale
create_tensor: loading tensor blk.32.ssm_alpha.input_scale
create_tensor: loading tensor blk.32.ssm_beta.input_scale
create_tensor: loading tensor blk.33.attn_qkv.scale
create_tensor: loading tensor blk.33.attn_gate.scale
create_tensor: loading tensor blk.33.ffn_gate_shexp.scale
create_tensor: loading tensor blk.33.ffn_down_shexp.scale
create_tensor: loading tensor blk.33.ffn_up_shexp.scale
create_tensor: loading tensor blk.33.ffn_gate_exps.scale
create_tensor: loading tensor blk.33.ffn_down_exps.scale
create_tensor: loading tensor blk.33.ffn_up_exps.scale
create_tensor: loading tensor blk.33.ssm_out.scale
create_tensor: loading tensor blk.33.ssm_alpha.scale
create_tensor: loading tensor blk.33.ssm_beta.scale
create_tensor: loading tensor blk.33.attn_qkv.input_scale
create_tensor: loading tensor blk.33.attn_gate.input_scale
create_tensor: loading tensor blk.33.ffn_gate_exps.input_scale
create_tensor: loading tensor blk.33.ffn_down_exps.input_scale
create_tensor: loading tensor blk.33.ffn_up_exps.input_scale
create_tensor: loading tensor blk.33.ffn_gate_shexp.input_scale
create_tensor: loading tensor blk.33.ffn_down_shexp.input_scale
create_tensor: loading tensor blk.33.ffn_up_shexp.input_scale
create_tensor: loading tensor blk.33.ssm_out.input_scale
create_tensor: loading tensor blk.33.ssm_alpha.input_scale
create_tensor: loading tensor blk.33.ssm_beta.input_scale
create_tensor: loading tensor blk.34.attn_qkv.scale
create_tensor: loading tensor blk.34.attn_gate.scale
create_tensor: loading tensor blk.34.ffn_gate_shexp.scale
create_tensor: loading tensor blk.34.ffn_down_shexp.scale
create_tensor: loading tensor blk.34.ffn_up_shexp.scale
create_tensor: loading tensor blk.34.ffn_gate_exps.scale
create_tensor: loading tensor blk.34.ffn_down_exps.scale
create_tensor: loading tensor blk.34.ffn_up_exps.scale
create_tensor: loading tensor blk.34.ssm_out.scale
create_tensor: loading tensor blk.34.ssm_alpha.scale
create_tensor: loading tensor blk.34.ssm_beta.scale
create_tensor: loading tensor blk.34.attn_qkv.input_scale
create_tensor: loading tensor blk.34.attn_gate.input_scale
create_tensor: loading tensor blk.34.ffn_gate_exps.input_scale
create_tensor: loading tensor blk.34.ffn_down_exps.input_scale
create_tensor: loading tensor blk.34.ffn_up_exps.input_scale
create_tensor: loading tensor blk.34.ffn_gate_shexp.input_scale
create_tensor: loading tensor blk.34.ffn_down_shexp.input_scale
create_tensor: loading tensor blk.34.ffn_up_shexp.input_scale
create_tensor: loading tensor blk.34.ssm_out.input_scale
create_tensor: loading tensor blk.34.ssm_alpha.input_scale
create_tensor: loading tensor blk.34.ssm_beta.input_scale
create_tensor: loading tensor blk.35.attn_q.scale
create_tensor: loading tensor blk.35.attn_k.scale
create_tensor: loading tensor blk.35.attn_v.scale
create_tensor: loading tensor blk.35.attn_output.scale
create_tensor: loading tensor blk.35.ffn_gate_shexp.scale
create_tensor: loading tensor blk.35.ffn_down_shexp.scale
create_tensor: loading tensor blk.35.ffn_up_shexp.scale
create_tensor: loading tensor blk.35.ffn_gate_exps.scale
create_tensor: loading tensor blk.35.ffn_down_exps.scale
create_tensor: loading tensor blk.35.ffn_up_exps.scale
create_tensor: loading tensor blk.35.attn_q.input_scale
create_tensor: loading tensor blk.35.attn_k.input_scale
create_tensor: loading tensor blk.35.attn_v.input_scale
create_tensor: loading tensor blk.35.attn_output.input_scale
create_tensor: loading tensor blk.35.ffn_gate_exps.input_scale
create_tensor: loading tensor blk.35.ffn_down_exps.input_scale
create_tensor: loading tensor blk.35.ffn_up_exps.input_scale
create_tensor: loading tensor blk.35.ffn_gate_shexp.input_scale
create_tensor: loading tensor blk.35.ffn_down_shexp.input_scale
create_tensor: loading tensor blk.35.ffn_up_shexp.input_scale
create_tensor: loading tensor blk.36.attn_qkv.scale
create_tensor: loading tensor blk.36.attn_gate.scale
create_tensor: loading tensor blk.36.ffn_gate_shexp.scale
create_tensor: loading tensor blk.36.ffn_down_shexp.scale
create_tensor: loading tensor blk.36.ffn_up_shexp.scale
create_tensor: loading tensor blk.36.ffn_gate_exps.scale
create_tensor: loading tensor blk.36.ffn_down_exps.scale
create_tensor: loading tensor blk.36.ffn_up_exps.scale
create_tensor: loading tensor blk.36.ssm_out.scale
create_tensor: loading tensor blk.36.ssm_alpha.scale
create_tensor: loading tensor blk.36.ssm_beta.scale
create_tensor: loading tensor blk.36.attn_qkv.input_scale
create_tensor: loading tensor blk.36.attn_gate.input_scale
create_tensor: loading tensor blk.36.ffn_gate_exps.input_scale
create_tensor: loading tensor blk.36.ffn_down_exps.input_scale
create_tensor: loading tensor blk.36.ffn_up_exps.input_scale
create_tensor: loading tensor blk.36.ffn_gate_shexp.input_scale
create_tensor: loading tensor blk.36.ffn_down_shexp.input_scale
create_tensor: loading tensor blk.36.ffn_up_shexp.input_scale
create_tensor: loading tensor blk.36.ssm_out.input_scale
create_tensor: loading tensor blk.36.ssm_alpha.input_scale
create_tensor: loading tensor blk.36.ssm_beta.input_scale
create_tensor: loading tensor blk.37.attn_qkv.scale
create_tensor: loading tensor blk.37.attn_gate.scale
create_tensor: loading tensor blk.37.ffn_gate_shexp.scale
create_tensor: loading tensor blk.37.ffn_down_shexp.scale
create_tensor: loading tensor blk.37.ffn_up_shexp.scale
create_tensor: loading tensor blk.37.ffn_gate_exps.scale
create_tensor: loading tensor blk.37.ffn_down_exps.scale
create_tensor: loading tensor blk.37.ffn_up_exps.scale
create_tensor: loading tensor blk.37.ssm_out.scale
create_tensor: loading tensor blk.37.ssm_alpha.scale
create_tensor: loading tensor blk.37.ssm_beta.scale
create_tensor: loading tensor blk.37.attn_qkv.input_scale
create_tensor: loading tensor blk.37.attn_gate.input_scale
create_tensor: loading tensor blk.37.ffn_gate_exps.input_scale
create_tensor: loading tensor blk.37.ffn_down_exps.input_scale
create_tensor: loading tensor blk.37.ffn_up_exps.input_scale
create_tensor: loading tensor blk.37.ffn_gate_shexp.input_scale
create_tensor: loading tensor blk.37.ffn_down_shexp.input_scale
create_tensor: loading tensor blk.37.ffn_up_shexp.input_scale
create_tensor: loading tensor blk.37.ssm_out.input_scale
create_tensor: loading tensor blk.37.ssm_alpha.input_scale
create_tensor: loading tensor blk.37.ssm_beta.input_scale
create_tensor: loading tensor blk.38.attn_qkv.scale
create_tensor: loading tensor blk.38.attn_gate.scale
create_tensor: loading tensor blk.38.ffn_gate_shexp.scale
create_tensor: loading tensor blk.38.ffn_down_shexp.scale
create_tensor: loading tensor blk.38.ffn_up_shexp.scale
create_tensor: loading tensor blk.38.ffn_gate_exps.scale
create_tensor: loading tensor blk.38.ffn_down_exps.scale
create_tensor: loading tensor blk.38.ffn_up_exps.scale
create_tensor: loading tensor blk.38.ssm_out.scale
create_tensor: loading tensor blk.38.ssm_alpha.scale
create_tensor: loading tensor blk.38.ssm_beta.scale
create_tensor: loading tensor blk.38.attn_qkv.input_scale
create_tensor: loading tensor blk.38.attn_gate.input_scale
create_tensor: loading tensor blk.38.ffn_gate_exps.input_scale
create_tensor: loading tensor blk.38.ffn_down_exps.input_scale
create_tensor: loading tensor blk.38.ffn_up_exps.input_scale
create_tensor: loading tensor blk.38.ffn_gate_shexp.input_scale
create_tensor: loading tensor blk.38.ffn_down_shexp.input_scale
create_tensor: loading tensor blk.38.ffn_up_shexp.input_scale
create_tensor: loading tensor blk.38.ssm_out.input_scale
create_tensor: loading tensor blk.38.ssm_alpha.input_scale
create_tensor: loading tensor blk.38.ssm_beta.input_scale
create_tensor: loading tensor blk.39.attn_q.scale
create_tensor: loading tensor blk.39.attn_k.scale
create_tensor: loading tensor blk.39.attn_v.scale
create_tensor: loading tensor blk.39.attn_output.scale
create_tensor: loading tensor blk.39.ffn_gate_shexp.scale
create_tensor: loading tensor blk.39.ffn_down_shexp.scale
create_tensor: loading tensor blk.39.ffn_up_shexp.scale
create_tensor: loading tensor blk.39.ffn_gate_exps.scale
create_tensor: loading tensor blk.39.ffn_down_exps.scale
create_tensor: loading tensor blk.39.ffn_up_exps.scale
create_tensor: loading tensor blk.39.attn_q.input_scale
create_tensor: loading tensor blk.39.attn_k.input_scale
create_tensor: loading tensor blk.39.attn_v.input_scale
create_tensor: loading tensor blk.39.attn_output.input_scale
create_tensor: loading tensor blk.39.ffn_gate_exps.input_scale
create_tensor: loading tensor blk.39.ffn_down_exps.input_scale
create_tensor: loading tensor blk.39.ffn_up_exps.input_scale
create_tensor: loading tensor blk.39.ffn_gate_shexp.input_scale
create_tensor: loading tensor blk.39.ffn_down_shexp.input_scale
create_tensor: loading tensor blk.39.ffn_up_shexp.input_scale
create_tensor: loading tensor blk.40.attn_qkv.scale
create_tensor: loading tensor blk.40.attn_gate.scale
create_tensor: loading tensor blk.40.ffn_gate_shexp.scale
create_tensor: loading tensor blk.40.ffn_down_shexp.scale
create_tensor: loading tensor blk.40.ffn_up_shexp.scale
create_tensor: loading tensor blk.40.ffn_gate_exps.scale
create_tensor: loading tensor blk.40.ffn_down_exps.scale
create_tensor: loading tensor blk.40.ffn_up_exps.scale
create_tensor: loading tensor blk.40.ssm_out.scale
create_tensor: loading tensor blk.40.ssm_alpha.scale
create_tensor: loading tensor blk.40.ssm_beta.scale
create_tensor: loading tensor blk.40.attn_qkv.input_scale
create_tensor: loading tensor blk.40.attn_gate.input_scale
create_tensor: loading tensor blk.40.ffn_gate_exps.input_scale
create_tensor: loading tensor blk.40.ffn_down_exps.input_scale
create_tensor: loading tensor blk.40.ffn_up_exps.input_scale
create_tensor: loading tensor blk.40.ffn_gate_shexp.input_scale
create_tensor: loading tensor blk.40.ffn_down_shexp.input_scale
create_tensor: loading tensor blk.40.ffn_up_shexp.input_scale
create_tensor: loading tensor blk.40.ssm_out.input_scale
create_tensor: loading tensor blk.40.ssm_alpha.input_scale
create_tensor: loading tensor blk.40.ssm_beta.input_scale
create_tensor: loading tensor blk.41.attn_qkv.scale
create_tensor: loading tensor blk.41.attn_gate.scale
create_tensor: loading tensor blk.41.ffn_gate_shexp.scale
create_tensor: loading tensor blk.41.ffn_down_shexp.scale
create_tensor: loading tensor blk.41.ffn_up_shexp.scale
create_tensor: loading tensor blk.41.ffn_gate_exps.scale
create_tensor: loading tensor blk.41.ffn_down_exps.scale
create_tensor: loading tensor blk.41.ffn_up_exps.scale
create_tensor: loading tensor blk.41.ssm_out.scale
create_tensor: loading tensor blk.41.ssm_alpha.scale
create_tensor: loading tensor blk.41.ssm_beta.scale
create_tensor: loading tensor blk.41.attn_qkv.input_scale
create_tensor: loading tensor blk.41.attn_gate.input_scale
create_tensor: loading tensor blk.41.ffn_gate_exps.input_scale
create_tensor: loading tensor blk.41.ffn_down_exps.input_scale
create_tensor: loading tensor blk.41.ffn_up_exps.input_scale
create_tensor: loading tensor blk.41.ffn_gate_shexp.input_scale
create_tensor: loading tensor blk.41.ffn_down_shexp.input_scale
create_tensor: loading tensor blk.41.ffn_up_shexp.input_scale
create_tensor: loading tensor blk.41.ssm_out.input_scale
create_tensor: loading tensor blk.41.ssm_alpha.input_scale
create_tensor: loading tensor blk.41.ssm_beta.input_scale
create_tensor: loading tensor blk.42.attn_qkv.scale
create_tensor: loading tensor blk.42.attn_gate.scale
create_tensor: loading tensor blk.42.ffn_gate_shexp.scale
create_tensor: loading tensor blk.42.ffn_down_shexp.scale
create_tensor: loading tensor blk.42.ffn_up_shexp.scale
create_tensor: loading tensor blk.42.ffn_gate_exps.scale
create_tensor: loading tensor blk.42.ffn_down_exps.scale
create_tensor: loading tensor blk.42.ffn_up_exps.scale
create_tensor: loading tensor blk.42.ssm_out.scale
create_tensor: loading tensor blk.42.ssm_alpha.scale
create_tensor: loading tensor blk.42.ssm_beta.scale
create_tensor: loading tensor blk.42.attn_qkv.input_scale
create_tensor: loading tensor blk.42.attn_gate.input_scale
create_tensor: loading tensor blk.42.ffn_gate_exps.input_scale
create_tensor: loading tensor blk.42.ffn_down_exps.input_scale
create_tensor: loading tensor blk.42.ffn_up_exps.input_scale
create_tensor: loading tensor blk.42.ffn_gate_shexp.input_scale
create_tensor: loading tensor blk.42.ffn_down_shexp.input_scale
create_tensor: loading tensor blk.42.ffn_up_shexp.input_scale
create_tensor: loading tensor blk.42.ssm_out.input_scale
create_tensor: loading tensor blk.42.ssm_alpha.input_scale
create_tensor: loading tensor blk.42.ssm_beta.input_scale
create_tensor: loading tensor blk.43.attn_q.scale
create_tensor: loading tensor blk.43.attn_k.scale
create_tensor: loading tensor blk.43.attn_v.scale
create_tensor: loading tensor blk.43.attn_output.scale
create_tensor: loading tensor blk.43.ffn_gate_shexp.scale
create_tensor: loading tensor blk.43.ffn_down_shexp.scale
create_tensor: loading tensor blk.43.ffn_up_shexp.scale
create_tensor: loading tensor blk.43.ffn_gate_exps.scale
create_tensor: loading tensor blk.43.ffn_down_exps.scale
create_tensor: loading tensor blk.43.ffn_up_exps.scale
create_tensor: loading tensor blk.43.attn_q.input_scale
create_tensor: loading tensor blk.43.attn_k.input_scale
create_tensor: loading tensor blk.43.attn_v.input_scale
create_tensor: loading tensor blk.43.attn_output.input_scale
create_tensor: loading tensor blk.43.ffn_gate_exps.input_scale
create_tensor: loading tensor blk.43.ffn_down_exps.input_scale
create_tensor: loading tensor blk.43.ffn_up_exps.input_scale
create_tensor: loading tensor blk.43.ffn_gate_shexp.input_scale
create_tensor: loading tensor blk.43.ffn_down_shexp.input_scale
create_tensor: loading tensor blk.43.ffn_up_shexp.input_scale
create_tensor: loading tensor blk.44.attn_qkv.scale
create_tensor: loading tensor blk.44.attn_gate.scale
create_tensor: loading tensor blk.44.ffn_gate_shexp.scale
create_tensor: loading tensor blk.44.ffn_down_shexp.scale
create_tensor: loading tensor blk.44.ffn_up_shexp.scale
create_tensor: loading tensor blk.44.ffn_gate_exps.scale
create_tensor: loading tensor blk.44.ffn_down_exps.scale
create_tensor: loading tensor blk.44.ffn_up_exps.scale
create_tensor: loading tensor blk.44.ssm_out.scale
create_tensor: loading tensor blk.44.ssm_alpha.scale
create_tensor: loading tensor blk.44.ssm_beta.scale
create_tensor: loading tensor blk.44.attn_qkv.input_scale
create_tensor: loading tensor blk.44.attn_gate.input_scale
create_tensor: loading tensor blk.44.ffn_gate_exps.input_scale
create_tensor: loading tensor blk.44.ffn_down_exps.input_scale
create_tensor: loading tensor blk.44.ffn_up_exps.input_scale
create_tensor: loading tensor blk.44.ffn_gate_shexp.input_scale
create_tensor: loading tensor blk.44.ffn_down_shexp.input_scale
create_tensor: loading tensor blk.44.ffn_up_shexp.input_scale
create_tensor: loading tensor blk.44.ssm_out.input_scale
create_tensor: loading tensor blk.44.ssm_alpha.input_scale
create_tensor: loading tensor blk.44.ssm_beta.input_scale
create_tensor: loading tensor blk.45.attn_qkv.scale
create_tensor: loading tensor blk.45.attn_gate.scale
create_tensor: loading tensor blk.45.ffn_gate_shexp.scale
create_tensor: loading tensor blk.45.ffn_down_shexp.scale
create_tensor: loading tensor blk.45.ffn_up_shexp.scale
create_tensor: loading tensor blk.45.ffn_gate_exps.scale
create_tensor: loading tensor blk.45.ffn_down_exps.scale
create_tensor: loading tensor blk.45.ffn_up_exps.scale
create_tensor: loading tensor blk.45.ssm_out.scale
create_tensor: loading tensor blk.45.ssm_alpha.scale
create_tensor: loading tensor blk.45.ssm_beta.scale
create_tensor: loading tensor blk.45.attn_qkv.input_scale
create_tensor: loading tensor blk.45.attn_gate.input_scale
create_tensor: loading tensor blk.45.ffn_gate_exps.input_scale
create_tensor: loading tensor blk.45.ffn_down_exps.input_scale
create_tensor: loading tensor blk.45.ffn_up_exps.input_scale
create_tensor: loading tensor blk.45.ffn_gate_shexp.input_scale
create_tensor: loading tensor blk.45.ffn_down_shexp.input_scale
create_tensor: loading tensor blk.45.ffn_up_shexp.input_scale
create_tensor: loading tensor blk.45.ssm_out.input_scale
create_tensor: loading tensor blk.45.ssm_alpha.input_scale
create_tensor: loading tensor blk.45.ssm_beta.input_scale
create_tensor: loading tensor blk.46.attn_qkv.scale
create_tensor: loading tensor blk.46.attn_gate.scale
create_tensor: loading tensor blk.46.ffn_gate_shexp.scale
create_tensor: loading tensor blk.46.ffn_down_shexp.scale
create_tensor: loading tensor blk.46.ffn_up_shexp.scale
create_tensor: loading tensor blk.46.ffn_gate_exps.scale
create_tensor: loading tensor blk.46.ffn_down_exps.scale
create_tensor: loading tensor blk.46.ffn_up_exps.scale
create_tensor: loading tensor blk.46.ssm_out.scale
create_tensor: loading tensor blk.46.ssm_alpha.scale
create_tensor: loading tensor blk.46.ssm_beta.scale
create_tensor: loading tensor blk.46.attn_qkv.input_scale
create_tensor: loading tensor blk.46.attn_gate.input_scale
create_tensor: loading tensor blk.46.ffn_gate_exps.input_scale
create_tensor: loading tensor blk.46.ffn_down_exps.input_scale
create_tensor: loading tensor blk.46.ffn_up_exps.input_scale
create_tensor: loading tensor blk.46.ffn_gate_shexp.input_scale
create_tensor: loading tensor blk.46.ffn_down_shexp.input_scale
create_tensor: loading tensor blk.46.ffn_up_shexp.input_scale
create_tensor: loading tensor blk.46.ssm_out.input_scale
create_tensor: loading tensor blk.46.ssm_alpha.input_scale
create_tensor: loading tensor blk.46.ssm_beta.input_scale
create_tensor: loading tensor blk.47.attn_q.scale
create_tensor: loading tensor blk.47.attn_k.scale
create_tensor: loading tensor blk.47.attn_v.scale
create_tensor: loading tensor blk.47.attn_output.scale
create_tensor: loading tensor blk.47.ffn_gate_shexp.scale
create_tensor: loading tensor blk.47.ffn_down_shexp.scale
create_tensor: loading tensor blk.47.ffn_up_shexp.scale
create_tensor: loading tensor blk.47.ffn_gate_exps.scale
create_tensor: loading tensor blk.47.ffn_down_exps.scale
create_tensor: loading tensor blk.47.ffn_up_exps.scale
create_tensor: loading tensor blk.47.attn_q.input_scale
create_tensor: loading tensor blk.47.attn_k.input_scale
create_tensor: loading tensor blk.47.attn_v.input_scale
create_tensor: loading tensor blk.47.attn_output.input_scale
create_tensor: loading tensor blk.47.ffn_gate_exps.input_scale
create_tensor: loading tensor blk.47.ffn_down_exps.input_scale
create_tensor: loading tensor blk.47.ffn_up_exps.input_scale
create_tensor: loading tensor blk.47.ffn_gate_shexp.input_scale
create_tensor: loading tensor blk.47.ffn_down_shexp.input_scale
create_tensor: loading tensor blk.47.ffn_up_shexp.input_scale
done_getting_tensors: tensor 'token_embd.weight' (q3_K) (and 144 others) cannot be used with preferred buffer type CUDA_Host, using CPU instead
load_tensors: offloading output layer to GPU
load_tensors: offloading 47 repeating layers to GPU
load_tensors: offloaded 49/49 layers to GPU
load_tensors:   CPU_Mapped model buffer size = 35411.51 MiB
load_tensors:        CUDA0 model buffer size =  3209.80 MiB
load_tensors:   CPU_Mapped model buffer size = 27465.95 MiB
.........................................................
route_trace: arch=qwen4exp n_layer=48 n_expert=512 top_k=10 prompt=131000 gen=2048 ctx=133304
llama_context: constructing llama_context
llama_context: n_seq_max             = 1
llama_context: n_ctx                 = 133376
llama_context: n_ctx_seq             = 133376
llama_context: n_batch               = 2048
llama_context: n_ubatch              = 2048
llama_context: causal_attn           = 1
llama_context: flash_attn            = enabled
llama_context: kv_unified            = false
llama_context: freq_base             = 10000000.0
llama_context: freq_scale            = 1
llama_context: n_rs_seq              = 0
llama_context: n_outputs_max         = 2048
llama_context: n_outputs_max_per_seq = 1
llama_context: n_ctx_seq (133376) < n_ctx_train (262144) -- the full capacity of the model will not be utilized
set_abort_callback: call
llama_context:  CUDA_Host  output buffer size =     0.95 MiB
llama_kv_cache: layer   0: filtered
llama_kv_cache: layer   1: filtered
llama_kv_cache: layer   2: filtered
llama_kv_cache: layer   3: dev = CUDA0
llama_kv_cache: layer   4: filtered
llama_kv_cache: layer   5: filtered
llama_kv_cache: layer   6: filtered
llama_kv_cache: layer   7: dev = CUDA0
llama_kv_cache: layer   8: filtered
llama_kv_cache: layer   9: filtered
llama_kv_cache: layer  10: filtered
llama_kv_cache: layer  11: dev = CUDA0
llama_kv_cache: layer  12: filtered
llama_kv_cache: layer  13: filtered
llama_kv_cache: layer  14: filtered
llama_kv_cache: layer  15: dev = CUDA0
llama_kv_cache: layer  16: filtered
llama_kv_cache: layer  17: filtered
llama_kv_cache: layer  18: filtered
llama_kv_cache: layer  19: dev = CUDA0
llama_kv_cache: layer  20: filtered
llama_kv_cache: layer  21: filtered
llama_kv_cache: layer  22: filtered
llama_kv_cache: layer  23: dev = CUDA0
llama_kv_cache: layer  24: filtered
llama_kv_cache: layer  25: filtered
llama_kv_cache: layer  26: filtered
llama_kv_cache: layer  27: dev = CUDA0
llama_kv_cache: layer  28: filtered
llama_kv_cache: layer  29: filtered
llama_kv_cache: layer  30: filtered
llama_kv_cache: layer  31: dev = CUDA0
llama_kv_cache: layer  32: filtered
llama_kv_cache: layer  33: filtered
llama_kv_cache: layer  34: filtered
llama_kv_cache: layer  35: dev = CUDA0
llama_kv_cache: layer  36: filtered
llama_kv_cache: layer  37: filtered
llama_kv_cache: layer  38: filtered
llama_kv_cache: layer  39: dev = CUDA0
llama_kv_cache: layer  40: filtered
llama_kv_cache: layer  41: filtered
llama_kv_cache: layer  42: filtered
llama_kv_cache: layer  43: dev = CUDA0
llama_kv_cache: layer  44: filtered
llama_kv_cache: layer  45: filtered
llama_kv_cache: layer  46: filtered
llama_kv_cache: layer  47: dev = CUDA0
llama_kv_cache:      CUDA0 KV buffer size =  1660.69 MiB
llama_kv_cache: size = 1660.69 MiB (133376 cells,  12 layers,  1/1 seqs), K (q8_0):  830.34 MiB, V (q8_0):  830.34 MiB
llama_kv_cache: attn_rot_k = 1, n_embd_head_k_all = 256
llama_kv_cache: attn_rot_v = 1, n_embd_head_k_all = 256
llama_memory_recurrent, layer   0: dev = CUDA0
llama_memory_recurrent, layer   1: dev = CUDA0
llama_memory_recurrent, layer   2: dev = CUDA0
llama_memory_recurrent: layer   3: skipped
llama_memory_recurrent, layer   4: dev = CUDA0
llama_memory_recurrent, layer   5: dev = CUDA0
llama_memory_recurrent, layer   6: dev = CUDA0
llama_memory_recurrent: layer   7: skipped
llama_memory_recurrent, layer   8: dev = CUDA0
llama_memory_recurrent, layer   9: dev = CUDA0
llama_memory_recurrent, layer  10: dev = CUDA0
llama_memory_recurrent: layer  11: skipped
llama_memory_recurrent, layer  12: dev = CUDA0
llama_memory_recurrent, layer  13: dev = CUDA0
llama_memory_recurrent, layer  14: dev = CUDA0
llama_memory_recurrent: layer  15: skipped
llama_memory_recurrent, layer  16: dev = CUDA0
llama_memory_recurrent, layer  17: dev = CUDA0
llama_memory_recurrent, layer  18: dev = CUDA0
llama_memory_recurrent: layer  19: skipped
llama_memory_recurrent, layer  20: dev = CUDA0
llama_memory_recurrent, layer  21: dev = CUDA0
llama_memory_recurrent, layer  22: dev = CUDA0
llama_memory_recurrent: layer  23: skipped
llama_memory_recurrent, layer  24: dev = CUDA0
llama_memory_recurrent, layer  25: dev = CUDA0
llama_memory_recurrent, layer  26: dev = CUDA0
llama_memory_recurrent: layer  27: skipped
llama_memory_recurrent, layer  28: dev = CUDA0
llama_memory_recurrent, layer  29: dev = CUDA0
llama_memory_recurrent, layer  30: dev = CUDA0
llama_memory_recurrent: layer  31: skipped
llama_memory_recurrent, layer  32: dev = CUDA0
llama_memory_recurrent, layer  33: dev = CUDA0
llama_memory_recurrent, layer  34: dev = CUDA0
llama_memory_recurrent: layer  35: skipped
llama_memory_recurrent, layer  36: dev = CUDA0
llama_memory_recurrent, layer  37: dev = CUDA0
llama_memory_recurrent, layer  38: dev = CUDA0
llama_memory_recurrent: layer  39: skipped
llama_memory_recurrent, layer  40: dev = CUDA0
llama_memory_recurrent, layer  41: dev = CUDA0
llama_memory_recurrent, layer  42: dev = CUDA0
llama_memory_recurrent: layer  43: skipped
llama_memory_recurrent, layer  44: dev = CUDA0
llama_memory_recurrent, layer  45: dev = CUDA0
llama_memory_recurrent, layer  46: dev = CUDA0
llama_memory_recurrent: layer  47: skipped
llama_memory_recurrent:      CUDA0 RS buffer size =   112.57 MiB
llama_memory_recurrent: size =  112.57 MiB (     1 cells,  48 layers,  1 seqs  0 rs_seq), R (f32):    4.22 MiB, S (f32):  108.00 MiB, P (f32):    0.35 MiB
operator(): creating indexer KV cache, size = 133376 cells
llama_kv_cache: layer   0: filtered
llama_kv_cache: layer   1: filtered
llama_kv_cache: layer   2: filtered
llama_kv_cache: layer   3: dev = CUDA0
llama_kv_cache: layer   4: filtered
llama_kv_cache: layer   5: filtered
llama_kv_cache: layer   6: filtered
llama_kv_cache: layer   7: dev = CUDA0
llama_kv_cache: layer   8: filtered
llama_kv_cache: layer   9: filtered
llama_kv_cache: layer  10: filtered
llama_kv_cache: layer  11: dev = CUDA0
llama_kv_cache: layer  12: filtered
llama_kv_cache: layer  13: filtered
llama_kv_cache: layer  14: filtered
llama_kv_cache: layer  15: dev = CUDA0
llama_kv_cache: layer  16: filtered
llama_kv_cache: layer  17: filtered
llama_kv_cache: layer  18: filtered
llama_kv_cache: layer  19: dev = CUDA0
llama_kv_cache: layer  20: filtered
llama_kv_cache: layer  21: filtered
llama_kv_cache: layer  22: filtered
llama_kv_cache: layer  23: dev = CUDA0
llama_kv_cache: layer  24: filtered
llama_kv_cache: layer  25: filtered
llama_kv_cache: layer  26: filtered
llama_kv_cache: layer  27: dev = CUDA0
llama_kv_cache: layer  28: filtered
llama_kv_cache: layer  29: filtered
llama_kv_cache: layer  30: filtered
llama_kv_cache: layer  31: dev = CUDA0
llama_kv_cache: layer  32: filtered
llama_kv_cache: layer  33: filtered
llama_kv_cache: layer  34: filtered
llama_kv_cache: layer  35: dev = CUDA0
llama_kv_cache: layer  36: filtered
llama_kv_cache: layer  37: filtered
llama_kv_cache: layer  38: filtered
llama_kv_cache: layer  39: dev = CUDA0
llama_kv_cache: layer  40: filtered
llama_kv_cache: layer  41: filtered
llama_kv_cache: layer  42: filtered
llama_kv_cache: layer  43: dev = CUDA0
llama_kv_cache: layer  44: filtered
llama_kv_cache: layer  45: filtered
llama_kv_cache: layer  46: filtered
llama_kv_cache: layer  47: dev = CUDA0
llama_kv_cache:      CUDA0 KV buffer size =   207.59 MiB
llama_kv_cache: size =  207.59 MiB (133376 cells,  12 layers,  1/1 seqs), K (q8_0):  207.59 MiB, V (q8_0):    0.00 MiB
llama_kv_cache: attn_rot_k = 1, n_embd_head_k_all = 128
llama_kv_cache: attn_rot_v = 0, n_embd_head_k_all = 0
llama_context: enumerating backends
llama_context: backend_ptrs.size() = 2
sched_reserve: reserving ...
sched_reserve: max_nodes = 81920
sched_reserve: reserving full memory module
sched_reserve: worst-case: n_tokens = 2048, n_seqs = 1, n_outputs = 1
resolve_fused_ops: resolving fused DeepSeek V4 HC support:
graph_reserve: reserving a graph for ubatch with n_tokens =    1, n_seqs =  1, n_outputs =    1
resolve_fused_ops: fused DeepSeek V4 HC pre enabled
graph_reserve: reserving a graph for ubatch with n_tokens =    1, n_seqs =  1, n_outputs =    1
resolve_fused_ops: fused DeepSeek V4 HC comb enabled
graph_reserve: reserving a graph for ubatch with n_tokens =    1, n_seqs =  1, n_outputs =    1
resolve_fused_ops: fused DeepSeek V4 HC post enabled
graph_reserve: reserving a graph for ubatch with n_tokens = 2048, n_seqs =  1, n_outputs = 2048
graph_reserve: reserving a graph for ubatch with n_tokens =    1, n_seqs =  1, n_outputs =    1
graph_reserve: reserving a graph for ubatch with n_tokens = 2048, n_seqs =  1, n_outputs = 2048
sched_reserve:      CUDA0 compute buffer size =  2218.28 MiB
sched_reserve:  CUDA_Host compute buffer size =   843.07 MiB
sched_reserve: graph nodes  = 9220 (with bs=2048), 7180 (with bs=1)
sched_reserve: graph splits = 146 (with bs=2048), 98 (with bs=1)
sched_reserve: reserve took 383.07 ms, sched copies = 1
prefill 2048/131000prefill 4096/131000ggml_backend_cuda_graph_compute: CUDA graph warmup complete
ggml_backend_cuda_graph_compute: CUDA graph warmup complete
ggml_backend_cuda_graph_compute: CUDA graph warmup complete
ggml_backend_cuda_graph_compute: CUDA graph warmup complete
ggml_backend_cuda_graph_compute: CUDA graph warmup complete
ggml_backend_cuda_graph_compute: CUDA graph warmup complete
ggml_backend_cuda_graph_compute: CUDA graph warmup complete
ggml_backend_cuda_graph_compute: CUDA graph warmup complete
ggml_backend_cuda_graph_compute: CUDA graph warmup complete
ggml_backend_cuda_graph_compute: CUDA graph warmup complete
ggml_backend_cuda_graph_compute: CUDA graph warmup complete
ggml_backend_cuda_graph_compute: CUDA graph warmup complete
ggml_backend_cuda_graph_compute: CUDA graph warmup complete
ggml_backend_cuda_graph_compute: CUDA graph warmup complete
ggml_backend_cuda_graph_compute: CUDA graph warmup complete
ggml_backend_cuda_graph_compute: CUDA graph warmup complete
ggml_backend_cuda_graph_compute: CUDA graph warmup complete
ggml_backend_cuda_graph_compute: CUDA graph warmup complete
ggml_backend_cuda_graph_compute: CUDA graph warmup complete
ggml_backend_cuda_graph_compute: CUDA graph warmup complete
ggml_backend_cuda_graph_compute: CUDA graph warmup complete
ggml_backend_cuda_graph_compute: CUDA graph warmup complete
ggml_backend_cuda_graph_compute: CUDA graph warmup complete
ggml_backend_cuda_graph_compute: CUDA graph warmup complete
ggml_backend_cuda_graph_compute: CUDA graph warmup complete
ggml_backend_cuda_graph_compute: CUDA graph warmup complete
ggml_backend_cuda_graph_compute: CUDA graph warmup complete
ggml_backend_cuda_graph_compute: CUDA graph warmup complete
ggml_backend_cuda_graph_compute: CUDA graph warmup complete
ggml_backend_cuda_graph_compute: CUDA graph warmup complete
ggml_backend_cuda_graph_compute: CUDA graph warmup complete
ggml_backend_cuda_graph_compute: CUDA graph warmup complete
ggml_backend_cuda_graph_compute: CUDA graph warmup complete
ggml_backend_cuda_graph_compute: CUDA graph warmup complete
ggml_backend_cuda_graph_compute: CUDA graph warmup complete
ggml_backend_cuda_graph_compute: CUDA graph warmup complete
ggml_backend_cuda_graph_compute: CUDA graph warmup complete
ggml_backend_cuda_graph_compute: CUDA graph warmup complete
ggml_backend_cuda_graph_compute: CUDA graph warmup complete
ggml_backend_cuda_graph_compute: CUDA graph warmup complete
ggml_backend_cuda_graph_compute: CUDA graph warmup complete
ggml_backend_cuda_graph_compute: CUDA graph warmup complete
ggml_backend_cuda_graph_compute: CUDA graph warmup complete
ggml_backend_cuda_graph_compute: CUDA graph warmup complete
ggml_backend_cuda_graph_compute: CUDA graph warmup complete
ggml_backend_cuda_graph_compute: CUDA graph warmup complete
ggml_backend_cuda_graph_compute: CUDA graph warmup complete
ggml_backend_cuda_graph_compute: CUDA graph warmup complete
ggml_backend_cuda_graph_compute: CUDA graph warmup complete
ggml_backend_cuda_graph_compute: CUDA graph warmup complete
ggml_backend_cuda_graph_compute: CUDA graph warmup complete
ggml_backend_cuda_graph_compute: CUDA graph warmup complete
ggml_backend_cuda_graph_compute: CUDA graph warmup complete
ggml_backend_cuda_graph_compute: CUDA graph warmup complete
ggml_backend_cuda_graph_compute: CUDA graph warmup complete
ggml_backend_cuda_graph_compute: CUDA graph warmup complete
ggml_backend_cuda_graph_compute: CUDA graph warmup complete
ggml_backend_cuda_graph_compute: CUDA graph warmup complete
prefill 6144/131000ggml_backend_cuda_graph_compute: CUDA graph warmup reset
ggml_backend_cuda_graph_compute: CUDA graph warmup reset
prefill 8192/131000ggml_backend_cuda_graph_compute: CUDA graph warmup complete
ggml_backend_cuda_graph_compute: CUDA graph warmup complete
prefill 10240/131000prefill 12288/131000ggml_backend_cuda_graph_compute: CUDA graph warmup reset
ggml_backend_cuda_graph_compute: CUDA graph warmup reset
ggml_backend_cuda_graph_compute: CUDA graph warmup reset
ggml_backend_cuda_graph_compute: CUDA graph warmup reset
ggml_backend_cuda_graph_compute: CUDA graph warmup reset
ggml_backend_cuda_graph_compute: CUDA graph warmup reset
ggml_backend_cuda_graph_compute: CUDA graph warmup reset
ggml_backend_cuda_graph_compute: CUDA graph warmup reset
ggml_backend_cuda_graph_compute: CUDA graph warmup reset
ggml_backend_cuda_graph_compute: CUDA graph warmup reset
ggml_backend_cuda_graph_compute: CUDA graph warmup reset
ggml_backend_cuda_graph_compute: CUDA graph warmup reset
ggml_backend_cuda_graph_compute: CUDA graph warmup reset
ggml_backend_cuda_graph_compute: CUDA graph warmup reset
ggml_backend_cuda_graph_compute: CUDA graph warmup reset
ggml_backend_cuda_graph_compute: CUDA graph warmup reset
ggml_backend_cuda_graph_compute: CUDA graph warmup reset
ggml_backend_cuda_graph_compute: CUDA graph warmup reset
ggml_backend_cuda_graph_compute: CUDA graph warmup reset
ggml_backend_cuda_graph_compute: CUDA graph warmup reset
ggml_backend_cuda_graph_compute: CUDA graph warmup reset
ggml_backend_cuda_graph_compute: CUDA graph warmup reset
ggml_backend_cuda_graph_compute: CUDA graph warmup reset
ggml_backend_cuda_graph_compute: CUDA graph warmup reset
ggml_backend_cuda_graph_compute: CUDA graph warmup reset
ggml_backend_cuda_graph_compute: CUDA graph warmup reset
ggml_backend_cuda_graph_compute: CUDA graph warmup reset
ggml_backend_cuda_graph_compute: CUDA graph warmup reset
ggml_backend_cuda_graph_compute: CUDA graph warmup reset
ggml_backend_cuda_graph_compute: CUDA graph warmup reset
ggml_backend_cuda_graph_compute: CUDA graph warmup reset
ggml_backend_cuda_graph_compute: CUDA graph warmup reset
ggml_backend_cuda_graph_compute: CUDA graph warmup reset
ggml_backend_cuda_graph_compute: CUDA graph warmup reset
ggml_backend_cuda_graph_compute: CUDA graph warmup reset
ggml_backend_cuda_graph_compute: CUDA graph warmup reset
ggml_backend_cuda_graph_compute: CUDA graph warmup reset
ggml_backend_cuda_graph_compute: CUDA graph warmup reset
ggml_backend_cuda_graph_compute: CUDA graph warmup reset
ggml_backend_cuda_graph_compute: CUDA graph warmup reset
ggml_backend_cuda_graph_compute: CUDA graph warmup reset
ggml_backend_cuda_graph_compute: CUDA graph warmup reset
ggml_backend_cuda_graph_compute: CUDA graph warmup reset
ggml_backend_cuda_graph_compute: CUDA graph warmup reset
prefill 14336/131000ggml_backend_cuda_graph_compute: CUDA graph warmup complete
ggml_backend_cuda_graph_compute: CUDA graph warmup complete
ggml_backend_cuda_graph_compute: CUDA graph warmup complete
ggml_backend_cuda_graph_compute: CUDA graph warmup complete
ggml_backend_cuda_graph_compute: CUDA graph warmup complete
ggml_backend_cuda_graph_compute: CUDA graph warmup complete
ggml_backend_cuda_graph_compute: CUDA graph warmup complete
ggml_backend_cuda_graph_compute: CUDA graph warmup complete
ggml_backend_cuda_graph_compute: CUDA graph warmup complete
ggml_backend_cuda_graph_compute: CUDA graph warmup complete
ggml_backend_cuda_graph_compute: CUDA graph warmup complete
ggml_backend_cuda_graph_compute: CUDA graph warmup complete
ggml_backend_cuda_graph_compute: CUDA graph warmup complete
ggml_backend_cuda_graph_compute: CUDA graph warmup complete
ggml_backend_cuda_graph_compute: CUDA graph warmup complete
ggml_backend_cuda_graph_compute: CUDA graph warmup complete
ggml_backend_cuda_graph_compute: CUDA graph warmup complete
ggml_backend_cuda_graph_compute: CUDA graph warmup complete
ggml_backend_cuda_graph_compute: CUDA graph warmup complete
ggml_backend_cuda_graph_compute: CUDA graph warmup complete
ggml_backend_cuda_graph_compute: CUDA graph warmup complete
ggml_backend_cuda_graph_compute: CUDA graph warmup complete
ggml_backend_cuda_graph_compute: CUDA graph warmup complete
ggml_backend_cuda_graph_compute: CUDA graph warmup complete
ggml_backend_cuda_graph_compute: CUDA graph warmup complete
ggml_backend_cuda_graph_compute: CUDA graph warmup complete
ggml_backend_cuda_graph_compute: CUDA graph warmup complete
ggml_backend_cuda_graph_compute: CUDA graph warmup complete
ggml_backend_cuda_graph_compute: CUDA graph warmup complete
ggml_backend_cuda_graph_compute: CUDA graph warmup complete
ggml_backend_cuda_graph_compute: CUDA graph warmup complete
ggml_backend_cuda_graph_compute: CUDA graph warmup complete
ggml_backend_cuda_graph_compute: CUDA graph warmup complete
ggml_backend_cuda_graph_compute: CUDA graph warmup complete
ggml_backend_cuda_graph_compute: CUDA graph warmup complete
ggml_backend_cuda_graph_compute: CUDA graph warmup complete
ggml_backend_cuda_graph_compute: CUDA graph warmup complete
ggml_backend_cuda_graph_compute: CUDA graph warmup complete
ggml_backend_cuda_graph_compute: CUDA graph warmup complete
ggml_backend_cuda_graph_compute: CUDA graph warmup complete
ggml_backend_cuda_graph_compute: CUDA graph warmup complete
ggml_backend_cuda_graph_compute: CUDA graph warmup complete
ggml_backend_cuda_graph_compute: CUDA graph warmup complete
ggml_backend_cuda_graph_compute: CUDA graph warmup complete
prefill 16384/131000prefill 18432/131000ggml_backend_cuda_graph_compute: CUDA graph warmup reset
ggml_backend_cuda_graph_compute: CUDA graph warmup reset
ggml_backend_cuda_graph_compute: CUDA graph warmup reset
ggml_backend_cuda_graph_compute: CUDA graph warmup reset
ggml_backend_cuda_graph_compute: CUDA graph warmup reset
ggml_backend_cuda_graph_compute: CUDA graph warmup reset
ggml_backend_cuda_graph_compute: CUDA graph warmup reset
ggml_backend_cuda_graph_compute: CUDA graph warmup reset
ggml_backend_cuda_graph_compute: CUDA graph warmup reset
ggml_backend_cuda_graph_compute: CUDA graph warmup reset
ggml_backend_cuda_graph_compute: CUDA graph warmup reset
ggml_backend_cuda_graph_compute: CUDA graph warmup reset
ggml_backend_cuda_graph_compute: CUDA graph warmup reset
ggml_backend_cuda_graph_compute: CUDA graph warmup reset
ggml_backend_cuda_graph_compute: CUDA graph warmup reset
ggml_backend_cuda_graph_compute: CUDA graph warmup reset
ggml_backend_cuda_graph_compute: CUDA graph warmup reset
ggml_backend_cuda_graph_compute: CUDA graph warmup reset
ggml_backend_cuda_graph_compute: CUDA graph warmup reset
ggml_backend_cuda_graph_compute: CUDA graph warmup reset
ggml_backend_cuda_graph_compute: CUDA graph warmup reset
ggml_backend_cuda_graph_compute: CUDA graph warmup reset
ggml_backend_cuda_graph_compute: CUDA graph warmup reset
ggml_backend_cuda_graph_compute: CUDA graph warmup reset
ggml_backend_cuda_graph_compute: CUDA graph warmup reset
ggml_backend_cuda_graph_compute: CUDA graph warmup reset
ggml_backend_cuda_graph_compute: CUDA graph warmup reset
ggml_backend_cuda_graph_compute: CUDA graph warmup reset
ggml_backend_cuda_graph_compute: CUDA graph warmup reset
ggml_backend_cuda_graph_compute: CUDA graph warmup reset
ggml_backend_cuda_graph_compute: CUDA graph warmup reset
ggml_backend_cuda_graph_compute: CUDA graph warmup reset
ggml_backend_cuda_graph_compute: CUDA graph warmup reset
ggml_backend_cuda_graph_compute: CUDA graph warmup reset
ggml_backend_cuda_graph_compute: CUDA graph warmup reset
ggml_backend_cuda_graph_compute: CUDA graph warmup reset
ggml_backend_cuda_graph_compute: CUDA graph warmup reset
ggml_backend_cuda_graph_compute: CUDA graph warmup reset
ggml_backend_cuda_graph_compute: CUDA graph warmup reset
ggml_backend_cuda_graph_compute: CUDA graph warmup reset
ggml_backend_cuda_graph_compute: CUDA graph warmup reset
ggml_backend_cuda_graph_compute: CUDA graph warmup reset
ggml_backend_cuda_graph_compute: CUDA graph warmup reset
ggml_backend_cuda_graph_compute: CUDA graph warmup reset
prefill 20480/131000prefill 22528/131000prefill 24576/131000ggml_backend_cuda_graph_compute: CUDA graph warmup complete
ggml_backend_cuda_graph_compute: CUDA graph warmup complete
ggml_backend_cuda_graph_compute: CUDA graph warmup complete
ggml_backend_cuda_graph_compute: CUDA graph warmup complete
ggml_backend_cuda_graph_compute: CUDA graph warmup complete
ggml_backend_cuda_graph_compute: CUDA graph warmup complete
ggml_backend_cuda_graph_compute: CUDA graph warmup complete
ggml_backend_cuda_graph_compute: CUDA graph warmup complete
ggml_backend_cuda_graph_compute: CUDA graph warmup complete
ggml_backend_cuda_graph_compute: CUDA graph warmup complete
ggml_backend_cuda_graph_compute: CUDA graph warmup complete
ggml_backend_cuda_graph_compute: CUDA graph warmup complete
ggml_backend_cuda_graph_compute: CUDA graph warmup complete
ggml_backend_cuda_graph_compute: CUDA graph warmup complete
ggml_backend_cuda_graph_compute: CUDA graph warmup complete
ggml_backend_cuda_graph_compute: CUDA graph warmup complete
ggml_backend_cuda_graph_compute: CUDA graph warmup complete
ggml_backend_cuda_graph_compute: CUDA graph warmup complete
ggml_backend_cuda_graph_compute: CUDA graph warmup complete
ggml_backend_cuda_graph_compute: CUDA graph warmup complete
ggml_backend_cuda_graph_compute: CUDA graph warmup complete
ggml_backend_cuda_graph_compute: CUDA graph warmup complete
ggml_backend_cuda_graph_compute: CUDA graph warmup complete
ggml_backend_cuda_graph_compute: CUDA graph warmup complete
ggml_backend_cuda_graph_compute: CUDA graph warmup complete
ggml_backend_cuda_graph_compute: CUDA graph warmup complete
ggml_backend_cuda_graph_compute: CUDA graph warmup complete
ggml_backend_cuda_graph_compute: CUDA graph warmup complete
ggml_backend_cuda_graph_compute: CUDA graph warmup complete
ggml_backend_cuda_graph_compute: CUDA graph warmup complete
ggml_backend_cuda_graph_compute: CUDA graph warmup complete
ggml_backend_cuda_graph_compute: CUDA graph warmup complete
ggml_backend_cuda_graph_compute: CUDA graph warmup complete
ggml_backend_cuda_graph_compute: CUDA graph warmup complete
ggml_backend_cuda_graph_compute: CUDA graph warmup complete
ggml_backend_cuda_graph_compute: CUDA graph warmup complete
ggml_backend_cuda_graph_compute: CUDA graph warmup complete
ggml_backend_cuda_graph_compute: CUDA graph warmup complete
ggml_backend_cuda_graph_compute: CUDA graph warmup complete
ggml_backend_cuda_graph_compute: CUDA graph warmup complete
ggml_backend_cuda_graph_compute: CUDA graph warmup complete
ggml_backend_cuda_graph_compute: CUDA graph warmup complete
ggml_backend_cuda_graph_compute: CUDA graph warmup complete
ggml_backend_cuda_graph_compute: CUDA graph warmup complete
prefill 26624/131000prefill 28672/131000prefill 30720/131000prefill 32768/131000prefill 34816/131000prefill 36864/131000prefill 38912/131000prefill 40960/131000prefill 43008/131000prefill 45056/131000prefill 47104/131000prefill 49152/131000prefill 51200/131000prefill 53248/131000prefill 55296/131000prefill 57344/131000prefill 59392/131000prefill 61440/131000prefill 63488/131000prefill 65536/131000prefill 67584/131000prefill 69632/131000prefill 71680/131000prefill 73728/131000prefill 75776/131000prefill 77824/131000prefill 79872/131000prefill 81920/131000ggml_backend_cuda_graph_compute: CUDA graph warmup reset
ggml_backend_cuda_graph_compute: CUDA graph warmup reset
prefill 83968/131000ggml_backend_cuda_graph_compute: CUDA graph warmup complete
ggml_backend_cuda_graph_compute: CUDA graph warmup complete
prefill 86016/131000prefill 88064/131000ggml_backend_cuda_graph_compute: CUDA graph warmup reset
ggml_backend_cuda_graph_compute: CUDA graph warmup reset
prefill 90112/131000prefill 92160/131000ggml_backend_cuda_graph_compute: CUDA graph warmup complete
ggml_backend_cuda_graph_compute: CUDA graph warmup complete
prefill 94208/131000prefill 96256/131000prefill 98304/131000prefill 100352/131000prefill 102400/131000ggml_backend_cuda_graph_compute: CUDA graph warmup reset
ggml_backend_cuda_graph_compute: CUDA graph warmup reset
prefill 104448/131000ggml_backend_cuda_graph_compute: CUDA graph warmup complete
ggml_backend_cuda_graph_compute: CUDA graph warmup complete
prefill 106496/131000prefill 108544/131000prefill 110592/131000ggml_backend_cuda_graph_compute: CUDA graph warmup reset
ggml_backend_cuda_graph_compute: CUDA graph warmup reset
prefill 112640/131000ggml_backend_cuda_graph_compute: CUDA graph warmup complete
ggml_backend_cuda_graph_compute: CUDA graph warmup complete
prefill 114688/131000prefill 116736/131000prefill 118784/131000ggml_backend_cuda_graph_compute: CUDA graph warmup reset
ggml_backend_cuda_graph_compute: CUDA graph warmup reset
prefill 120832/131000ggml_backend_cuda_graph_compute: CUDA graph warmup complete
ggml_backend_cuda_graph_compute: CUDA graph warmup complete
prefill 122880/131000prefill 124928/131000prefill 126976/131000prefill 129024/131000ggml_backend_cuda_graph_compute: CUDA graph warmup reset
ggml_backend_cuda_graph_compute: CUDA graph warmup reset
ggml_backend_cuda_graph_compute: CUDA graph warmup reset
ggml_backend_cuda_graph_compute: CUDA graph warmup reset
ggml_backend_cuda_graph_compute: CUDA graph warmup reset
ggml_backend_cuda_graph_compute: CUDA graph warmup reset
ggml_backend_cuda_graph_compute: CUDA graph warmup reset
ggml_backend_cuda_graph_compute: CUDA graph warmup reset
ggml_backend_cuda_graph_compute: CUDA graph warmup reset
ggml_backend_cuda_graph_compute: CUDA graph warmup reset
ggml_backend_cuda_graph_compute: CUDA graph warmup reset
ggml_backend_cuda_graph_compute: CUDA graph warmup reset
ggml_backend_cuda_graph_compute: CUDA graph warmup reset
ggml_backend_cuda_graph_compute: CUDA graph warmup reset
ggml_backend_cuda_graph_compute: CUDA graph warmup reset
ggml_backend_cuda_graph_compute: CUDA graph warmup reset
ggml_backend_cuda_graph_compute: CUDA graph warmup reset
ggml_backend_cuda_graph_compute: CUDA graph warmup reset
ggml_backend_cuda_graph_compute: CUDA graph warmup reset
ggml_backend_cuda_graph_compute: CUDA graph warmup reset
ggml_backend_cuda_graph_compute: CUDA graph warmup reset
ggml_backend_cuda_graph_compute: CUDA graph warmup reset
ggml_backend_cuda_graph_compute: CUDA graph warmup reset
ggml_backend_cuda_graph_compute: CUDA graph warmup reset
ggml_backend_cuda_graph_compute: CUDA graph warmup reset
ggml_backend_cuda_graph_compute: CUDA graph warmup reset
ggml_backend_cuda_graph_compute: CUDA graph warmup reset
ggml_backend_cuda_graph_compute: CUDA graph warmup reset
ggml_backend_cuda_graph_compute: CUDA graph warmup reset
ggml_backend_cuda_graph_compute: CUDA graph warmup reset
ggml_backend_cuda_graph_compute: CUDA graph warmup reset
ggml_backend_cuda_graph_compute: CUDA graph warmup reset
ggml_backend_cuda_graph_compute: CUDA graph warmup reset
ggml_backend_cuda_graph_compute: CUDA graph warmup reset
ggml_backend_cuda_graph_compute: CUDA graph warmup reset
ggml_backend_cuda_graph_compute: CUDA graph warmup reset
ggml_backend_cuda_graph_compute: CUDA graph warmup reset
ggml_backend_cuda_graph_compute: CUDA graph warmup reset
ggml_backend_cuda_graph_compute: CUDA graph warmup reset
ggml_backend_cuda_graph_compute: CUDA graph warmup reset
ggml_backend_cuda_graph_compute: CUDA graph warmup reset
ggml_backend_cuda_graph_compute: CUDA graph warmup reset
ggml_backend_cuda_graph_compute: CUDA graph warmup reset
ggml_backend_cuda_graph_compute: CUDA graph warmup reset
ggml_backend_cuda_graph_compute: CUDA graph warmup reset
ggml_backend_cuda_graph_compute: CUDA graph warmup reset
ggml_backend_cuda_graph_compute: CUDA graph warmup reset
ggml_backend_cuda_graph_compute: CUDA graph warmup reset
ggml_backend_cuda_graph_compute: CUDA graph warmup reset
ggml_backend_cuda_graph_compute: CUDA graph warmup reset
ggml_backend_cuda_graph_compute: CUDA graph warmup reset
ggml_backend_cuda_graph_compute: CUDA graph warmup reset
ggml_backend_cuda_graph_compute: CUDA graph warmup reset
ggml_backend_cuda_graph_compute: CUDA graph warmup reset
ggml_backend_cuda_graph_compute: CUDA graph warmup reset
ggml_backend_cuda_graph_compute: CUDA graph warmup reset
prefill 131000/131000
prefill 286.3 s (457.6 tok/s, tracing on)
ggml_backend_cuda_graph_compute: CUDA graph warmup complete
ggml_backend_cuda_graph_compute: CUDA graph warmup complete
ggml_backend_cuda_graph_compute: CUDA graph warmup complete
ggml_backend_cuda_graph_compute: CUDA graph warmup complete
ggml_backend_cuda_graph_compute: CUDA graph warmup complete
ggml_backend_cuda_graph_compute: CUDA graph warmup complete
ggml_backend_cuda_graph_compute: CUDA graph warmup complete
ggml_backend_cuda_graph_compute: CUDA graph warmup complete
ggml_backend_cuda_graph_compute: CUDA graph warmup complete
ggml_backend_cuda_graph_compute: CUDA graph warmup complete
ggml_backend_cuda_graph_compute: CUDA graph warmup complete
ggml_backend_cuda_graph_compute: CUDA graph warmup complete
ggml_backend_cuda_graph_compute: CUDA graph warmup complete
ggml_backend_cuda_graph_compute: CUDA graph warmup complete
ggml_backend_cuda_graph_compute: CUDA graph warmup complete
ggml_backend_cuda_graph_compute: CUDA graph warmup complete
ggml_backend_cuda_graph_compute: CUDA graph warmup complete
ggml_backend_cuda_graph_compute: CUDA graph warmup complete
ggml_backend_cuda_graph_compute: CUDA graph warmup complete
ggml_backend_cuda_graph_compute: CUDA graph warmup complete
ggml_backend_cuda_graph_compute: CUDA graph warmup complete
ggml_backend_cuda_graph_compute: CUDA graph warmup complete
ggml_backend_cuda_graph_compute: CUDA graph warmup complete
ggml_backend_cuda_graph_compute: CUDA graph warmup complete
ggml_backend_cuda_graph_compute: CUDA graph warmup complete
ggml_backend_cuda_graph_compute: CUDA graph warmup complete
ggml_backend_cuda_graph_compute: CUDA graph warmup complete
ggml_backend_cuda_graph_compute: CUDA graph warmup complete
ggml_backend_cuda_graph_compute: CUDA graph warmup complete
ggml_backend_cuda_graph_compute: CUDA graph warmup complete
ggml_backend_cuda_graph_compute: CUDA graph warmup complete
ggml_backend_cuda_graph_compute: CUDA graph warmup complete
ggml_backend_cuda_graph_compute: CUDA graph warmup complete
ggml_backend_cuda_graph_compute: CUDA graph warmup complete
ggml_backend_cuda_graph_compute: CUDA graph warmup complete
ggml_backend_cuda_graph_compute: CUDA graph warmup complete
ggml_backend_cuda_graph_compute: CUDA graph warmup complete
ggml_backend_cuda_graph_compute: CUDA graph warmup complete
ggml_backend_cuda_graph_compute: CUDA graph warmup complete
ggml_backend_cuda_graph_compute: CUDA graph warmup complete
ggml_backend_cuda_graph_compute: CUDA graph warmup complete
ggml_backend_cuda_graph_compute: CUDA graph warmup complete
ggml_backend_cuda_graph_compute: CUDA graph warmup complete
ggml_backend_cuda_graph_compute: CUDA graph warmup complete
ggml_backend_cuda_graph_compute: CUDA graph warmup complete
ggml_backend_cuda_graph_compute: CUDA graph warmup complete
ggml_backend_cuda_graph_compute: CUDA graph warmup complete
ggml_backend_cuda_graph_compute: CUDA graph warmup complete
ggml_backend_cuda_graph_compute: CUDA graph warmup complete
ggml_backend_cuda_graph_compute: CUDA graph warmup complete
ggml_backend_cuda_graph_compute: CUDA graph warmup complete
ggml_backend_cuda_graph_compute: CUDA graph warmup complete
ggml_backend_cuda_graph_compute: CUDA graph warmup complete
ggml_backend_cuda_graph_compute: CUDA graph warmup complete
ggml_backend_cuda_graph_compute: CUDA graph warmup complete
ggml_backend_cuda_graph_compute: CUDA graph warmup complete
ggml_backend_cuda_graph_compute: CUDA graph warmup complete
ggml_backend_cuda_graph_compute: CUDA graph warmup complete
ggml_backend_cuda_graph_compute: CUDA graph warmup complete
ggml_backend_cuda_graph_compute: CUDA graph warmup complete
ggml_backend_cuda_graph_compute: CUDA graph warmup complete
ggml_backend_cuda_graph_compute: CUDA graph warmup complete
ggml_backend_cuda_graph_compute: CUDA graph warmup complete
ggml_backend_cuda_graph_compute: CUDA graph warmup complete
ggml_backend_cuda_graph_compute: CUDA graph warmup complete
ggml_backend_cuda_graph_compute: CUDA graph warmup complete
ggml_backend_cuda_graph_compute: CUDA graph warmup complete
ggml_backend_cuda_graph_compute: CUDA graph warmup complete
ggml_backend_cuda_graph_compute: CUDA graph warmup complete
ggml_backend_cuda_graph_compute: CUDA graph warmup complete
ggml_backend_cuda_graph_compute: CUDA graph warmup complete
ggml_backend_cuda_graph_compute: CUDA graph warmup complete
ggml_backend_cuda_graph_compute: CUDA graph warmup complete
ggml_backend_cuda_graph_compute: CUDA graph warmup complete
ggml_backend_cuda_graph_compute: CUDA graph warmup complete
ggml_backend_cuda_graph_compute: CUDA graph warmup complete
ggml_backend_cuda_graph_compute: CUDA graph warmup complete
ggml_backend_cuda_graph_compute: CUDA graph warmup complete
ggml_backend_cuda_graph_compute: CUDA graph warmup complete
ggml_backend_cuda_graph_compute: CUDA graph warmup complete
ggml_backend_cuda_graph_compute: CUDA graph warmup complete
ggml_backend_cuda_graph_compute: CUDA graph warmup complete
ggml_backend_cuda_graph_compute: CUDA graph warmup complete
ggml_backend_cuda_graph_compute: CUDA graph warmup complete
ggml_backend_cuda_graph_compute: CUDA graph warmup complete
ggml_backend_cuda_graph_compute: CUDA graph warmup complete
ggml_backend_cuda_graph_compute: CUDA graph warmup complete
ggml_backend_cuda_graph_compute: CUDA graph warmup complete
ggml_backend_cuda_graph_compute: CUDA graph warmup complete
ggml_backend_cuda_graph_compute: CUDA graph warmup complete
ggml_backend_cuda_graph_compute: CUDA graph warmup complete
ggml_backend_cuda_graph_compute: CUDA graph warmup complete
ggml_backend_cuda_graph_compute: CUDA graph warmup complete
ggml_backend_cuda_graph_compute: CUDA graph warmup complete
ggml_backend_cuda_graph_compute: CUDA graph warmup complete
ggml_backend_cuda_graph_compute: CUDA graph warmup complete
ggml_backend_cuda_graph_compute: CUDA graph warmup complete
ggml_backend_cuda_graph_compute: CUDA graph warmup complete
ggml_backend_cuda_graph_compute: CUDA graph warmup complete
ggml_backend_cuda_graph_compute: CUDA graph warmup complete
ggml_backend_cuda_graph_compute: CUDA graph warmup complete
ggml_backend_cuda_graph_compute: CUDA graph warmup complete
ggml_backend_cuda_graph_compute: CUDA graph warmup complete
ggml_backend_cuda_graph_compute: CUDA graph warmup complete
ggml_backend_cuda_graph_compute: CUDA graph warmup complete
ggml_backend_cuda_graph_compute: CUDA graph warmup complete
ggml_backend_cuda_graph_compute: CUDA graph warmup complete
ggml_backend_cuda_graph_compute: CUDA graph warmup complete
ggml_backend_cuda_graph_compute: CUDA graph warmup complete
decode 64/2048ggml_backend_cuda_graph_compute: CUDA graph warmup reset
ggml_backend_cuda_graph_compute: CUDA graph warmup reset
ggml_backend_cuda_graph_compute: CUDA graph warmup reset
ggml_backend_cuda_graph_compute: CUDA graph warmup reset
ggml_backend_cuda_graph_compute: CUDA graph warmup reset
ggml_backend_cuda_graph_compute: CUDA graph warmup reset
ggml_backend_cuda_graph_compute: CUDA graph warmup reset
ggml_backend_cuda_graph_compute: CUDA graph warmup reset
ggml_backend_cuda_graph_compute: CUDA graph warmup reset
ggml_backend_cuda_graph_compute: CUDA graph warmup reset
ggml_backend_cuda_graph_compute: CUDA graph warmup reset
ggml_backend_cuda_graph_compute: CUDA graph warmup reset
ggml_backend_cuda_graph_compute: CUDA graph warmup reset
ggml_backend_cuda_graph_compute: CUDA graph warmup reset
ggml_backend_cuda_graph_compute: CUDA graph warmup reset
ggml_backend_cuda_graph_compute: CUDA graph warmup reset
ggml_backend_cuda_graph_compute: CUDA graph warmup reset
ggml_backend_cuda_graph_compute: CUDA graph warmup reset
ggml_backend_cuda_graph_compute: CUDA graph warmup reset
ggml_backend_cuda_graph_compute: CUDA graph warmup reset
ggml_backend_cuda_graph_compute: CUDA graph warmup reset
ggml_backend_cuda_graph_compute: CUDA graph warmup reset
ggml_backend_cuda_graph_compute: CUDA graph warmup reset
ggml_backend_cuda_graph_compute: CUDA graph warmup reset
ggml_backend_cuda_graph_compute: CUDA graph warmup reset
ggml_backend_cuda_graph_compute: CUDA graph warmup reset
ggml_backend_cuda_graph_compute: CUDA graph warmup reset
ggml_backend_cuda_graph_compute: CUDA graph warmup reset
ggml_backend_cuda_graph_compute: CUDA graph warmup reset
ggml_backend_cuda_graph_compute: CUDA graph warmup reset
ggml_backend_cuda_graph_compute: CUDA graph warmup reset
ggml_backend_cuda_graph_compute: CUDA graph warmup reset
ggml_backend_cuda_graph_compute: CUDA graph warmup reset
ggml_backend_cuda_graph_compute: CUDA graph warmup reset
ggml_backend_cuda_graph_compute: CUDA graph warmup reset
ggml_backend_cuda_graph_compute: CUDA graph warmup reset
ggml_backend_cuda_graph_compute: CUDA graph warmup reset
ggml_backend_cuda_graph_compute: CUDA graph warmup reset
ggml_backend_cuda_graph_compute: CUDA graph warmup reset
ggml_backend_cuda_graph_compute: CUDA graph warmup reset
ggml_backend_cuda_graph_compute: CUDA graph warmup reset
ggml_backend_cuda_graph_compute: CUDA graph warmup reset
ggml_backend_cuda_graph_compute: CUDA graph warmup reset
ggml_backend_cuda_graph_compute: CUDA graph warmup reset
ggml_backend_cuda_graph_compute: CUDA graph warmup reset
ggml_backend_cuda_graph_compute: CUDA graph warmup reset
ggml_backend_cuda_graph_compute: CUDA graph warmup reset
ggml_backend_cuda_graph_compute: CUDA graph warmup reset
ggml_backend_cuda_graph_compute: CUDA graph warmup reset
ggml_backend_cuda_graph_compute: CUDA graph warmup reset
ggml_backend_cuda_graph_compute: CUDA graph warmup reset
ggml_backend_cuda_graph_compute: CUDA graph warmup reset
ggml_backend_cuda_graph_compute: CUDA graph warmup reset
ggml_backend_cuda_graph_compute: CUDA graph warmup reset
ggml_backend_cuda_graph_compute: CUDA graph warmup reset
ggml_backend_cuda_graph_compute: CUDA graph warmup reset
ggml_backend_cuda_graph_compute: CUDA graph warmup reset
ggml_backend_cuda_graph_compute: CUDA graph warmup complete
ggml_backend_cuda_graph_compute: CUDA graph warmup complete
ggml_backend_cuda_graph_compute: CUDA graph warmup complete
ggml_backend_cuda_graph_compute: CUDA graph warmup complete
ggml_backend_cuda_graph_compute: CUDA graph warmup complete
ggml_backend_cuda_graph_compute: CUDA graph warmup complete
ggml_backend_cuda_graph_compute: CUDA graph warmup complete
ggml_backend_cuda_graph_compute: CUDA graph warmup complete
ggml_backend_cuda_graph_compute: CUDA graph warmup complete
ggml_backend_cuda_graph_compute: CUDA graph warmup complete
ggml_backend_cuda_graph_compute: CUDA graph warmup complete
ggml_backend_cuda_graph_compute: CUDA graph warmup complete
ggml_backend_cuda_graph_compute: CUDA graph warmup complete
ggml_backend_cuda_graph_compute: CUDA graph warmup complete
ggml_backend_cuda_graph_compute: CUDA graph warmup complete
ggml_backend_cuda_graph_compute: CUDA graph warmup complete
ggml_backend_cuda_graph_compute: CUDA graph warmup complete
ggml_backend_cuda_graph_compute: CUDA graph warmup complete
ggml_backend_cuda_graph_compute: CUDA graph warmup complete
ggml_backend_cuda_graph_compute: CUDA graph warmup complete
ggml_backend_cuda_graph_compute: CUDA graph warmup complete
ggml_backend_cuda_graph_compute: CUDA graph warmup complete
ggml_backend_cuda_graph_compute: CUDA graph warmup complete
ggml_backend_cuda_graph_compute: CUDA graph warmup complete
ggml_backend_cuda_graph_compute: CUDA graph warmup complete
ggml_backend_cuda_graph_compute: CUDA graph warmup complete
ggml_backend_cuda_graph_compute: CUDA graph warmup complete
ggml_backend_cuda_graph_compute: CUDA graph warmup complete
ggml_backend_cuda_graph_compute: CUDA graph warmup complete
ggml_backend_cuda_graph_compute: CUDA graph warmup complete
ggml_backend_cuda_graph_compute: CUDA graph warmup complete
ggml_backend_cuda_graph_compute: CUDA graph warmup complete
ggml_backend_cuda_graph_compute: CUDA graph warmup complete
ggml_backend_cuda_graph_compute: CUDA graph warmup complete
ggml_backend_cuda_graph_compute: CUDA graph warmup complete
ggml_backend_cuda_graph_compute: CUDA graph warmup complete
ggml_backend_cuda_graph_compute: CUDA graph warmup complete
ggml_backend_cuda_graph_compute: CUDA graph warmup complete
ggml_backend_cuda_graph_compute: CUDA graph warmup complete
ggml_backend_cuda_graph_compute: CUDA graph warmup complete
ggml_backend_cuda_graph_compute: CUDA graph warmup complete
ggml_backend_cuda_graph_compute: CUDA graph warmup complete
ggml_backend_cuda_graph_compute: CUDA graph warmup complete
ggml_backend_cuda_graph_compute: CUDA graph warmup complete
ggml_backend_cuda_graph_compute: CUDA graph warmup complete
ggml_backend_cuda_graph_compute: CUDA graph warmup complete
ggml_backend_cuda_graph_compute: CUDA graph warmup complete
ggml_backend_cuda_graph_compute: CUDA graph warmup complete
ggml_backend_cuda_graph_compute: CUDA graph warmup complete
ggml_backend_cuda_graph_compute: CUDA graph warmup complete
ggml_backend_cuda_graph_compute: CUDA graph warmup complete
ggml_backend_cuda_graph_compute: CUDA graph warmup complete
ggml_backend_cuda_graph_compute: CUDA graph warmup complete
ggml_backend_cuda_graph_compute: CUDA graph warmup complete
ggml_backend_cuda_graph_compute: CUDA graph warmup complete
ggml_backend_cuda_graph_compute: CUDA graph warmup complete
ggml_backend_cuda_graph_compute: CUDA graph warmup complete
decode 128/2048decode 192/2048decode 256/2048decode 320/2048ggml_backend_cuda_graph_compute: CUDA graph warmup reset
ggml_backend_cuda_graph_compute: CUDA graph warmup reset
ggml_backend_cuda_graph_compute: CUDA graph warmup reset
ggml_backend_cuda_graph_compute: CUDA graph warmup reset
ggml_backend_cuda_graph_compute: CUDA graph warmup reset
ggml_backend_cuda_graph_compute: CUDA graph warmup reset
ggml_backend_cuda_graph_compute: CUDA graph warmup reset
ggml_backend_cuda_graph_compute: CUDA graph warmup reset
ggml_backend_cuda_graph_compute: CUDA graph warmup reset
ggml_backend_cuda_graph_compute: CUDA graph warmup reset
ggml_backend_cuda_graph_compute: CUDA graph warmup reset
ggml_backend_cuda_graph_compute: CUDA graph warmup reset
ggml_backend_cuda_graph_compute: CUDA graph warmup reset
ggml_backend_cuda_graph_compute: CUDA graph warmup reset
ggml_backend_cuda_graph_compute: CUDA graph warmup reset
ggml_backend_cuda_graph_compute: CUDA graph warmup reset
ggml_backend_cuda_graph_compute: CUDA graph warmup reset
ggml_backend_cuda_graph_compute: CUDA graph warmup reset
ggml_backend_cuda_graph_compute: CUDA graph warmup reset
ggml_backend_cuda_graph_compute: CUDA graph warmup reset
ggml_backend_cuda_graph_compute: CUDA graph warmup reset
ggml_backend_cuda_graph_compute: CUDA graph warmup reset
ggml_backend_cuda_graph_compute: CUDA graph warmup reset
ggml_backend_cuda_graph_compute: CUDA graph warmup reset
ggml_backend_cuda_graph_compute: CUDA graph warmup reset
ggml_backend_cuda_graph_compute: CUDA graph warmup reset
ggml_backend_cuda_graph_compute: CUDA graph warmup reset
ggml_backend_cuda_graph_compute: CUDA graph warmup reset
ggml_backend_cuda_graph_compute: CUDA graph warmup reset
ggml_backend_cuda_graph_compute: CUDA graph warmup reset
ggml_backend_cuda_graph_compute: CUDA graph warmup reset
ggml_backend_cuda_graph_compute: CUDA graph warmup reset
ggml_backend_cuda_graph_compute: CUDA graph warmup reset
ggml_backend_cuda_graph_compute: CUDA graph warmup reset
ggml_backend_cuda_graph_compute: CUDA graph warmup reset
ggml_backend_cuda_graph_compute: CUDA graph warmup reset
ggml_backend_cuda_graph_compute: CUDA graph warmup reset
ggml_backend_cuda_graph_compute: CUDA graph warmup reset
ggml_backend_cuda_graph_compute: CUDA graph warmup reset
ggml_backend_cuda_graph_compute: CUDA graph warmup reset
ggml_backend_cuda_graph_compute: CUDA graph warmup reset
ggml_backend_cuda_graph_compute: CUDA graph warmup reset
ggml_backend_cuda_graph_compute: CUDA graph warmup reset
ggml_backend_cuda_graph_compute: CUDA graph warmup reset
ggml_backend_cuda_graph_compute: CUDA graph warmup reset
ggml_backend_cuda_graph_compute: CUDA graph warmup reset
ggml_backend_cuda_graph_compute: CUDA graph warmup reset
ggml_backend_cuda_graph_compute: CUDA graph warmup reset
ggml_backend_cuda_graph_compute: CUDA graph warmup reset
ggml_backend_cuda_graph_compute: CUDA graph warmup reset
ggml_backend_cuda_graph_compute: CUDA graph warmup reset
ggml_backend_cuda_graph_compute: CUDA graph warmup reset
ggml_backend_cuda_graph_compute: CUDA graph warmup reset
ggml_backend_cuda_graph_compute: CUDA graph warmup reset
ggml_backend_cuda_graph_compute: CUDA graph warmup reset
ggml_backend_cuda_graph_compute: CUDA graph warmup reset
ggml_backend_cuda_graph_compute: CUDA graph warmup reset
ggml_backend_cuda_graph_compute: CUDA graph warmup complete
ggml_backend_cuda_graph_compute: CUDA graph warmup complete
ggml_backend_cuda_graph_compute: CUDA graph warmup complete
ggml_backend_cuda_graph_compute: CUDA graph warmup complete
ggml_backend_cuda_graph_compute: CUDA graph warmup complete
ggml_backend_cuda_graph_compute: CUDA graph warmup complete
ggml_backend_cuda_graph_compute: CUDA graph warmup complete
ggml_backend_cuda_graph_compute: CUDA graph warmup complete
ggml_backend_cuda_graph_compute: CUDA graph warmup complete
ggml_backend_cuda_graph_compute: CUDA graph warmup complete
ggml_backend_cuda_graph_compute: CUDA graph warmup complete
ggml_backend_cuda_graph_compute: CUDA graph warmup complete
ggml_backend_cuda_graph_compute: CUDA graph warmup complete
ggml_backend_cuda_graph_compute: CUDA graph warmup complete
ggml_backend_cuda_graph_compute: CUDA graph warmup complete
ggml_backend_cuda_graph_compute: CUDA graph warmup complete
ggml_backend_cuda_graph_compute: CUDA graph warmup complete
ggml_backend_cuda_graph_compute: CUDA graph warmup complete
ggml_backend_cuda_graph_compute: CUDA graph warmup complete
ggml_backend_cuda_graph_compute: CUDA graph warmup complete
ggml_backend_cuda_graph_compute: CUDA graph warmup complete
ggml_backend_cuda_graph_compute: CUDA graph warmup complete
ggml_backend_cuda_graph_compute: CUDA graph warmup complete
ggml_backend_cuda_graph_compute: CUDA graph warmup complete
ggml_backend_cuda_graph_compute: CUDA graph warmup complete
ggml_backend_cuda_graph_compute: CUDA graph warmup complete
ggml_backend_cuda_graph_compute: CUDA graph warmup complete
ggml_backend_cuda_graph_compute: CUDA graph warmup complete
ggml_backend_cuda_graph_compute: CUDA graph warmup complete
ggml_backend_cuda_graph_compute: CUDA graph warmup complete
ggml_backend_cuda_graph_compute: CUDA graph warmup complete
ggml_backend_cuda_graph_compute: CUDA graph warmup complete
ggml_backend_cuda_graph_compute: CUDA graph warmup complete
ggml_backend_cuda_graph_compute: CUDA graph warmup complete
ggml_backend_cuda_graph_compute: CUDA graph warmup complete
ggml_backend_cuda_graph_compute: CUDA graph warmup complete
ggml_backend_cuda_graph_compute: CUDA graph warmup complete
ggml_backend_cuda_graph_compute: CUDA graph warmup complete
ggml_backend_cuda_graph_compute: CUDA graph warmup complete
ggml_backend_cuda_graph_compute: CUDA graph warmup complete
ggml_backend_cuda_graph_compute: CUDA graph warmup complete
ggml_backend_cuda_graph_compute: CUDA graph warmup complete
ggml_backend_cuda_graph_compute: CUDA graph warmup complete
ggml_backend_cuda_graph_compute: CUDA graph warmup complete
ggml_backend_cuda_graph_compute: CUDA graph warmup complete
ggml_backend_cuda_graph_compute: CUDA graph warmup complete
ggml_backend_cuda_graph_compute: CUDA graph warmup complete
ggml_backend_cuda_graph_compute: CUDA graph warmup complete
ggml_backend_cuda_graph_compute: CUDA graph warmup complete
ggml_backend_cuda_graph_compute: CUDA graph warmup complete
ggml_backend_cuda_graph_compute: CUDA graph warmup complete
ggml_backend_cuda_graph_compute: CUDA graph warmup complete
ggml_backend_cuda_graph_compute: CUDA graph warmup complete
ggml_backend_cuda_graph_compute: CUDA graph warmup complete
ggml_backend_cuda_graph_compute: CUDA graph warmup complete
ggml_backend_cuda_graph_compute: CUDA graph warmup complete
ggml_backend_cuda_graph_compute: CUDA graph warmup complete
decode 384/2048decode 448/2048decode 512/2048decode 576/2048ggml_backend_cuda_graph_compute: CUDA graph warmup reset
ggml_backend_cuda_graph_compute: CUDA graph warmup reset
ggml_backend_cuda_graph_compute: CUDA graph warmup reset
ggml_backend_cuda_graph_compute: CUDA graph warmup reset
ggml_backend_cuda_graph_compute: CUDA graph warmup reset
ggml_backend_cuda_graph_compute: CUDA graph warmup reset
ggml_backend_cuda_graph_compute: CUDA graph warmup reset
ggml_backend_cuda_graph_compute: CUDA graph warmup reset
ggml_backend_cuda_graph_compute: CUDA graph warmup reset
ggml_backend_cuda_graph_compute: CUDA graph warmup reset
ggml_backend_cuda_graph_compute: CUDA graph warmup reset
ggml_backend_cuda_graph_compute: CUDA graph warmup reset
ggml_backend_cuda_graph_compute: CUDA graph warmup reset
ggml_backend_cuda_graph_compute: CUDA graph warmup reset
ggml_backend_cuda_graph_compute: CUDA graph warmup reset
ggml_backend_cuda_graph_compute: CUDA graph warmup reset
ggml_backend_cuda_graph_compute: CUDA graph warmup reset
ggml_backend_cuda_graph_compute: CUDA graph warmup reset
ggml_backend_cuda_graph_compute: CUDA graph warmup reset
ggml_backend_cuda_graph_compute: CUDA graph warmup reset
ggml_backend_cuda_graph_compute: CUDA graph warmup reset
ggml_backend_cuda_graph_compute: CUDA graph warmup reset
ggml_backend_cuda_graph_compute: CUDA graph warmup reset
ggml_backend_cuda_graph_compute: CUDA graph warmup reset
ggml_backend_cuda_graph_compute: CUDA graph warmup reset
ggml_backend_cuda_graph_compute: CUDA graph warmup reset
ggml_backend_cuda_graph_compute: CUDA graph warmup reset
ggml_backend_cuda_graph_compute: CUDA graph warmup reset
ggml_backend_cuda_graph_compute: CUDA graph warmup reset
ggml_backend_cuda_graph_compute: CUDA graph warmup reset
ggml_backend_cuda_graph_compute: CUDA graph warmup reset
ggml_backend_cuda_graph_compute: CUDA graph warmup reset
ggml_backend_cuda_graph_compute: CUDA graph warmup reset
ggml_backend_cuda_graph_compute: CUDA graph warmup reset
ggml_backend_cuda_graph_compute: CUDA graph warmup reset
ggml_backend_cuda_graph_compute: CUDA graph warmup reset
ggml_backend_cuda_graph_compute: CUDA graph warmup reset
ggml_backend_cuda_graph_compute: CUDA graph warmup reset
ggml_backend_cuda_graph_compute: CUDA graph warmup reset
ggml_backend_cuda_graph_compute: CUDA graph warmup reset
ggml_backend_cuda_graph_compute: CUDA graph warmup reset
ggml_backend_cuda_graph_compute: CUDA graph warmup reset
ggml_backend_cuda_graph_compute: CUDA graph warmup reset
ggml_backend_cuda_graph_compute: CUDA graph warmup reset
ggml_backend_cuda_graph_compute: CUDA graph warmup reset
ggml_backend_cuda_graph_compute: CUDA graph warmup reset
ggml_backend_cuda_graph_compute: CUDA graph warmup reset
ggml_backend_cuda_graph_compute: CUDA graph warmup reset
ggml_backend_cuda_graph_compute: CUDA graph warmup reset
ggml_backend_cuda_graph_compute: CUDA graph warmup reset
ggml_backend_cuda_graph_compute: CUDA graph warmup reset
ggml_backend_cuda_graph_compute: CUDA graph warmup reset
ggml_backend_cuda_graph_compute: CUDA graph warmup reset
ggml_backend_cuda_graph_compute: CUDA graph warmup reset
ggml_backend_cuda_graph_compute: CUDA graph warmup reset
ggml_backend_cuda_graph_compute: CUDA graph warmup reset
ggml_backend_cuda_graph_compute: CUDA graph warmup reset
ggml_backend_cuda_graph_compute: CUDA graph warmup complete
ggml_backend_cuda_graph_compute: CUDA graph warmup complete
ggml_backend_cuda_graph_compute: CUDA graph warmup complete
ggml_backend_cuda_graph_compute: CUDA graph warmup complete
ggml_backend_cuda_graph_compute: CUDA graph warmup complete
ggml_backend_cuda_graph_compute: CUDA graph warmup complete
ggml_backend_cuda_graph_compute: CUDA graph warmup complete
ggml_backend_cuda_graph_compute: CUDA graph warmup complete
ggml_backend_cuda_graph_compute: CUDA graph warmup complete
ggml_backend_cuda_graph_compute: CUDA graph warmup complete
ggml_backend_cuda_graph_compute: CUDA graph warmup complete
ggml_backend_cuda_graph_compute: CUDA graph warmup complete
ggml_backend_cuda_graph_compute: CUDA graph warmup complete
ggml_backend_cuda_graph_compute: CUDA graph warmup complete
ggml_backend_cuda_graph_compute: CUDA graph warmup complete
ggml_backend_cuda_graph_compute: CUDA graph warmup complete
ggml_backend_cuda_graph_compute: CUDA graph warmup complete
ggml_backend_cuda_graph_compute: CUDA graph warmup complete
ggml_backend_cuda_graph_compute: CUDA graph warmup complete
ggml_backend_cuda_graph_compute: CUDA graph warmup complete
ggml_backend_cuda_graph_compute: CUDA graph warmup complete
ggml_backend_cuda_graph_compute: CUDA graph warmup complete
ggml_backend_cuda_graph_compute: CUDA graph warmup complete
ggml_backend_cuda_graph_compute: CUDA graph warmup complete
ggml_backend_cuda_graph_compute: CUDA graph warmup complete
ggml_backend_cuda_graph_compute: CUDA graph warmup complete
ggml_backend_cuda_graph_compute: CUDA graph warmup complete
ggml_backend_cuda_graph_compute: CUDA graph warmup complete
ggml_backend_cuda_graph_compute: CUDA graph warmup complete
ggml_backend_cuda_graph_compute: CUDA graph warmup complete
ggml_backend_cuda_graph_compute: CUDA graph warmup complete
ggml_backend_cuda_graph_compute: CUDA graph warmup complete
ggml_backend_cuda_graph_compute: CUDA graph warmup complete
ggml_backend_cuda_graph_compute: CUDA graph warmup complete
ggml_backend_cuda_graph_compute: CUDA graph warmup complete
ggml_backend_cuda_graph_compute: CUDA graph warmup complete
ggml_backend_cuda_graph_compute: CUDA graph warmup complete
ggml_backend_cuda_graph_compute: CUDA graph warmup complete
ggml_backend_cuda_graph_compute: CUDA graph warmup complete
ggml_backend_cuda_graph_compute: CUDA graph warmup complete
ggml_backend_cuda_graph_compute: CUDA graph warmup complete
ggml_backend_cuda_graph_compute: CUDA graph warmup complete
ggml_backend_cuda_graph_compute: CUDA graph warmup complete
ggml_backend_cuda_graph_compute: CUDA graph warmup complete
ggml_backend_cuda_graph_compute: CUDA graph warmup complete
ggml_backend_cuda_graph_compute: CUDA graph warmup complete
ggml_backend_cuda_graph_compute: CUDA graph warmup complete
ggml_backend_cuda_graph_compute: CUDA graph warmup complete
ggml_backend_cuda_graph_compute: CUDA graph warmup complete
ggml_backend_cuda_graph_compute: CUDA graph warmup complete
ggml_backend_cuda_graph_compute: CUDA graph warmup complete
ggml_backend_cuda_graph_compute: CUDA graph warmup complete
ggml_backend_cuda_graph_compute: CUDA graph warmup complete
ggml_backend_cuda_graph_compute: CUDA graph warmup complete
ggml_backend_cuda_graph_compute: CUDA graph warmup complete
ggml_backend_cuda_graph_compute: CUDA graph warmup complete
ggml_backend_cuda_graph_compute: CUDA graph warmup complete
decode 640/2048decode 704/2048decode 768/2048decode 832/2048ggml_backend_cuda_graph_compute: CUDA graph warmup reset
ggml_backend_cuda_graph_compute: CUDA graph warmup reset
ggml_backend_cuda_graph_compute: CUDA graph warmup reset
ggml_backend_cuda_graph_compute: CUDA graph warmup reset
ggml_backend_cuda_graph_compute: CUDA graph warmup reset
ggml_backend_cuda_graph_compute: CUDA graph warmup reset
ggml_backend_cuda_graph_compute: CUDA graph warmup reset
ggml_backend_cuda_graph_compute: CUDA graph warmup reset
ggml_backend_cuda_graph_compute: CUDA graph warmup reset
ggml_backend_cuda_graph_compute: CUDA graph warmup reset
ggml_backend_cuda_graph_compute: CUDA graph warmup reset
ggml_backend_cuda_graph_compute: CUDA graph warmup reset
ggml_backend_cuda_graph_compute: CUDA graph warmup reset
ggml_backend_cuda_graph_compute: CUDA graph warmup reset
ggml_backend_cuda_graph_compute: CUDA graph warmup reset
ggml_backend_cuda_graph_compute: CUDA graph warmup reset
ggml_backend_cuda_graph_compute: CUDA graph warmup reset
ggml_backend_cuda_graph_compute: CUDA graph warmup reset
ggml_backend_cuda_graph_compute: CUDA graph warmup reset
ggml_backend_cuda_graph_compute: CUDA graph warmup reset
ggml_backend_cuda_graph_compute: CUDA graph warmup reset
ggml_backend_cuda_graph_compute: CUDA graph warmup reset
ggml_backend_cuda_graph_compute: CUDA graph warmup reset
ggml_backend_cuda_graph_compute: CUDA graph warmup reset
ggml_backend_cuda_graph_compute: CUDA graph warmup reset
ggml_backend_cuda_graph_compute: CUDA graph warmup reset
ggml_backend_cuda_graph_compute: CUDA graph warmup reset
ggml_backend_cuda_graph_compute: CUDA graph warmup reset
ggml_backend_cuda_graph_compute: CUDA graph warmup reset
ggml_backend_cuda_graph_compute: CUDA graph warmup reset
ggml_backend_cuda_graph_compute: CUDA graph warmup reset
ggml_backend_cuda_graph_compute: CUDA graph warmup reset
ggml_backend_cuda_graph_compute: CUDA graph warmup reset
ggml_backend_cuda_graph_compute: CUDA graph warmup reset
ggml_backend_cuda_graph_compute: CUDA graph warmup reset
ggml_backend_cuda_graph_compute: CUDA graph warmup reset
ggml_backend_cuda_graph_compute: CUDA graph warmup reset
ggml_backend_cuda_graph_compute: CUDA graph warmup reset
ggml_backend_cuda_graph_compute: CUDA graph warmup reset
ggml_backend_cuda_graph_compute: CUDA graph warmup reset
ggml_backend_cuda_graph_compute: CUDA graph warmup reset
ggml_backend_cuda_graph_compute: CUDA graph warmup reset
ggml_backend_cuda_graph_compute: CUDA graph warmup reset
ggml_backend_cuda_graph_compute: CUDA graph warmup reset
ggml_backend_cuda_graph_compute: CUDA graph warmup reset
ggml_backend_cuda_graph_compute: CUDA graph warmup reset
ggml_backend_cuda_graph_compute: CUDA graph warmup reset
ggml_backend_cuda_graph_compute: CUDA graph warmup reset
ggml_backend_cuda_graph_compute: CUDA graph warmup reset
ggml_backend_cuda_graph_compute: CUDA graph warmup reset
ggml_backend_cuda_graph_compute: CUDA graph warmup reset
ggml_backend_cuda_graph_compute: CUDA graph warmup reset
ggml_backend_cuda_graph_compute: CUDA graph warmup reset
ggml_backend_cuda_graph_compute: CUDA graph warmup reset
ggml_backend_cuda_graph_compute: CUDA graph warmup reset
ggml_backend_cuda_graph_compute: CUDA graph warmup reset
ggml_backend_cuda_graph_compute: CUDA graph warmup reset
ggml_backend_cuda_graph_compute: CUDA graph warmup complete
ggml_backend_cuda_graph_compute: CUDA graph warmup complete
ggml_backend_cuda_graph_compute: CUDA graph warmup complete
ggml_backend_cuda_graph_compute: CUDA graph warmup complete
ggml_backend_cuda_graph_compute: CUDA graph warmup complete
ggml_backend_cuda_graph_compute: CUDA graph warmup complete
ggml_backend_cuda_graph_compute: CUDA graph warmup complete
ggml_backend_cuda_graph_compute: CUDA graph warmup complete
ggml_backend_cuda_graph_compute: CUDA graph warmup complete
ggml_backend_cuda_graph_compute: CUDA graph warmup complete
ggml_backend_cuda_graph_compute: CUDA graph warmup complete
ggml_backend_cuda_graph_compute: CUDA graph warmup complete
ggml_backend_cuda_graph_compute: CUDA graph warmup complete
ggml_backend_cuda_graph_compute: CUDA graph warmup complete
ggml_backend_cuda_graph_compute: CUDA graph warmup complete
ggml_backend_cuda_graph_compute: CUDA graph warmup complete
ggml_backend_cuda_graph_compute: CUDA graph warmup complete
ggml_backend_cuda_graph_compute: CUDA graph warmup complete
ggml_backend_cuda_graph_compute: CUDA graph warmup complete
ggml_backend_cuda_graph_compute: CUDA graph warmup complete
ggml_backend_cuda_graph_compute: CUDA graph warmup complete
ggml_backend_cuda_graph_compute: CUDA graph warmup complete
ggml_backend_cuda_graph_compute: CUDA graph warmup complete
ggml_backend_cuda_graph_compute: CUDA graph warmup complete
ggml_backend_cuda_graph_compute: CUDA graph warmup complete
ggml_backend_cuda_graph_compute: CUDA graph warmup complete
ggml_backend_cuda_graph_compute: CUDA graph warmup complete
ggml_backend_cuda_graph_compute: CUDA graph warmup complete
ggml_backend_cuda_graph_compute: CUDA graph warmup complete
ggml_backend_cuda_graph_compute: CUDA graph warmup complete
ggml_backend_cuda_graph_compute: CUDA graph warmup complete
ggml_backend_cuda_graph_compute: CUDA graph warmup complete
ggml_backend_cuda_graph_compute: CUDA graph warmup complete
ggml_backend_cuda_graph_compute: CUDA graph warmup complete
ggml_backend_cuda_graph_compute: CUDA graph warmup complete
ggml_backend_cuda_graph_compute: CUDA graph warmup complete
ggml_backend_cuda_graph_compute: CUDA graph warmup complete
ggml_backend_cuda_graph_compute: CUDA graph warmup complete
ggml_backend_cuda_graph_compute: CUDA graph warmup complete
ggml_backend_cuda_graph_compute: CUDA graph warmup complete
ggml_backend_cuda_graph_compute: CUDA graph warmup complete
ggml_backend_cuda_graph_compute: CUDA graph warmup complete
ggml_backend_cuda_graph_compute: CUDA graph warmup complete
ggml_backend_cuda_graph_compute: CUDA graph warmup complete
ggml_backend_cuda_graph_compute: CUDA graph warmup complete
ggml_backend_cuda_graph_compute: CUDA graph warmup complete
ggml_backend_cuda_graph_compute: CUDA graph warmup complete
ggml_backend_cuda_graph_compute: CUDA graph warmup complete
ggml_backend_cuda_graph_compute: CUDA graph warmup complete
ggml_backend_cuda_graph_compute: CUDA graph warmup complete
ggml_backend_cuda_graph_compute: CUDA graph warmup complete
ggml_backend_cuda_graph_compute: CUDA graph warmup complete
ggml_backend_cuda_graph_compute: CUDA graph warmup complete
ggml_backend_cuda_graph_compute: CUDA graph warmup complete
ggml_backend_cuda_graph_compute: CUDA graph warmup complete
ggml_backend_cuda_graph_compute: CUDA graph warmup complete
ggml_backend_cuda_graph_compute: CUDA graph warmup complete
decode 896/2048decode 960/2048decode 1024/2048decode 1088/2048ggml_backend_cuda_graph_compute: CUDA graph warmup reset
ggml_backend_cuda_graph_compute: CUDA graph warmup reset
ggml_backend_cuda_graph_compute: CUDA graph warmup reset
ggml_backend_cuda_graph_compute: CUDA graph warmup reset
ggml_backend_cuda_graph_compute: CUDA graph warmup reset
ggml_backend_cuda_graph_compute: CUDA graph warmup reset
ggml_backend_cuda_graph_compute: CUDA graph warmup reset
ggml_backend_cuda_graph_compute: CUDA graph warmup reset
ggml_backend_cuda_graph_compute: CUDA graph warmup reset
ggml_backend_cuda_graph_compute: CUDA graph warmup reset
ggml_backend_cuda_graph_compute: CUDA graph warmup reset
ggml_backend_cuda_graph_compute: CUDA graph warmup reset
ggml_backend_cuda_graph_compute: CUDA graph warmup reset
ggml_backend_cuda_graph_compute: CUDA graph warmup reset
ggml_backend_cuda_graph_compute: CUDA graph warmup reset
ggml_backend_cuda_graph_compute: CUDA graph warmup reset
ggml_backend_cuda_graph_compute: CUDA graph warmup reset
ggml_backend_cuda_graph_compute: CUDA graph warmup reset
ggml_backend_cuda_graph_compute: CUDA graph warmup reset
ggml_backend_cuda_graph_compute: CUDA graph warmup reset
ggml_backend_cuda_graph_compute: CUDA graph warmup reset
ggml_backend_cuda_graph_compute: CUDA graph warmup reset
ggml_backend_cuda_graph_compute: CUDA graph warmup reset
ggml_backend_cuda_graph_compute: CUDA graph warmup reset
ggml_backend_cuda_graph_compute: CUDA graph warmup reset
ggml_backend_cuda_graph_compute: CUDA graph warmup reset
ggml_backend_cuda_graph_compute: CUDA graph warmup reset
ggml_backend_cuda_graph_compute: CUDA graph warmup reset
ggml_backend_cuda_graph_compute: CUDA graph warmup reset
ggml_backend_cuda_graph_compute: CUDA graph warmup reset
ggml_backend_cuda_graph_compute: CUDA graph warmup reset
ggml_backend_cuda_graph_compute: CUDA graph warmup reset
ggml_backend_cuda_graph_compute: CUDA graph warmup reset
ggml_backend_cuda_graph_compute: CUDA graph warmup reset
ggml_backend_cuda_graph_compute: CUDA graph warmup reset
ggml_backend_cuda_graph_compute: CUDA graph warmup reset
ggml_backend_cuda_graph_compute: CUDA graph warmup reset
ggml_backend_cuda_graph_compute: CUDA graph warmup reset
ggml_backend_cuda_graph_compute: CUDA graph warmup reset
ggml_backend_cuda_graph_compute: CUDA graph warmup reset
ggml_backend_cuda_graph_compute: CUDA graph warmup reset
ggml_backend_cuda_graph_compute: CUDA graph warmup reset
ggml_backend_cuda_graph_compute: CUDA graph warmup reset
ggml_backend_cuda_graph_compute: CUDA graph warmup reset
ggml_backend_cuda_graph_compute: CUDA graph warmup reset
ggml_backend_cuda_graph_compute: CUDA graph warmup reset
ggml_backend_cuda_graph_compute: CUDA graph warmup reset
ggml_backend_cuda_graph_compute: CUDA graph warmup reset
ggml_backend_cuda_graph_compute: CUDA graph warmup reset
ggml_backend_cuda_graph_compute: CUDA graph warmup reset
ggml_backend_cuda_graph_compute: CUDA graph warmup reset
ggml_backend_cuda_graph_compute: CUDA graph warmup reset
ggml_backend_cuda_graph_compute: CUDA graph warmup reset
ggml_backend_cuda_graph_compute: CUDA graph warmup reset
ggml_backend_cuda_graph_compute: CUDA graph warmup reset
ggml_backend_cuda_graph_compute: CUDA graph warmup reset
ggml_backend_cuda_graph_compute: CUDA graph warmup reset
ggml_backend_cuda_graph_compute: CUDA graph warmup complete
ggml_backend_cuda_graph_compute: CUDA graph warmup complete
ggml_backend_cuda_graph_compute: CUDA graph warmup complete
ggml_backend_cuda_graph_compute: CUDA graph warmup complete
ggml_backend_cuda_graph_compute: CUDA graph warmup complete
ggml_backend_cuda_graph_compute: CUDA graph warmup complete
ggml_backend_cuda_graph_compute: CUDA graph warmup complete
ggml_backend_cuda_graph_compute: CUDA graph warmup complete
ggml_backend_cuda_graph_compute: CUDA graph warmup complete
ggml_backend_cuda_graph_compute: CUDA graph warmup complete
ggml_backend_cuda_graph_compute: CUDA graph warmup complete
ggml_backend_cuda_graph_compute: CUDA graph warmup complete
ggml_backend_cuda_graph_compute: CUDA graph warmup complete
ggml_backend_cuda_graph_compute: CUDA graph warmup complete
ggml_backend_cuda_graph_compute: CUDA graph warmup complete
ggml_backend_cuda_graph_compute: CUDA graph warmup complete
ggml_backend_cuda_graph_compute: CUDA graph warmup complete
ggml_backend_cuda_graph_compute: CUDA graph warmup complete
ggml_backend_cuda_graph_compute: CUDA graph warmup complete
ggml_backend_cuda_graph_compute: CUDA graph warmup complete
ggml_backend_cuda_graph_compute: CUDA graph warmup complete
ggml_backend_cuda_graph_compute: CUDA graph warmup complete
ggml_backend_cuda_graph_compute: CUDA graph warmup complete
ggml_backend_cuda_graph_compute: CUDA graph warmup complete
ggml_backend_cuda_graph_compute: CUDA graph warmup complete
ggml_backend_cuda_graph_compute: CUDA graph warmup complete
ggml_backend_cuda_graph_compute: CUDA graph warmup complete
ggml_backend_cuda_graph_compute: CUDA graph warmup complete
ggml_backend_cuda_graph_compute: CUDA graph warmup complete
ggml_backend_cuda_graph_compute: CUDA graph warmup complete
ggml_backend_cuda_graph_compute: CUDA graph warmup complete
ggml_backend_cuda_graph_compute: CUDA graph warmup complete
ggml_backend_cuda_graph_compute: CUDA graph warmup complete
ggml_backend_cuda_graph_compute: CUDA graph warmup complete
ggml_backend_cuda_graph_compute: CUDA graph warmup complete
ggml_backend_cuda_graph_compute: CUDA graph warmup complete
ggml_backend_cuda_graph_compute: CUDA graph warmup complete
ggml_backend_cuda_graph_compute: CUDA graph warmup complete
ggml_backend_cuda_graph_compute: CUDA graph warmup complete
ggml_backend_cuda_graph_compute: CUDA graph warmup complete
ggml_backend_cuda_graph_compute: CUDA graph warmup complete
ggml_backend_cuda_graph_compute: CUDA graph warmup complete
ggml_backend_cuda_graph_compute: CUDA graph warmup complete
ggml_backend_cuda_graph_compute: CUDA graph warmup complete
ggml_backend_cuda_graph_compute: CUDA graph warmup complete
ggml_backend_cuda_graph_compute: CUDA graph warmup complete
ggml_backend_cuda_graph_compute: CUDA graph warmup complete
ggml_backend_cuda_graph_compute: CUDA graph warmup complete
ggml_backend_cuda_graph_compute: CUDA graph warmup complete
ggml_backend_cuda_graph_compute: CUDA graph warmup complete
ggml_backend_cuda_graph_compute: CUDA graph warmup complete
ggml_backend_cuda_graph_compute: CUDA graph warmup complete
ggml_backend_cuda_graph_compute: CUDA graph warmup complete
ggml_backend_cuda_graph_compute: CUDA graph warmup complete
ggml_backend_cuda_graph_compute: CUDA graph warmup complete
ggml_backend_cuda_graph_compute: CUDA graph warmup complete
ggml_backend_cuda_graph_compute: CUDA graph warmup complete
decode 1152/2048decode 1216/2048decode 1280/2048decode 1344/2048ggml_backend_cuda_graph_compute: CUDA graph warmup reset
ggml_backend_cuda_graph_compute: CUDA graph warmup reset
ggml_backend_cuda_graph_compute: CUDA graph warmup reset
ggml_backend_cuda_graph_compute: CUDA graph warmup reset
ggml_backend_cuda_graph_compute: CUDA graph warmup reset
ggml_backend_cuda_graph_compute: CUDA graph warmup reset
ggml_backend_cuda_graph_compute: CUDA graph warmup reset
ggml_backend_cuda_graph_compute: CUDA graph warmup reset
ggml_backend_cuda_graph_compute: CUDA graph warmup reset
ggml_backend_cuda_graph_compute: CUDA graph warmup reset
ggml_backend_cuda_graph_compute: CUDA graph warmup reset
ggml_backend_cuda_graph_compute: CUDA graph warmup reset
ggml_backend_cuda_graph_compute: CUDA graph warmup reset
ggml_backend_cuda_graph_compute: CUDA graph warmup reset
ggml_backend_cuda_graph_compute: CUDA graph warmup reset
ggml_backend_cuda_graph_compute: CUDA graph warmup reset
ggml_backend_cuda_graph_compute: CUDA graph warmup reset
ggml_backend_cuda_graph_compute: CUDA graph warmup reset
ggml_backend_cuda_graph_compute: CUDA graph warmup reset
ggml_backend_cuda_graph_compute: CUDA graph warmup reset
ggml_backend_cuda_graph_compute: CUDA graph warmup reset
ggml_backend_cuda_graph_compute: CUDA graph warmup reset
ggml_backend_cuda_graph_compute: CUDA graph warmup reset
ggml_backend_cuda_graph_compute: CUDA graph warmup reset
ggml_backend_cuda_graph_compute: CUDA graph warmup reset
ggml_backend_cuda_graph_compute: CUDA graph warmup reset
ggml_backend_cuda_graph_compute: CUDA graph warmup reset
ggml_backend_cuda_graph_compute: CUDA graph warmup reset
ggml_backend_cuda_graph_compute: CUDA graph warmup reset
ggml_backend_cuda_graph_compute: CUDA graph warmup reset
ggml_backend_cuda_graph_compute: CUDA graph warmup reset
ggml_backend_cuda_graph_compute: CUDA graph warmup reset
ggml_backend_cuda_graph_compute: CUDA graph warmup reset
ggml_backend_cuda_graph_compute: CUDA graph warmup reset
ggml_backend_cuda_graph_compute: CUDA graph warmup reset
ggml_backend_cuda_graph_compute: CUDA graph warmup reset
ggml_backend_cuda_graph_compute: CUDA graph warmup reset
ggml_backend_cuda_graph_compute: CUDA graph warmup reset
ggml_backend_cuda_graph_compute: CUDA graph warmup reset
ggml_backend_cuda_graph_compute: CUDA graph warmup reset
ggml_backend_cuda_graph_compute: CUDA graph warmup reset
ggml_backend_cuda_graph_compute: CUDA graph warmup reset
ggml_backend_cuda_graph_compute: CUDA graph warmup reset
ggml_backend_cuda_graph_compute: CUDA graph warmup reset
ggml_backend_cuda_graph_compute: CUDA graph warmup reset
ggml_backend_cuda_graph_compute: CUDA graph warmup reset
ggml_backend_cuda_graph_compute: CUDA graph warmup reset
ggml_backend_cuda_graph_compute: CUDA graph warmup reset
ggml_backend_cuda_graph_compute: CUDA graph warmup reset
ggml_backend_cuda_graph_compute: CUDA graph warmup reset
ggml_backend_cuda_graph_compute: CUDA graph warmup reset
ggml_backend_cuda_graph_compute: CUDA graph warmup reset
ggml_backend_cuda_graph_compute: CUDA graph warmup reset
ggml_backend_cuda_graph_compute: CUDA graph warmup reset
ggml_backend_cuda_graph_compute: CUDA graph warmup reset
ggml_backend_cuda_graph_compute: CUDA graph warmup reset
ggml_backend_cuda_graph_compute: CUDA graph warmup reset
ggml_backend_cuda_graph_compute: CUDA graph warmup complete
ggml_backend_cuda_graph_compute: CUDA graph warmup complete
ggml_backend_cuda_graph_compute: CUDA graph warmup complete
ggml_backend_cuda_graph_compute: CUDA graph warmup complete
ggml_backend_cuda_graph_compute: CUDA graph warmup complete
ggml_backend_cuda_graph_compute: CUDA graph warmup complete
ggml_backend_cuda_graph_compute: CUDA graph warmup complete
ggml_backend_cuda_graph_compute: CUDA graph warmup complete
ggml_backend_cuda_graph_compute: CUDA graph warmup complete
ggml_backend_cuda_graph_compute: CUDA graph warmup complete
ggml_backend_cuda_graph_compute: CUDA graph warmup complete
ggml_backend_cuda_graph_compute: CUDA graph warmup complete
ggml_backend_cuda_graph_compute: CUDA graph warmup complete
ggml_backend_cuda_graph_compute: CUDA graph warmup complete
ggml_backend_cuda_graph_compute: CUDA graph warmup complete
ggml_backend_cuda_graph_compute: CUDA graph warmup complete
ggml_backend_cuda_graph_compute: CUDA graph warmup complete
ggml_backend_cuda_graph_compute: CUDA graph warmup complete
ggml_backend_cuda_graph_compute: CUDA graph warmup complete
ggml_backend_cuda_graph_compute: CUDA graph warmup complete
ggml_backend_cuda_graph_compute: CUDA graph warmup complete
ggml_backend_cuda_graph_compute: CUDA graph warmup complete
ggml_backend_cuda_graph_compute: CUDA graph warmup complete
ggml_backend_cuda_graph_compute: CUDA graph warmup complete
ggml_backend_cuda_graph_compute: CUDA graph warmup complete
ggml_backend_cuda_graph_compute: CUDA graph warmup complete
ggml_backend_cuda_graph_compute: CUDA graph warmup complete
ggml_backend_cuda_graph_compute: CUDA graph warmup complete
ggml_backend_cuda_graph_compute: CUDA graph warmup complete
ggml_backend_cuda_graph_compute: CUDA graph warmup complete
ggml_backend_cuda_graph_compute: CUDA graph warmup complete
ggml_backend_cuda_graph_compute: CUDA graph warmup complete
ggml_backend_cuda_graph_compute: CUDA graph warmup complete
ggml_backend_cuda_graph_compute: CUDA graph warmup complete
ggml_backend_cuda_graph_compute: CUDA graph warmup complete
ggml_backend_cuda_graph_compute: CUDA graph warmup complete
ggml_backend_cuda_graph_compute: CUDA graph warmup complete
ggml_backend_cuda_graph_compute: CUDA graph warmup complete
ggml_backend_cuda_graph_compute: CUDA graph warmup complete
ggml_backend_cuda_graph_compute: CUDA graph warmup complete
ggml_backend_cuda_graph_compute: CUDA graph warmup complete
ggml_backend_cuda_graph_compute: CUDA graph warmup complete
ggml_backend_cuda_graph_compute: CUDA graph warmup complete
ggml_backend_cuda_graph_compute: CUDA graph warmup complete
ggml_backend_cuda_graph_compute: CUDA graph warmup complete
ggml_backend_cuda_graph_compute: CUDA graph warmup complete
ggml_backend_cuda_graph_compute: CUDA graph warmup complete
ggml_backend_cuda_graph_compute: CUDA graph warmup complete
ggml_backend_cuda_graph_compute: CUDA graph warmup complete
ggml_backend_cuda_graph_compute: CUDA graph warmup complete
ggml_backend_cuda_graph_compute: CUDA graph warmup complete
ggml_backend_cuda_graph_compute: CUDA graph warmup complete
ggml_backend_cuda_graph_compute: CUDA graph warmup complete
ggml_backend_cuda_graph_compute: CUDA graph warmup complete
ggml_backend_cuda_graph_compute: CUDA graph warmup complete
ggml_backend_cuda_graph_compute: CUDA graph warmup complete
ggml_backend_cuda_graph_compute: CUDA graph warmup complete
decode 1408/2048decode 1472/2048decode 1536/2048decode 1600/2048ggml_backend_cuda_graph_compute: CUDA graph warmup reset
ggml_backend_cuda_graph_compute: CUDA graph warmup reset
ggml_backend_cuda_graph_compute: CUDA graph warmup reset
ggml_backend_cuda_graph_compute: CUDA graph warmup reset
ggml_backend_cuda_graph_compute: CUDA graph warmup reset
ggml_backend_cuda_graph_compute: CUDA graph warmup reset
ggml_backend_cuda_graph_compute: CUDA graph warmup reset
ggml_backend_cuda_graph_compute: CUDA graph warmup reset
ggml_backend_cuda_graph_compute: CUDA graph warmup reset
ggml_backend_cuda_graph_compute: CUDA graph warmup reset
ggml_backend_cuda_graph_compute: CUDA graph warmup reset
ggml_backend_cuda_graph_compute: CUDA graph warmup reset
ggml_backend_cuda_graph_compute: CUDA graph warmup reset
ggml_backend_cuda_graph_compute: CUDA graph warmup reset
ggml_backend_cuda_graph_compute: CUDA graph warmup reset
ggml_backend_cuda_graph_compute: CUDA graph warmup reset
ggml_backend_cuda_graph_compute: CUDA graph warmup reset
ggml_backend_cuda_graph_compute: CUDA graph warmup reset
ggml_backend_cuda_graph_compute: CUDA graph warmup reset
ggml_backend_cuda_graph_compute: CUDA graph warmup reset
ggml_backend_cuda_graph_compute: CUDA graph warmup reset
ggml_backend_cuda_graph_compute: CUDA graph warmup reset
ggml_backend_cuda_graph_compute: CUDA graph warmup reset
ggml_backend_cuda_graph_compute: CUDA graph warmup reset
ggml_backend_cuda_graph_compute: CUDA graph warmup reset
ggml_backend_cuda_graph_compute: CUDA graph warmup reset
ggml_backend_cuda_graph_compute: CUDA graph warmup reset
ggml_backend_cuda_graph_compute: CUDA graph warmup reset
ggml_backend_cuda_graph_compute: CUDA graph warmup reset
ggml_backend_cuda_graph_compute: CUDA graph warmup reset
ggml_backend_cuda_graph_compute: CUDA graph warmup reset
ggml_backend_cuda_graph_compute: CUDA graph warmup reset
ggml_backend_cuda_graph_compute: CUDA graph warmup reset
ggml_backend_cuda_graph_compute: CUDA graph warmup reset
ggml_backend_cuda_graph_compute: CUDA graph warmup reset
ggml_backend_cuda_graph_compute: CUDA graph warmup reset
ggml_backend_cuda_graph_compute: CUDA graph warmup reset
ggml_backend_cuda_graph_compute: CUDA graph warmup reset
ggml_backend_cuda_graph_compute: CUDA graph warmup reset
ggml_backend_cuda_graph_compute: CUDA graph warmup reset
ggml_backend_cuda_graph_compute: CUDA graph warmup reset
ggml_backend_cuda_graph_compute: CUDA graph warmup reset
ggml_backend_cuda_graph_compute: CUDA graph warmup reset
ggml_backend_cuda_graph_compute: CUDA graph warmup reset
ggml_backend_cuda_graph_compute: CUDA graph warmup reset
ggml_backend_cuda_graph_compute: CUDA graph warmup reset
ggml_backend_cuda_graph_compute: CUDA graph warmup reset
ggml_backend_cuda_graph_compute: CUDA graph warmup reset
ggml_backend_cuda_graph_compute: CUDA graph warmup reset
ggml_backend_cuda_graph_compute: CUDA graph warmup reset
ggml_backend_cuda_graph_compute: CUDA graph warmup reset
ggml_backend_cuda_graph_compute: CUDA graph warmup reset
ggml_backend_cuda_graph_compute: CUDA graph warmup reset
ggml_backend_cuda_graph_compute: CUDA graph warmup reset
ggml_backend_cuda_graph_compute: CUDA graph warmup reset
ggml_backend_cuda_graph_compute: CUDA graph warmup reset
ggml_backend_cuda_graph_compute: CUDA graph warmup reset
ggml_backend_cuda_graph_compute: CUDA graph warmup complete
ggml_backend_cuda_graph_compute: CUDA graph warmup complete
ggml_backend_cuda_graph_compute: CUDA graph warmup complete
ggml_backend_cuda_graph_compute: CUDA graph warmup complete
ggml_backend_cuda_graph_compute: CUDA graph warmup complete
ggml_backend_cuda_graph_compute: CUDA graph warmup complete
ggml_backend_cuda_graph_compute: CUDA graph warmup complete
ggml_backend_cuda_graph_compute: CUDA graph warmup complete
ggml_backend_cuda_graph_compute: CUDA graph warmup complete
ggml_backend_cuda_graph_compute: CUDA graph warmup complete
ggml_backend_cuda_graph_compute: CUDA graph warmup complete
ggml_backend_cuda_graph_compute: CUDA graph warmup complete
ggml_backend_cuda_graph_compute: CUDA graph warmup complete
ggml_backend_cuda_graph_compute: CUDA graph warmup complete
ggml_backend_cuda_graph_compute: CUDA graph warmup complete
ggml_backend_cuda_graph_compute: CUDA graph warmup complete
ggml_backend_cuda_graph_compute: CUDA graph warmup complete
ggml_backend_cuda_graph_compute: CUDA graph warmup complete
ggml_backend_cuda_graph_compute: CUDA graph warmup complete
ggml_backend_cuda_graph_compute: CUDA graph warmup complete
ggml_backend_cuda_graph_compute: CUDA graph warmup complete
ggml_backend_cuda_graph_compute: CUDA graph warmup complete
ggml_backend_cuda_graph_compute: CUDA graph warmup complete
ggml_backend_cuda_graph_compute: CUDA graph warmup complete
ggml_backend_cuda_graph_compute: CUDA graph warmup complete
ggml_backend_cuda_graph_compute: CUDA graph warmup complete
ggml_backend_cuda_graph_compute: CUDA graph warmup complete
ggml_backend_cuda_graph_compute: CUDA graph warmup complete
ggml_backend_cuda_graph_compute: CUDA graph warmup complete
ggml_backend_cuda_graph_compute: CUDA graph warmup complete
ggml_backend_cuda_graph_compute: CUDA graph warmup complete
ggml_backend_cuda_graph_compute: CUDA graph warmup complete
ggml_backend_cuda_graph_compute: CUDA graph warmup complete
ggml_backend_cuda_graph_compute: CUDA graph warmup complete
ggml_backend_cuda_graph_compute: CUDA graph warmup complete
ggml_backend_cuda_graph_compute: CUDA graph warmup complete
ggml_backend_cuda_graph_compute: CUDA graph warmup complete
ggml_backend_cuda_graph_compute: CUDA graph warmup complete
ggml_backend_cuda_graph_compute: CUDA graph warmup complete
ggml_backend_cuda_graph_compute: CUDA graph warmup complete
ggml_backend_cuda_graph_compute: CUDA graph warmup complete
ggml_backend_cuda_graph_compute: CUDA graph warmup complete
ggml_backend_cuda_graph_compute: CUDA graph warmup complete
ggml_backend_cuda_graph_compute: CUDA graph warmup complete
ggml_backend_cuda_graph_compute: CUDA graph warmup complete
ggml_backend_cuda_graph_compute: CUDA graph warmup complete
ggml_backend_cuda_graph_compute: CUDA graph warmup complete
ggml_backend_cuda_graph_compute: CUDA graph warmup complete
ggml_backend_cuda_graph_compute: CUDA graph warmup complete
ggml_backend_cuda_graph_compute: CUDA graph warmup complete
ggml_backend_cuda_graph_compute: CUDA graph warmup complete
ggml_backend_cuda_graph_compute: CUDA graph warmup complete
ggml_backend_cuda_graph_compute: CUDA graph warmup complete
ggml_backend_cuda_graph_compute: CUDA graph warmup complete
ggml_backend_cuda_graph_compute: CUDA graph warmup complete
ggml_backend_cuda_graph_compute: CUDA graph warmup complete
ggml_backend_cuda_graph_compute: CUDA graph warmup complete
decode 1664/2048decode 1728/2048decode 1792/2048decode 1856/2048ggml_backend_cuda_graph_compute: CUDA graph warmup reset
ggml_backend_cuda_graph_compute: CUDA graph warmup reset
ggml_backend_cuda_graph_compute: CUDA graph warmup reset
ggml_backend_cuda_graph_compute: CUDA graph warmup reset
ggml_backend_cuda_graph_compute: CUDA graph warmup reset
ggml_backend_cuda_graph_compute: CUDA graph warmup reset
ggml_backend_cuda_graph_compute: CUDA graph warmup reset
ggml_backend_cuda_graph_compute: CUDA graph warmup reset
ggml_backend_cuda_graph_compute: CUDA graph warmup reset
ggml_backend_cuda_graph_compute: CUDA graph warmup reset
ggml_backend_cuda_graph_compute: CUDA graph warmup reset
ggml_backend_cuda_graph_compute: CUDA graph warmup reset
ggml_backend_cuda_graph_compute: CUDA graph warmup reset
ggml_backend_cuda_graph_compute: CUDA graph warmup reset
ggml_backend_cuda_graph_compute: CUDA graph warmup reset
ggml_backend_cuda_graph_compute: CUDA graph warmup reset
ggml_backend_cuda_graph_compute: CUDA graph warmup reset
ggml_backend_cuda_graph_compute: CUDA graph warmup reset
ggml_backend_cuda_graph_compute: CUDA graph warmup reset
ggml_backend_cuda_graph_compute: CUDA graph warmup reset
ggml_backend_cuda_graph_compute: CUDA graph warmup reset
ggml_backend_cuda_graph_compute: CUDA graph warmup reset
ggml_backend_cuda_graph_compute: CUDA graph warmup reset
ggml_backend_cuda_graph_compute: CUDA graph warmup reset
ggml_backend_cuda_graph_compute: CUDA graph warmup reset
ggml_backend_cuda_graph_compute: CUDA graph warmup reset
ggml_backend_cuda_graph_compute: CUDA graph warmup reset
ggml_backend_cuda_graph_compute: CUDA graph warmup reset
ggml_backend_cuda_graph_compute: CUDA graph warmup reset
ggml_backend_cuda_graph_compute: CUDA graph warmup reset
ggml_backend_cuda_graph_compute: CUDA graph warmup reset
ggml_backend_cuda_graph_compute: CUDA graph warmup reset
ggml_backend_cuda_graph_compute: CUDA graph warmup reset
ggml_backend_cuda_graph_compute: CUDA graph warmup reset
ggml_backend_cuda_graph_compute: CUDA graph warmup reset
ggml_backend_cuda_graph_compute: CUDA graph warmup reset
ggml_backend_cuda_graph_compute: CUDA graph warmup reset
ggml_backend_cuda_graph_compute: CUDA graph warmup reset
ggml_backend_cuda_graph_compute: CUDA graph warmup reset
ggml_backend_cuda_graph_compute: CUDA graph warmup reset
ggml_backend_cuda_graph_compute: CUDA graph warmup reset
ggml_backend_cuda_graph_compute: CUDA graph warmup reset
ggml_backend_cuda_graph_compute: CUDA graph warmup reset
ggml_backend_cuda_graph_compute: CUDA graph warmup reset
ggml_backend_cuda_graph_compute: CUDA graph warmup reset
ggml_backend_cuda_graph_compute: CUDA graph warmup reset
ggml_backend_cuda_graph_compute: CUDA graph warmup reset
ggml_backend_cuda_graph_compute: CUDA graph warmup reset
ggml_backend_cuda_graph_compute: CUDA graph warmup reset
ggml_backend_cuda_graph_compute: CUDA graph warmup reset
ggml_backend_cuda_graph_compute: CUDA graph warmup reset
ggml_backend_cuda_graph_compute: CUDA graph warmup reset
ggml_backend_cuda_graph_compute: CUDA graph warmup reset
ggml_backend_cuda_graph_compute: CUDA graph warmup reset
ggml_backend_cuda_graph_compute: CUDA graph warmup reset
ggml_backend_cuda_graph_compute: CUDA graph warmup reset
ggml_backend_cuda_graph_compute: CUDA graph warmup reset
ggml_backend_cuda_graph_compute: CUDA graph warmup complete
ggml_backend_cuda_graph_compute: CUDA graph warmup complete
ggml_backend_cuda_graph_compute: CUDA graph warmup complete
ggml_backend_cuda_graph_compute: CUDA graph warmup complete
ggml_backend_cuda_graph_compute: CUDA graph warmup complete
ggml_backend_cuda_graph_compute: CUDA graph warmup complete
ggml_backend_cuda_graph_compute: CUDA graph warmup complete
ggml_backend_cuda_graph_compute: CUDA graph warmup complete
ggml_backend_cuda_graph_compute: CUDA graph warmup complete
ggml_backend_cuda_graph_compute: CUDA graph warmup complete
ggml_backend_cuda_graph_compute: CUDA graph warmup complete
ggml_backend_cuda_graph_compute: CUDA graph warmup complete
ggml_backend_cuda_graph_compute: CUDA graph warmup complete
ggml_backend_cuda_graph_compute: CUDA graph warmup complete
ggml_backend_cuda_graph_compute: CUDA graph warmup complete
ggml_backend_cuda_graph_compute: CUDA graph warmup complete
ggml_backend_cuda_graph_compute: CUDA graph warmup complete
ggml_backend_cuda_graph_compute: CUDA graph warmup complete
ggml_backend_cuda_graph_compute: CUDA graph warmup complete
ggml_backend_cuda_graph_compute: CUDA graph warmup complete
ggml_backend_cuda_graph_compute: CUDA graph warmup complete
ggml_backend_cuda_graph_compute: CUDA graph warmup complete
ggml_backend_cuda_graph_compute: CUDA graph warmup complete
ggml_backend_cuda_graph_compute: CUDA graph warmup complete
ggml_backend_cuda_graph_compute: CUDA graph warmup complete
ggml_backend_cuda_graph_compute: CUDA graph warmup complete
ggml_backend_cuda_graph_compute: CUDA graph warmup complete
ggml_backend_cuda_graph_compute: CUDA graph warmup complete
ggml_backend_cuda_graph_compute: CUDA graph warmup complete
ggml_backend_cuda_graph_compute: CUDA graph warmup complete
ggml_backend_cuda_graph_compute: CUDA graph warmup complete
ggml_backend_cuda_graph_compute: CUDA graph warmup complete
ggml_backend_cuda_graph_compute: CUDA graph warmup complete
ggml_backend_cuda_graph_compute: CUDA graph warmup complete
ggml_backend_cuda_graph_compute: CUDA graph warmup complete
ggml_backend_cuda_graph_compute: CUDA graph warmup complete
ggml_backend_cuda_graph_compute: CUDA graph warmup complete
ggml_backend_cuda_graph_compute: CUDA graph warmup complete
ggml_backend_cuda_graph_compute: CUDA graph warmup complete
ggml_backend_cuda_graph_compute: CUDA graph warmup complete
ggml_backend_cuda_graph_compute: CUDA graph warmup complete
ggml_backend_cuda_graph_compute: CUDA graph warmup complete
ggml_backend_cuda_graph_compute: CUDA graph warmup complete
ggml_backend_cuda_graph_compute: CUDA graph warmup complete
ggml_backend_cuda_graph_compute: CUDA graph warmup complete
ggml_backend_cuda_graph_compute: CUDA graph warmup complete
ggml_backend_cuda_graph_compute: CUDA graph warmup complete
ggml_backend_cuda_graph_compute: CUDA graph warmup complete
ggml_backend_cuda_graph_compute: CUDA graph warmup complete
ggml_backend_cuda_graph_compute: CUDA graph warmup complete
ggml_backend_cuda_graph_compute: CUDA graph warmup complete
ggml_backend_cuda_graph_compute: CUDA graph warmup complete
ggml_backend_cuda_graph_compute: CUDA graph warmup complete
ggml_backend_cuda_graph_compute: CUDA graph warmup complete
ggml_backend_cuda_graph_compute: CUDA graph warmup complete
ggml_backend_cuda_graph_compute: CUDA graph warmup complete
ggml_backend_cuda_graph_compute: CUDA graph warmup complete
decode 1920/2048decode 1984/2048decode 2048/2048
decode 77.4 s (26.45 tok/s with tracing syncs)
wrote wtrace_d131000.*
~llama_context:      CUDA0 compute buffer size is 2218.2815 MiB, matches expectation of 2218.2815 MiB
~llama_context:  CUDA_Host compute buffer size is 843.0723 MiB, matches expectation of 843.0723 MiB

== llama-bench ubatch sweep, no mmap (13:40:33)
ggml_cuda_init: found 1 CUDA devices (Total VRAM: 15840 MiB):
  Device 0: NVIDIA GeForce RTX 5080, compute capability 12.0, VMM: yes, VRAM: 15840 MiB
error: invalid parameter for argument: -mmp
usage: $LLAMA_CPP/build/bin/llama-bench [options]

options:
  -h, --help
  --version                                   show version and build info
  --numa <distribute|isolate|numactl>         numa mode (default: disabled)
  -r, --repetitions <n>                       number of times to repeat each test (default: 5)
  --prio <-1|0|1|2|3>                         process/thread priority (default: 0)
  --delay <0...N> (seconds)                   delay between each test (default: 0)
  -o, --output <csv|json|jsonl|md|sql>        output format printed to stdout (default: md)
  -oe, --output-err <csv|json|jsonl|md|sql>   output format printed to stderr (default: none)
  --list-devices                              list available devices and exit
  -v, --verbose                               verbose output
  --progress                                  print test progress indicators
  --no-warmup                                 skip warmup runs before benchmarking
  -fitt, --fit-target <MiB>                   fit model to device memory with this margin per device in MiB (default: off)
  -fitc, --fit-ctx <n>                        minimum ctx size for --fit-target (default: 4096)

test parameters:
  -m, --model <filename>                            (default: models/7B/ggml-model-q4_0.gguf)
  -hf, -hfr, --hf-repo <user>/<model>[:quant]       Hugging Face model repository; quant is optional, case-insensitive
                                                    default to Q4_K_M, or falls back to the first file in the repo if Q4_K_M doesn't exist.
                                                    example: ggml-org/GLM-4.7-Flash-GGUF:Q4_K_M
                                                    (default: unused)
  -hff, --hf-file <file>                            Hugging Face model file. If specified, it will override the quant in --hf-repo
                                                    (default: unused)
  -hft, --hf-token <token>                          Hugging Face access token
                                                    (default: value from HF_TOKEN environment variable)
  --offline                                         Offline mode: forces use of cache, prevents network access
                                                    (default: disabled)
  -p, --n-prompt <n>                                (default: 512)
  -n, --n-gen <n>                                   (default: 128)
  -pg <pp,tg>                                       (default: )
  -d, --n-depth <n>                                 (default: 0)
  -b, --batch-size <n>                              (default: 2048)
  -ub, --ubatch-size <n>                            (default: 512)
  -ctk, --cache-type-k <t>                          (default: f16)
  -ctv, --cache-type-v <t>                          (default: f16)
  -t, --threads <n>                                 (default: 12)
  -C, --cpu-mask <hex,hex>                          (default: 0x0)
  --cpu-strict <0|1>                                (default: 0)
  --poll <0...100>                                  (default: 50)
  -ngl, --n-gpu-layers <n>                          (default: -1)
  -ncmoe, --n-cpu-moe <n>                           (default: 0)
  -sm, --split-mode <none|layer|row|tensor>         (default: layer)
  -mg, --main-gpu <i>                               (default: 0)
  -nkvo, --no-kv-offload <0|1>                      (default: 0)
  -fa, --flash-attn <on|off|auto>                   (default: auto)
  -dev, --device <dev0/dev1/...>                    (default: auto)
  -lm, --load-mode <auto|none|mmap|mlock|mmap+mlock|dio> (default: auto)
  -lzm, --lazy-mode <on|auto|off>                   (default: auto)
  -embd, --embeddings <0|1>                         (default: 0)
  -ts, --tensor-split <ts0/ts1/..>                  (default: 0)
  -ot --override-tensor <tensor name pattern>=<buffer type>;...
                                                    (default: disabled)
  -nopo, --no-op-offload <0|1>                      (default: 0)
  --no-host <0|1>                                   (default: 0)

Multiple values can be given for each parameter by separating them with ','
or by specifying the parameter multiple times. Ranges can be given as
'first-last' or 'first-last+step' or 'first-last*mult'.

== strata wikitext (13:40:34)
P0B-strata-wiki-greedy       depth    1000 | prefill   538.1 t/s (1000 new) | decode  86.18 t/s wall,  85.63 engine | gen 301 stop | vram_max 15571
P0B-strata-wiki-greedy       depth   32000 | prefill   682.6 t/s (32000 new) | decode   87.0 t/s wall,  86.86 engine | gen 384 length | vram_max 15571
P0B-strata-wiki-greedy       depth  131000 | prefill   822.5 t/s (131000 new) | decode 100.76 t/s wall, 100.51 engine | gen 384 length | vram_max 15571
SUMMARY {"label": "P0B-strata-wiki-greedy", "load_s": 26.9, "ready": "READY 262144 stop", "vram_peak_mib": 15571, "rows": [{"depth": 1000, "generated": 301, "ttft_s": 1.89, "decode_wall_tps": 86.18, "decode_engine_tps": 85.63, "prefill_engine_tps": 538.1, "engine": {"generated": 301, "prompt_tokens": 1000, "prompt_ms": 1858.4, "decode_ms": 3515.1, "finish": "stop"}, "out_ids": [2500, 310, 68239, 15083, 539, 26973, 627, 423, 81521, 641, 2500, 310, 68239, 557, 10345, 506, 13676, 25385, 303, 279, 6924, 81297, 314, 462, 40667, 42228, 321, 45868, 5429, 641, 733, 264, 3286, 364, 561, 12998, 47173, 1116, 9451, 14496, 33958, 7246, 211388, 455, 359, 82, 4906, 430, 1116, 328, 264, 6699, 4906, 864, 384, 47612, 279, 20684, 314, 264, 3777, 855, 1602, 50459, 1083, 279, 1814, 314, 42337, 539, 780, 777, 10015, 22053, 641, 328, 695, 733, 220, 17, 15, 15, 23, 1116, 211388, 455, 56276, 303, 1330, 11998, 1116, 5870, 4009, 4734, 29219, 539, 54348, 11751, 1900, 160255, 1116, 321, 4179, 767, 51388, 15083, 539, 11620, 391, 85310, 641, 211388, 455, 56276, 430, 328, 31731, 328, 303, 5870, 4009, 4734, 29219, 1116, 264, 3542, 852, 1116, 3055, 440, 2250, 975, 2859, 1116, 897, 1234, 264, 12797, 314, 5333, 25363, 641, 733, 4179, 767, 51388, 1116, 211388, 455, 6141, 328, 36547, 328, 1116, 799, 314, 2943, 3777, 2859, 852, 5099, 9608, 641, 733, 3114, 220, 17, 15, 15, 23, 1116, 211388, 455, 1801, 264, 8376, 10771, 383, 264, 1330, 554, 12, 31, 919, 8961, 15123, 314, 279, 12069, 3878, 457, 1703, 279, 14585, 1116, 24062, 328, 733, 279, 3855, 314, 279, 19705, 328, 641, 1216, 9434, 383, 279, 12069, 3878, 27836, 82442, 303, 6492, 220, 17, 15, 15, 23, 1116, 430, 328, 7124, 328, 303, 279, 8961, 328, 22900, 345, 1081, 328, 641, 1216, 995, 264, 43741, 3364, 303, 5600, 17240, 314, 279, 12069, 3878, 47189, 1816, 303, 220, 17, 15, 16, 15, 1116, 430, 328, 710, 38201, 65770, 328, 641, 211388, 455, 56276, 303, 279, 220, 17, 15, 16, 16, 4383, 23413, 81365, 15083, 539, 11751, 1900, 160255, 641, 30858, 695, 283, 283, 18627, 2199, 283, 283, 30858, 211388, 455, 6107, 303, 462, 40667, 42228, 1116, 6924, 641, 248046]}, {"depth": 32000, "generated": 384, "ttft_s": 46.9, "decode_wall_tps": 87.0, "decode_engine_tps": 86.86, "prefill_engine_tps": 682.6, "engine": {"generated": 384, "prompt_tokens": 32000, "prompt_ms": 46876.5, "decode_ms": 4420.7, "finish": "length"}, "out_ids": [852, 26880, 1116, 1010, 998, 12405, 685, 539, 279, 220, 17, 20, 337, 14074, 641, 695, 25067, 1116, 279, 4634, 15659, 3250, 2272, 279, 220, 24, 337, 62375, 70215, 359, 82, 417, 7931, 383, 7852, 220, 17, 15, 24, 995, 15749, 279, 2724, 494, 1141, 2234, 641, 561, 220, 24, 337, 62375, 70215, 359, 82, 19874, 2724, 1116, 458, 7931, 1116, 557, 3106, 310, 2044, 706, 279, 23198, 641, 1049, 557, 11550, 310, 5372, 1141, 16050, 641, 561, 4634, 67350, 995, 2582, 8379, 91527, 23397, 7852, 321, 4506, 626, 554, 12, 31, 12421, 33072, 641, 695, 2332, 220, 16, 15, 535, 220, 15, 15, 1116, 3146, 35244, 1116, 62168, 5261, 11395, 35244, 1116, 16155, 264, 8782, 1500, 220, 18, 8491, 318, 220, 19, 554, 56490, 220, 23, 12754, 847, 10663, 314, 279, 443, 9619, 626, 10629, 641, 1061, 1500, 10298, 494, 279, 9897, 554, 12, 31, 9514, 5459, 494, 783, 12799, 276, 310, 13860, 38913, 9514, 1550, 310, 279, 443, 9619, 626, 641, 1049, 557, 85283, 539, 279, 69883, 314, 279, 220, 24, 337, 62375, 70215, 359, 82, 7896, 641, 561, 4634, 67350, 10530, 17958, 1116, 321, 279, 220, 24, 337, 62375, 557, 303, 18684, 440, 1141, 14218, 8782, 18869, 16155, 641, 35244, 557, 11322, 421, 279, 4634, 67350, 1000, 4970, 3799, 279, 783, 12799, 276, 554, 12, 31, 13860, 38913, 5459, 321, 51398, 279, 2201, 220, 17, 302, 14074, 641, 695, 2332, 220, 16, 16, 535, 220, 15, 15, 1116, 6362, 11716, 3106, 279, 1483, 12436, 19874, 1116, 279, 220, 17, 302, 71136, 1116, 220, 17, 302, 27458, 34790, 71136, 1116, 310, 783, 12799, 276, 641, 2332, 220, 16, 17, 535, 220, 15, 15, 1116, 6362, 11716, 11128, 35244, 310, 3222, 279, 12436, 10173, 10663, 314, 279, 91527, 23397, 7852, 554, 12, 31, 4506, 626, 554, 12, 31, 12421, 33072, 1500, 1116, 80097, 430, 5689, 310, 5190, 4634, 15659, 42058, 310, 279, 783, 12799, 276, 554, 12, 31, 13860, 38913, 5459, 9897, 314, 783, 12799, 276, 641, 6362, 11716, 4674, 310, 5827, 279, 1822, 7892, 5832, 310, 279, 10663, 321, 279, 12436, 14218, 2982, 641, 695, 2332, 220, 16, 18, 535, 220, 15, 15, 1116, 279, 220, 17, 302, 27458, 71136, 8379, 783, 12799, 276, 641, 2332, 220, 16, 19, 535, 220, 15, 15, 1116, 35244, 11128, 279, 87304, 310, 3166, 310, 91527]}, {"depth": 131000, "generated": 384, "ttft_s": 159.32, "decode_wall_tps": 100.76, "decode_engine_tps": 100.51, "prefill_engine_tps": 822.5, "engine": {"generated": 384, "prompt_tokens": 131000, "prompt_ms": 159273.8, "decode_ms": 3820.5, "finish": "length"}, "out_ids": [279, 8323, 14426, 852, 8209, 303, 279, 7796, 641, 695, 733, 220, 16, 24, 15, 20, 1116, 279, 220, 16, 15, 15, 337, 20921, 314, 279, 7796, 557, 26310, 303, 279, 163282, 2770, 32469, 641, 733, 220, 16, 24, 15, 21, 1116, 279, 28651, 977, 554, 12, 31, 33361, 38712, 12893, 63587, 264, 36665, 310, 279, 7796, 641, 733, 220, 16, 24, 16, 18, 1116, 279, 55064, 6079, 63587, 264, 36665, 310, 4855, 22950, 641, 733, 220, 16, 24, 18, 15, 1116, 279, 28651, 977, 554, 12, 31, 33361, 38712, 12893, 63587, 264, 36665, 310, 279, 7796, 641, 733, 220, 16, 24, 20, 20, 1116, 279, 220, 16, 20, 15, 337, 20921, 314, 279, 7796, 557, 26310, 303, 279, 163282, 2770, 32469, 641, 733, 220, 16, 24, 21, 15, 1116, 279, 28651, 977, 554, 12, 31, 33361, 38712, 12893, 63587, 264, 36665, 310, 279, 7796, 641, 733, 220, 16, 24, 22, 20, 1116, 279, 28651, 977, 554, 12, 31, 33361, 38712, 12893, 63587, 264, 36665, 310, 279, 7796, 641, 733, 220, 16, 24, 23, 15, 1116, 279, 28651, 977, 554, 12, 31, 33361, 38712, 12893, 63587, 264, 36665, 310, 279, 7796, 641, 733, 220, 16, 24, 23, 20, 1116, 279, 220, 16, 23, 15, 337, 20921, 314, 279, 7796, 557, 26310, 303, 279, 163282, 2770, 32469, 641, 733, 220, 16, 24, 24, 15, 1116, 279, 28651, 977, 554, 12, 31, 33361, 38712, 12893, 63587, 264, 36665, 310, 279, 7796, 641, 733, 220, 16, 24, 24, 20, 1116, 279, 220, 16, 24, 15, 337, 20921, 314, 279, 7796, 557, 26310, 303, 279, 163282, 2770, 32469, 641, 733, 220, 17, 15, 15, 15, 1116, 279, 28651, 977, 554, 12, 31, 33361, 38712, 12893, 63587, 264, 36665, 310, 279, 7796, 641, 733, 220, 17, 15, 15, 20, 1116, 279, 220, 17, 15, 15, 337, 20921, 314, 279, 7796, 557, 26310, 303, 279, 163282, 2770, 32469, 641, 733, 220, 17, 15, 16, 15, 1116, 279, 28651, 977, 554, 12, 31, 33361, 38712, 12893, 63587, 264, 36665, 310, 279, 7796, 641, 733, 220, 17, 15, 16, 20, 1116, 279, 220, 17, 16, 15, 337, 20921, 314, 279, 7796, 557, 26310, 303, 279, 163282, 2770, 32469, 641, 30858, 695, 283, 220, 17, 15, 16, 16, 4006, 16, 17, 15541, 26074, 3098, 283, 30858, 561, 220, 17, 15, 16, 16, 1317]}]}
P0B-strata-wiki-stats        depth    1000 | prefill   534.9 t/s (1000 new) | decode  83.25 t/s wall,  82.53 engine | gen 224 stop | vram_max 15571
P0B-strata-wiki-stats        depth   32000 | prefill   684.1 t/s (32000 new) | decode  85.76 t/s wall,  85.58 engine | gen 384 length | vram_max 15571
SUMMARY {"label": "P0B-strata-wiki-stats", "load_s": 24.8, "ready": "READY 262144 stop", "vram_peak_mib": 15571, "rows": [{"depth": 1000, "generated": 224, "ttft_s": 1.91, "decode_wall_tps": 83.25, "decode_engine_tps": 82.53, "prefill_engine_tps": 534.9, "engine": {"generated": 224, "prompt_tokens": 1000, "prompt_ms": 1869.5, "decode_ms": 2714.2, "finish": "stop"}, "out_ids": [2500, 310, 68239, 15083, 539, 26973, 627, 423, 81521, 641, 2500, 310, 68239, 557, 10345, 506, 13676, 25385, 303, 279, 6924, 81297, 314, 462, 40667, 42228, 321, 45868, 5429, 641, 733, 264, 3286, 364, 561, 12998, 47173, 1116, 9451, 14496, 33958, 7246, 211388, 455, 359, 82, 4906, 430, 1116, 328, 264, 6699, 4906, 864, 384, 47612, 279, 6437, 314, 264, 3777, 855, 29592, 303, 264, 3370, 314, 638, 554, 12, 31, 750, 42119, 641, 328, 695, 211388, 455, 56276, 303, 1330, 11998, 303, 220, 17, 15, 15, 23, 1116, 5870, 4009, 4734, 29219, 539, 54348, 11751, 1900, 160255, 1116, 321, 4179, 767, 51388, 15083, 539, 11620, 391, 85310, 641, 733, 3114, 220, 17, 15, 15, 23, 1116, 211388, 455, 1801, 264, 8376, 10771, 383, 264, 1330, 554, 12, 31, 919, 8961, 15123, 314, 279, 12069, 3878, 457, 1703, 279, 14585, 1116, 7854, 539, 449, 10771, 383, 279, 12069, 3878, 27836, 82442, 303, 6492, 220, 17, 15, 15, 23, 641, 1216, 995, 264, 43741, 3364, 303, 5600, 17240, 314, 279, 12069, 3878, 47189, 1816, 303, 220, 17, 15, 16, 15, 1116, 430, 328, 710, 38201, 65770, 328, 641, 211388, 455, 56276, 303, 279, 220, 17, 15, 16, 16, 4383, 23413, 81365, 15083, 539, 11751, 1900, 160255, 641, 30858, 283, 283, 18627, 2199, 283, 283, 30858, 211388, 455, 369, 11876, 310, 22914, 42610, 16290, 641, 248046]}, {"depth": 32000, "generated": 384, "ttft_s": 46.81, "decode_wall_tps": 85.76, "decode_engine_tps": 85.58, "prefill_engine_tps": 684.1, "engine": {"generated": 384, "prompt_tokens": 32000, "prompt_ms": 46778.4, "decode_ms": 4487.2, "finish": "length"}, "out_ids": [852, 26880, 1116, 1010, 998, 12405, 685, 539, 279, 220, 17, 20, 337, 14074, 641, 695, 25067, 1116, 279, 4634, 15659, 3250, 383, 279, 220, 24, 337, 62375, 70215, 995, 6507, 279, 71908, 303, 1330, 641, 561, 220, 16, 267, 71136, 1116, 2599, 357, 7931, 1116, 557, 3799, 974, 9897, 314, 279, 443, 9619, 626, 641, 561, 220, 18, 6295, 71136, 1116, 864, 995, 978, 303, 12436, 19874, 1116, 557, 10839, 310, 279, 4226, 303, 279, 3988, 6353, 3979, 641, 1049, 557, 11128, 310, 1831, 264, 21500, 2234, 383, 279, 783, 12799, 276, 5459, 220, 18, 8491, 318, 220, 19, 554, 56490, 220, 23, 12754, 847, 9422, 314, 783, 12799, 276, 641, 561, 220, 18, 6295, 71136, 8379, 411, 2234, 1518, 35915, 321, 41600, 303, 641, 561, 220, 17, 302, 71136, 1116, 864, 995, 978, 303, 71908, 278, 19874, 1116, 557, 11128, 310, 3166, 9897, 310, 4990, 279, 12558, 1881, 279, 220, 24, 337, 321, 220, 17, 18, 6295, 3083, 12198, 641, 1049, 8379, 279, 2982, 303, 279, 12967, 694, 557, 2166, 7234, 310, 3222, 264, 18677, 1500, 2272, 279, 4634, 15659, 5176, 641, 695, 561, 220, 18, 6295, 71136, 1116, 220, 24, 337, 62375, 1116, 557, 17803, 539, 264, 3349, 4634, 15659, 5176, 506, 220, 16, 21, 535, 220, 15, 15, 641, 561, 87304, 5467, 1141, 2234, 2980, 220, 16, 23, 535, 220, 15, 15, 948, 424, 557, 15749, 1142, 310, 264, 55893, 220, 16, 554, 56490, 220, 20, 8491, 318, 220, 17, 554, 56490, 220, 19, 12754, 847, 9422, 314, 783, 12799, 276, 321, 220, 16, 554, 56490, 220, 20, 8491, 318, 220, 17, 554, 56490, 220, 19, 12754, 847, 9897, 314, 279, 783, 12799, 276, 554, 12, 31, 443, 9619, 626, 5459, 641, 695, 3113, 279, 809, 314, 279, 1834, 1116, 279, 4634, 67350, 995, 26164, 279, 443, 9619, 626, 10629, 303, 5176, 1116, 321, 995, 16508, 279, 1496, 4751, 303, 279, 443, 9619, 626, 13108, 689, 641, 561, 2201, 220, 17, 302, 62375, 14074, 557, 6507, 303, 4139, 1116, 321, 279, 4634, 67350, 998, 41647, 383, 783, 12799, 276, 641, 30858, 283, 283, 283, 783, 12799, 276, 283, 283, 283, 30858, 783, 12799, 276, 1116, 264, 2526, 6092, 314, 220, 16, 554, 30095, 220, 15, 15, 15, 1208, 1116, 10641, 383, 279, 1822, 5459, 494, 279, 443, 9619, 626, 10629]}]}
P0B-strata-wiki-prefill4096  depth    1000 | prefill   386.3 t/s (1000 new) | decode   83.6 t/s wall,   82.9 engine | gen 224 stop | vram_max 15571
P0B-strata-wiki-prefill4096  depth   32000 | prefill   762.0 t/s (32000 new) | decode  92.54 t/s wall,  92.31 engine | gen 384 length | vram_max 15571
SUMMARY {"label": "P0B-strata-wiki-prefill4096", "load_s": 24.4, "ready": "READY 262144 stop", "vram_peak_mib": 15571, "rows": [{"depth": 1000, "generated": 224, "ttft_s": 2.63, "decode_wall_tps": 83.6, "decode_engine_tps": 82.9, "prefill_engine_tps": 386.3, "engine": {"generated": 224, "prompt_tokens": 1000, "prompt_ms": 2588.7, "decode_ms": 2702.1, "finish": "stop"}, "out_ids": [2500, 310, 68239, 15083, 539, 26973, 627, 423, 81521, 641, 2500, 310, 68239, 557, 10345, 506, 13676, 25385, 303, 279, 6924, 81297, 314, 462, 40667, 42228, 321, 45868, 5429, 641, 733, 264, 3286, 364, 561, 12998, 47173, 1116, 9451, 14496, 33958, 7246, 211388, 455, 359, 82, 4906, 430, 1116, 328, 264, 6699, 4906, 864, 384, 47612, 279, 6437, 314, 264, 3777, 855, 29592, 303, 264, 3370, 314, 638, 554, 12, 31, 750, 42119, 641, 328, 695, 211388, 455, 56276, 303, 1330, 11998, 303, 220, 17, 15, 15, 23, 1116, 5870, 4009, 4734, 29219, 539, 54348, 11751, 1900, 160255, 1116, 321, 4179, 767, 51388, 15083, 539, 11620, 391, 85310, 641, 733, 3114, 220, 17, 15, 15, 23, 1116, 211388, 455, 1801, 264, 8376, 10771, 383, 264, 1330, 554, 12, 31, 919, 8961, 15123, 314, 279, 12069, 3878, 457, 1703, 279, 14585, 1116, 7854, 539, 449, 10771, 383, 279, 12069, 3878, 27836, 82442, 303, 6492, 220, 17, 15, 15, 23, 641, 1216, 995, 264, 43741, 3364, 303, 5600, 17240, 314, 279, 12069, 3878, 47189, 1816, 303, 220, 17, 15, 16, 15, 1116, 430, 328, 710, 38201, 65770, 328, 641, 211388, 455, 56276, 303, 279, 220, 17, 15, 16, 16, 4383, 23413, 81365, 15083, 539, 11751, 1900, 160255, 641, 30858, 283, 283, 18627, 2199, 283, 283, 30858, 211388, 455, 369, 11876, 310, 22914, 42610, 16290, 641, 248046]}, {"depth": 32000, "generated": 384, "ttft_s": 42.02, "decode_wall_tps": 92.54, "decode_engine_tps": 92.31, "prefill_engine_tps": 762.0, "engine": {"generated": 384, "prompt_tokens": 32000, "prompt_ms": 41992.7, "decode_ms": 4160.0, "finish": "length"}, "out_ids": [852, 26880, 1116, 1010, 998, 12405, 685, 539, 279, 220, 17, 20, 337, 14074, 641, 695, 25067, 1116, 279, 4634, 15659, 3250, 2272, 279, 220, 24, 337, 62375, 70215, 359, 82, 417, 7931, 383, 7852, 220, 17, 15, 24, 995, 15749, 279, 2724, 494, 1141, 2234, 641, 561, 220, 24, 337, 62375, 70215, 359, 82, 19874, 2724, 1116, 458, 7931, 1116, 557, 3106, 310, 2044, 706, 279, 23198, 641, 1049, 557, 11550, 310, 5372, 1141, 16050, 641, 561, 4634, 67350, 995, 2582, 8379, 91527, 23397, 7852, 321, 4506, 626, 554, 12, 31, 12421, 33072, 641, 695, 561, 4634, 67350, 995, 1048, 26164, 279, 14367, 303, 5176, 506, 279, 15220, 1183, 57074, 49813, 321, 998, 6992, 8574, 783, 12799, 276, 641, 3113, 220, 16, 21, 535, 220, 15, 15, 1116, 781, 995, 8379, 279, 67855, 314, 279, 6092, 641, 6362, 11716, 11128, 279, 220, 24, 337, 62375, 70215, 310, 3222, 783, 12799, 276, 641, 561, 71908, 995, 874, 16392, 2420, 310, 635, 748, 641, 6362, 11716, 1179, 11128, 279, 220, 17, 302, 27458, 34790, 71136, 1116, 864, 995, 978, 303, 12436, 19874, 1116, 310, 3166, 310, 783, 12799, 276, 321, 10192, 279, 6092, 641, 561, 23438, 1116, 3658, 440, 592, 346, 5882, 382, 494, 279, 220, 24, 337, 62375, 1116, 41600, 303, 383, 279, 9422, 3008, 314, 6092, 321, 5467, 424, 641, 695, 561, 4634, 67350, 995, 1048, 26164, 279, 14367, 303, 5176, 506, 279, 15220, 1183, 57074, 49813, 321, 998, 6992, 8574, 783, 12799, 276, 641, 3113, 220, 16, 21, 535, 220, 15, 15, 1116, 781, 995, 8379, 279, 67855, 314, 279, 6092, 641, 6362, 11716, 11128, 279, 220, 24, 337, 62375, 70215, 310, 3222, 783, 12799, 276, 641, 561, 71908, 995, 874, 16392, 2420, 310, 635, 748, 641, 6362, 11716, 1179, 11128, 279, 220, 17, 302, 27458, 34790, 71136, 1116, 864, 995, 978, 303, 12436, 19874, 1116, 310, 3166, 310, 783, 12799, 276, 321, 10192, 279, 6092, 641, 561, 23438, 1116, 3658, 440, 592, 346, 5882, 382, 494, 279, 220, 24, 337, 62375, 1116, 41600, 303, 383, 279, 9422, 3008, 314, 6092, 321, 5467, 424, 641, 695, 561, 4634, 67350, 995, 1048, 26164, 279, 14367, 303, 5176, 506, 279, 15220, 1183, 57074, 49813, 321, 998, 6992, 8574, 783, 12799, 276, 641, 3113, 220, 16, 21, 535, 220, 15, 15, 1116, 781, 995, 8379]}]}
P0B-strata-wiki-prefill8192  depth    1000 | prefill   489.9 t/s (1000 new) | decode  81.42 t/s wall,   80.6 engine | gen 224 stop | vram_max 15571
P0B-strata-wiki-prefill8192  depth   32000 | prefill   818.8 t/s (32000 new) | decode  85.35 t/s wall,  85.18 engine | gen 384 length | vram_max 15571
SUMMARY {"label": "P0B-strata-wiki-prefill8192", "load_s": 24.5, "ready": "READY 262144 stop", "vram_peak_mib": 15571, "rows": [{"depth": 1000, "generated": 224, "ttft_s": 2.08, "decode_wall_tps": 81.42, "decode_engine_tps": 80.6, "prefill_engine_tps": 489.9, "engine": {"generated": 224, "prompt_tokens": 1000, "prompt_ms": 2041.2, "decode_ms": 2779.2, "finish": "stop"}, "out_ids": [2500, 310, 68239, 15083, 539, 26973, 627, 423, 81521, 641, 2500, 310, 68239, 557, 10345, 506, 13676, 25385, 303, 279, 6924, 81297, 314, 462, 40667, 42228, 321, 45868, 5429, 641, 733, 264, 3286, 364, 561, 12998, 47173, 1116, 9451, 14496, 33958, 7246, 211388, 455, 359, 82, 4906, 430, 1116, 328, 264, 6699, 4906, 864, 384, 47612, 279, 6437, 314, 264, 3777, 855, 29592, 303, 264, 3370, 314, 638, 554, 12, 31, 750, 42119, 641, 328, 695, 211388, 455, 56276, 303, 1330, 11998, 303, 220, 17, 15, 15, 23, 1116, 5870, 4009, 4734, 29219, 539, 54348, 11751, 1900, 160255, 1116, 321, 4179, 767, 51388, 15083, 539, 11620, 391, 85310, 641, 733, 3114, 220, 17, 15, 15, 23, 1116, 211388, 455, 1801, 264, 8376, 10771, 383, 264, 1330, 554, 12, 31, 919, 8961, 15123, 314, 279, 12069, 3878, 457, 1703, 279, 14585, 1116, 7854, 539, 449, 10771, 383, 279, 12069, 3878, 27836, 82442, 303, 6492, 220, 17, 15, 15, 23, 641, 1216, 995, 264, 43741, 3364, 303, 5600, 17240, 314, 279, 12069, 3878, 47189, 1816, 303, 220, 17, 15, 16, 15, 1116, 430, 328, 710, 38201, 65770, 328, 641, 211388, 455, 56276, 303, 279, 220, 17, 15, 16, 16, 4383, 23413, 81365, 15083, 539, 11751, 1900, 160255, 641, 30858, 283, 283, 18627, 2199, 283, 283, 30858, 211388, 455, 369, 11876, 310, 22914, 42610, 16290, 641, 248046]}, {"depth": 32000, "generated": 384, "ttft_s": 39.11, "decode_wall_tps": 85.35, "decode_engine_tps": 85.18, "prefill_engine_tps": 818.8, "engine": {"generated": 384, "prompt_tokens": 32000, "prompt_ms": 39081.1, "decode_ms": 4508.1, "finish": "length"}, "out_ids": [852, 26880, 1116, 1010, 998, 12405, 685, 539, 279, 220, 17, 20, 337, 14074, 641, 695, 25067, 1116, 279, 4634, 15659, 3250, 2272, 279, 220, 24, 337, 62375, 359, 82, 417, 7931, 383, 7852, 220, 17, 15, 24, 995, 15749, 279, 2724, 494, 1141, 2234, 641, 561, 220, 17, 302, 71136, 1116, 220, 24, 337, 62375, 1116, 995, 978, 303, 19874, 220, 17, 8491, 318, 220, 18, 554, 56490, 220, 17, 12754, 847, 4661, 417, 7931, 641, 1049, 995, 978, 64415, 310, 3166, 4487, 310, 1761, 417, 7931, 2261, 279, 3603, 1116, 694, 424, 1467, 524, 3166, 2980, 220, 15, 19, 535, 220, 15, 15, 641, 3113, 279, 854, 424, 8379, 7852, 220, 17, 15, 24, 1116, 279, 4634, 67350, 995, 7795, 641, 561, 87304, 1179, 10530, 310, 279, 14367, 321, 16693, 310, 5144, 279, 443, 9619, 626, 506, 279, 15220, 1183, 57074, 49813, 303, 11366, 30592, 641, 561, 25786, 4490, 1521, 314, 8545, 3807, 494, 279, 9422, 5883, 641, 561, 87304, 59584, 310, 279, 1844, 314, 7852, 220, 17, 15, 24, 321, 41600, 303, 1017, 641, 695, 561, 4634, 67350, 995, 26164, 279, 443, 9619, 626, 303, 5176, 506, 279, 15220, 1183, 57074, 49813, 321, 998, 6992, 8574, 783, 12799, 276, 641, 561, 220, 24, 337, 62375, 70215, 995, 874, 7896, 303, 2234, 310, 2842, 1070, 641, 561, 220, 17, 302, 14074, 11128, 279, 220, 22, 17, 302, 30362, 71136, 310, 3502, 264, 2724, 310, 279, 783, 12799, 276, 2982, 641, 561, 2724, 11136, 506, 220, 15, 19, 535, 220, 15, 15, 321, 3738, 685, 264, 21500, 2234, 383, 279, 783, 12799, 276, 554, 12, 31, 443, 9619, 626, 5459, 220, 16, 554, 56490, 220, 20, 8491, 318, 220, 17, 554, 56490, 220, 19, 12754, 847, 9422, 314, 783, 12799, 276, 641, 2332, 220, 15, 21, 535, 220, 15, 15, 1116, 264, 4634, 15659, 5176, 314, 220, 16, 554, 30095, 220, 15, 15, 15, 2859, 17803, 279, 5459, 4425, 641, 561, 25042, 321, 52602, 314, 279, 5459, 4425, 5467, 279, 4634, 67350, 364, 1330, 3979, 1116, 694, 1179, 59584, 641, 561, 4634, 67350, 8308, 8574, 783, 12799, 276, 1116, 321, 506, 220, 16, 15, 535, 220, 15, 15, 8379, 279, 6092, 641, 695, 783, 12799, 276, 557, 264, 2526, 6092, 314, 220, 16, 554, 30095, 220, 15, 15, 15, 1208, 641, 1049, 557]}]}
P0B_DONE 13:50:02
RESTARTED_LIVE 13:50:02 active
