11
279
198
13
328
220
15
16
314
17
321
310
763
271
264
303
1116
369
283
487
25
18
12
641
318
8
20
364
285
19
24
421
359
262
440
5046
23
29
21
430
22
91
383
513
561
471
381
82
557
638
579
309
28
539
413
494
401
554
411
424
1267
466
506
524
628
13766
504
830
1987
1754
864
449
27
760
316
31
599
478
4532
660
1590
591
6
60
847
695
816
694
1
567
553
374
2542
1149
64
2069
682
1147
780
681
1153
2
62
836
7
388
256
653
13042
998
1710
799
197
580
30858
460
307
1118
3709
551
353
274
324
488
361
26
854
1000
498
510
363
978
4272
5205
293
889
733
4754
781
1628
668
777
1179
1324
535
687
685
709
5150
2972
1083
4747
87
74
292
58
948
995
4241
1680
1330
795
644
30
874
3102
3850
6018
1048
7347
77
3307
1690
1332
482
883
10152
1428
9367
14
1056
295
1017
975
437
357
72
272
748
1141
491
1293
1649
68
871
1238
1103
5624
290
852
1317
3010
286
866
1439
1144
4071
326
1132
1778
10
578
803
1070
585
1189
1204
67
1061
1902
1445
258
15449
1921
1228
88
1120
74631
837
501
678
716
1004
637
1049
2785
652
914
66459
66
1385
632
1834
1024
1879
606
1010
79
6081
888
984
268
1358
1092
1220
1640
1170
1970
65
2518
427
1562
680
1429
2502
2381
1881
659
1558
1472
1089
1216
1040
1785
11069
348
1224
1721
12811
1423
909
6966
1105
2230
1608
958
15889
351
2234
61102
3377
304
4844
2483
515
2420
11598
337
1788
2614
745
5568
1733
635
1394
725
5313
1368
2574
877
276
1236
3656
5255
853
420
259
13784
500
492
1716
1379
1518
417
1906
406
1962
2564
1442
36892
1001
1156
4165
34
1362
1817
919
2702
2261
287
4028
5035
2659
13390
1599
313
2715
2020
1208
92217
76
1560
1521
16866
2168
345
443
1782
672
642
1500
12204
4947
615
496
1727
2018
83
261
380
32
73
493
51
593
648
2107
1074
4757
3134
71
1575
2607
2250
821
3424
40
2321
846
1007
2693
263
1345
284
1602
278
7123
12696
1496
1801
1698
464
809
2398
423
835
4
1292
350
57
1510
56490
2830
2394
8106
2663
1384
944
35
3766
1165
3555
9212
0
29958
74455
1578
1245
4752
3018
1528
275
727
1576
81
1965
1012
393
469
2047
1133
69
791
710
2583
1669
548
999
4124
728
2468
2937
6558
1483
8938
1831
84
311
2833
17955
1172
47
428
38
3717
299
1248
1381
1866
1746
64700
266
75
280
36281
1287
7035
281
2329
1707
13933
257
2272
30095
10300
1018
2144
735
50
9599
387
1438
8978
169838
1928
1683
343
382
1298
1441
1067
15303
1406
1478
1436
375
1538
33
1622
3349
384
5241
63
1142
869
12448
1259
86
92
306
1892
43
4252
906
1269
13428
2843
18096
436
1532
9707
12454
1919
1477
85
31192
458
2512
78
2923
37
2343
462
933
297
5887
294
2599
1304
2515
9
3497
1989
1262
5433
1066
45
2397
623
1095
414
828
2487
1373
3750
49
8678
2914
1756
2046
1151
15294
1546
4528
5789
9933
2086
1404
957
378
2302
391
667
2912
331
1076
533
1005
1822
2361
2945
1951
3799
2387
89
2610
2942
3387
1542
3627
2919
829
4566
1331
973
2943
1201
1328
4590
4406
7543
1146
2106
8427
444
4292
4976
2756
1316
701
9499
2552
36346
6607
24634
7664
277
592
913
39
1848
1898
36059
3098
505
4016
586
400
332
2894
2738
4213
2982
594
5024
3158
70
1503
426
2748
2048
1925
5960
4087
604
95726
7842
362
1380
7738
2094
45810
59670
855
1455
804
38328
11765
3443
6093
327
4618
1691
354
44
349
2523
1577
5675
5215
330
1534
1765
3299
9140
5081
1137
2592
4018
949
1410
3177
7289
8224
2857
3790
1973
2315
3679
2556
4047
1676
884
3525
2980
1857
457
461
1044
1752
3878
3447
269
291
1495
7528
850
1791
3988
1467
300
3435
5992
2166
1990
20704
4486
5070
3262
5280
3364
7544
3055
560
1290
6265
5810
5924
3516
3439
2222
6157
36
149189
4688
4179
5346
10485
3428
296
4906
53
4965
3050
6194
46044
8934
1809
4610
3456
4105
19033
15262
3542
2393
267
273
3114
367
3140
5137
1668
20177
2072
2423
5920
1814
2270
95793
470
2243
14791
1918
696
974
2279
4257
673
3074
265
6652
1461
3567
5133
5951
6144
629
993
308
5364
2199
2332
514
17160
950
2233
1761
1946
3079
12082
2526
4282
3655
31548
446
2640
2444
29144
4755
2313
4031
1719
2007
5435
3494
3687
10957
2493
5878
2236
778
7657
7766
2984
5493
1595
4082
1088
4931
13634
12129
1206
418
1393
1877
5759
2961
823
769
5206
3561
1042
1786
2119
19648
11535
3644
2015
5632
5589
1420
893
26607
7813
8814
344
1473
28452
2357
5689
3889
4706
885
7639
19453
9039
2944
429
2528
3956
2205
9018
627
1876
2532
2958
4530
3095
565
1920
614
783
30800
3979
1844
11163
50289
12654
624
8871
5319
4221
12237
2577
3676
1957
5790
13139
3611
1318
569
5090
447
472
19900
12052
3239
1143
30055
4097
396
41033
4418
1647
1619
2251
1603
1288
3294
2192
27279
4960
1942
5385
2812
3629
3166
3545
886
1654
509
148275
2719
1301
2624
2172
516
6407
670
442
3410
5492
3202
38512
288
394
5073
6681
2582
3816
3238
54
6167
2378
4138
41
4121
9764
6564
432
4383
7455
1927
6306
322
2957
4649
1852
5820
65235
8826
56
42
6187
793
3186
7127
19054
3154
390
6335
14876
5821
1433
1524
8772
4265
2136
2388
169875
3046
1390
2838
4128
639
1068
6820
1009
3146
1432
5757
2074
4227
2425
28750
1623
5732
3300
782
6942
1726
3694
4643
1630
6993
5741
334
570
7968
8618
2519
7422
2763
2859
1366
3712
951
305
11346
52
7539
70943
4307
2678
3019
2342
4099
3478
2892
26808
4007
7896
4473
2594
2660
5963
438
4557
4081
5361
942
536
323
55
6572
339
3808
1830
365
2469
6878
340
315
1396
1811
2433
2349
4918
8961
57342
319
1541
5530
2099
2809
320
556
2736
6823
13962
3315
2902
5698
1484
6240
646
23856
2005
2068
4042
338
3842
1200
6208
5064
22346
3980
6954
79790
528
4283
15682
477
1440
12806
3788
445
15685
19244
9133
2407
4602
27056
4403
708
3568
2560
11861
1910
2182
1459
11356
723
148317
826
2876
5617
4770
7018
2340
523
9616
7308
6337
3946
4634
1725
3113
931
3150
6725
1724
14319
3512
329
3168
9897
625
9542
2858
5297
5506
3042
1353
3672
13883
31993
5372
73401
3008
298
2551
6163
1891
8222
2713
1254
712
7620
4935
3296
6507
796
7607
2011
4630
9376
4893
1865
3471
10695
1954
4170
3354
704
2510
333
2034
2400
5096
2862
2962
12754
416
581
5832
7526
1369
7225
1031
3487
4886
19774
42395
148375
6059
2849
5158
3745
2936
20538
3741
2002
2695
8528
4843
3384
4501
4673
4499
4092
148290
486
1091
9057
6044
3322
408
5869
7246
4369
30350
4178
107
3302
6744
544
2730
808
1675
4374
5252
5524
7626
6600
2496
4131
3738
80
2935
4816
1637
879
1272
5405
148631
8816
2770
385
2590
1211
5629
6340
3161
3311
1829
3558
5813
4570
27936
4109
2071
1325
4992
4692
6373
37761
8211
15131
2267
3835
3063
5587
4284
785
56891
882
5469
6352
1152
1357
2435
2557
3851
2171
684
564
71093
7875
1596
2691
7776
3594
14139
22220
151383
4477
1452
3725
1818
3043
5930
6450
16889
37172
3529
3106
7624
1413
887
4831
14717
8323
158
2645
3254
95772
1543
4725
88842
12512
697
1030
2077
2124
11326
4842
15729
9724
8973
25534
3213
31130
42835
3840
1060
48
2037
4238
3571
5525
4196
5954
900
3023
6505
1615
1845
6826
43800
2316
2572
3992
11002
2350
4203
3648
14700
2235
3193
4558
4994
2724
5655
5048
5306
1110
386
355
5792
3470
2376
4783
35920
4827
10021
537
335
4000
7643
4694
149
1052
485
13071
4397
1313
73174
598
6968
741
1900
3665
50388
4216
2450
1901
1581
61
4275
9514
2414
789
12076
148304
2721
3874
2725
2844
5975
5229
3087
377
1257
11859
32401
2534
2788
41546
13292
10609
53241
3602
3078
5781
7696
520
2716
2677
2255
4346
3587
43572
159041
3200
6970
5676
5176
3481
7824
5802
2573
647
12995
15057
22500
78597
2831
3739
4139
10323
34022
3272
1148
7313
4927
2545
2070
720
71483
38191
2964
4437
7009
6141
7033
1453
5879
2404
3633
235
6618
1985
686
26125
1936
7189
750
3433
4611
13717
11290
7888
1652
18727
3749
1450
169931
2353
4862
6045
15451
5839
8882
2895
13429
4338
5467
7995
3753
7658
1284
95859
558
6891
46
6324
2201
4797
3096
6513
3110
1223
3000
2694
53725
2154
8004
2075
16243
786
5947
3070
77071
512
2956
2649
405
10046
1482
3492
1494
5028
903
13159
8132
5387
2627
5044
16002
4259
282
8806
51686
2019
17502
8060
5593
3108
4800
6526
2600
3472
1612
11615
575
1593
2673
875
6327
16256
10458
4653
1054
4021
5457
8439
4776
4434
3162
6281
4732
3488
2605
7105
12121
10629
38128
150914
4719
1960
2305
2197
13161
3669
4802
5946
5713
5819
2429
5407
10029
1639
6696
7253
3756
2445
61628
10161
170040
9528
2784
4182
4788
1774
2100
7088
8124
6043
7633
1731
3559
3818
7925
9163
5415
28259
2218
643
5286
22113
11577
4945
6745
2426
3130
2814
6443
4751
5673
11810
146
5453
518
1167
5724
1375
1943
3482
15352
1271
7481
2390
3579
5269
2064
148288
70783
148358
2699
3127
3253
9861
21730
403
3394
9609
3001
1367
3255
1870
6492
3109
2135
45480
473
1673
1414
17448
7854
3260
9085
7370
4409
1139
6435
6992
4829
729
2141
17720
7721
148415
5129
155025
149209
589
577
1412
8308
2477
24959
3658
5533
20006
4916
967
3928
20778
538
13532
9462
6092
371
5214
5142
2336
342
3915
2968
8613
21255
1265
8672
6179
5459
7903
12264
7350
8798
10396
15481
2880
7047
1401
4821
5305
4222
5514
499
1212
9637
6486
4125
10582
11656
2708
3069
6348
907
51432
61272
2448
5328
7172
4606
11675
1607
20772
4860
17426
59
1448
5089
356
5721
4424
7368
15746
4255
2253
981
5134
5788
7303
9473
1767
4774
10016
7702
3807
8677
2131
11495
7472
2499
456
4078
36104
9338
434
731
3287
9494
4370
9169
3039
8026
346
38764
8364
3405
14789
4873
10599
4543
148581
42240
16186
96128
36736
1104
6922
14159
5753
13132
5743
2113
595
10474
6229
5455
547
5488
3984
6824
467
5995
12666
7054
2491
9888
5092
9080
65589
2022
13426
902
7594
6228
9272
7515
22825
4274
4392
3809
3215
13475
4399
3900
5854
4483
1402
1157
2544
95971
5614
15305
2185
4779
3777
5964
18602
69894
152033
4417
1021
3286
43022
3619
6574
2688
312
1387
2904
3401
6987
9469
4144
379
12339
576
3258
6720
40214
5171
3175
5684
10412
4171
14516
96212
1851
5383
7853
91678
3584
4276
1551
5307
3520
1559
12103
8491
2029
10726
9852
3565
5787
1008
1617
4924
6007
7984
3240
1696
3603
40803
47788
5833
10022
19432
4633
22408
856
30831
1720
9614
5254
3934
7921
5402
9670
2569
8628
4114
9101
1323
5860
12463
1867
663
7832
8240
640
468
4362
24950
722
4188
20267
2175
1424
6518
1643
24685
3418
3955
2905
4162
5529
6433
4722
4060
6483
5384
3804
674
6973
2873
5170
4665
3165
42308
997
6857
2791
9422
5165
6310
707
1889
6090
4496
8950
10462
14279
17081
9159
3199
8524
9750
3502
529
67813
4096
148325
69197
148399
1531
13964
3573
4193
10483
552
1667
2617
2014
4119
3313
6605
389
6463
23424
40181
3061
2050
8455
433
12751
6768
169936
148281
3425
5442
3081
806
4588
2324
4237
8983
4620
8177
7019
1027
1757
1702
30358
53918
5916
2997
6502
14259
4772
4952
908
4393
4562
8270
29189
6075
2116
10539
2665
10182
1663
5642
1573
508
6000
9410
911
1519
10235
4129
2081
12348
6946
3250
8280
15376
8914
2438
6739
8960
7698
10503
5978
5716
2370
4022
3009
9117
9005
8998
10992
195174
77264
3208
10345
2053
1283
7260
36170
6584
1799
5145
8358
6561
2200
6715
2985
1154
5289
6079
9175
22405
1188
880
757
11767
3661
61044
650
6650
9186
2309
22639
12981
6757
54895
149591
14387
2291
10663
3274
4475
1760
5357
3133
901
27367
1062
35195
1657
7099
6283
7171
562
10229
1130
2481
671
6707
6135
12845
72964
5375
7463
8746
7094
5774
2478
189067
5651
4874
11360
1705
61999
19247
82440
148373
148459
14780
6278
11543
1740
1798
3820
5634
6498
9858
1824
27423
5077
657
4599
6846
5491
2609
5379
3160
6565
2492
7101
23598
9475
2921
16811
2891
4839
14942
6374
7958
148476
20912
42886
10467
3727
534
5367
30715
9583
4625
5164
12386
4868
19265
7867
4855
7404
18101
8809
4687
4598
11822
5038
2153
3714
9791
1140
767
18372
656
895
7038
28469
4904
48587
12875
36034
9239
8454
2993
28850
9142
4613
662
8570
10521
8197
7202
10388
7258
7318
7552
3335
14588
7165
8417
3397
13016
5154
4006
571
12622
4937
2832
13890
3983
25162
3086
9467
14192
7167
588
6895
13958
7566
4864
56674
2040
41381
23625
1506
9998
495
4084
2790
8482
52939
2127
9468
336
1192
5443
14419
6764
8551
16484
5856
4507
2083
2981
4220
3681
634
8209
48556
5190
10723
5076
170042
37519
8446
734
5480
19053
90402
4881
2447
10121
21234
6575
7840
6761
827
4158
6325
3953
5149
1128
14074
17673
8334
11777
522
8668
5981
620
8751
52122
15630
12620
148382
39243
5212
698
4939
18764
5216
1572
33782
1409
8198
1505
8545
13273
5416
6258
1138
475
7062
926
572
3052
58806
7111
4592
5121
6611
5921
6625
1302
10095
8046
8190
96348
13630
26598
17631
22285
4833
1469
10727
2121
1320
4970
2055
302
2000
1888
352
83586
784
17077
11835
3638
530
20770
8260
717
2516
4400
7434
6210
18129
82754
46488
7025
3309
12571
10222
73256
148391
2184
425
49283
5312
517
5122
5265
8760
13037
7796
7810
450
1159
7555
18779
10973
1124
289
6286
5298
3221
3242
7233
8242
4490
3645
1029
10505
9873
83941
148540
16806
53887
10666
1535
6016
6849
1243
2908
3145
31358
4489
7731
7525
16991
2647
370
6440
17047
4885
1544
3719
6628
4777
3583
3990
5327
3626
28910
7695
8390
3437
6197
6027
6635
8173
12068
17531
1209
35904
4281
1311
3376
448
4341
4405
35105
5301
8343
11079
7424
5192
11715
11580
8646
11338
7604
1587
13662
6380
4416
8160
4108
5144
2548
2521
3370
148296
16539
5799
13469
6733
3652
54308
12223
5339
4546
2280
5106
8803
5893
2813
4357
6386
5600
6532
2877
4322
8148
9541
4564
7346
7256
1365
11329
14377
1868
11920
9752
5243
4880
3827
409
5829
57217
19937
57823
170124
9578
174584
8166
347
1308
3921
452
6149
7830
13145
21708
5670
17833
4472
16300
2767
947
825
8379
4693
927
7217
2815
10576
1094
3460
9048
3269
5097
6953
4535
15476
2781
6791
7324
1742
6150
6835
23173
12030
9919
2369
13535
7999
92239
3705
20291
2706
7574
3246
5640
8996
3905
149798
1739
23355
170022
12280
1885
1789
4826
10306
2330
9910
11988
6728
8842
5555
3436
3704
15019
12244
8235
6185
6255
5194
6775
32920
7915
2256
1210
8851
1035
7635
7645
34564
5084
6924
3049
7261
2732
3462
2570
2717
4807
4786
7936
2413
8683
6316
2115
10036
5369
3710
4145
73781
170580
159064
150853
16070
11400
3382
8964
16245
542
3938
6103
28689
11164
977
12261
4478
16155
805
6333
11021
8125
3911
33139
1656
12355
3605
1526
9611
2796
2759
4950
2033
13240
26942
1098
21873
18664
19398
13945
1597
8071
5337
61057
10119
15258
148339
1807
4040
979
6231
8137
4944
6426
7141
925
2091
1916
7497
573
7763
5500
90010
22868
7021
15081
12964
15879
1893
3222
721
954
6649
636
39405
5445
7277
7754
1523
13389
1880
14195
12083
3929
4244
14690
2941
67321
10750
170117
13644
17259
27684
148800
91913
4998
5245
10000
7786
4120
985
5728
12507
22426
1944
4493
31690
1155
5117
2503
6990
10661
6312
8063
32624
8156
4962
3033
9191
8223
10175
3521
13057
2939
1489
4487
11036
9642
1779
22078
5611
18933
4523
30742
6473
12024
2312
341
7358
153163
69829
21720
170033
148455
148356
45527
72281
9306
6683
3604
11327
8387
12784
6357
7459
1112
8601
13753
7916
738
2441
19083
10031
7129
3522
6520
10169
1666
5656
37917
5001
3920
7091
17199
13360
16327
112
1873
7384
7044
3117
6355
35528
95765
19450
34960
17460
49081
159720
848
5395
6685
47125
1839
13436
1426
5715
3814
9871
3170
5253
3404
12510
9087
47059
719
21902
2229
24437
12750
5242
6001
833
12465
736
2098
7143
6436
5705
20192
6273
10732
5734
8100
15910
1073
873
9358
72840
9297
930
788
4654
5376
8053
12846
9217
10583
53062
47826
148526
150533
2482
5147
3715
2854
7042
2294
3391
1082
5456
8963
6961
2674
2977
4314
4954
10814
9386
35178
4290
752
6838
17942
1310
5062
1638
6971
10246
1650
737
1992
689
5020
6521
2347
169450
7071
33105
5894
9434
18660
34314
11023
8059
3723
14133
10633
2630
10286
7300
30573
1642
4333
23858
148344
84384
4384
10404
2311
2579
12290
44711
56287
77655
9581
5888
41925
19535
5598
3232
14410
2531
5918
7139
1275
8415
1926
2308
5870
17249
7297
15408
18926
12621
5836
10721
2500
6669
479
5284
4072
5429
5471
15934
56470
67657
8977
6560
658
10142
4297
2652
813
12910
587
7168
12638
2885
6222
20122
3618
5548
6351
1264
6136
5222
692
10675
14991
3914
5672
10776
148293
149195
150009
532
20184
47436
870
8727
5426
12572
5701
7860
2987
525
5281
41898
19239
4202
1732
1274
38432
9666
3689
11460
13677
16022
3131
11788
6319
10997
22335
8462
3696
16236
4792
8713
16626
702
1763
626
18738
11013
3773
22024
11419
9337
31734
10002
8009
4246
2612
10226
19549
3273
27355
11963
5381
2774
39427
1171
22623
150266
9403
17973
3615
395
12021
3578
8422
52020
57137
174352
34076
42190
40218
44060
38118
17966
159163
14391
34279
5315
19214
9254
9207
9664
8476
15717
1085
4897
2224
9572
11488
8151
372
5392
28028
360
6777
16661
898
6127
6851
27653
5898
801
5551
2373
4778
2597
9575
6747
4619
8299
5653
1635
1419
4217
11026
25081
24790
16536
669
325
605
451
4098
50766
149644
54858
5323
9176
19345
176835
170241
69131
11004
18870
9483
9870
26516
3817
14733
11661
5167
2088
17313
16031
3455
753
6511
1804
11183
37266
11166
3798
1199
2580
90
1297
260
8874
4161
9205
2306
9728
16996
8087
8176
4364
17310
3267
5272
6237
2692
10650
4661
14227
12436
5068
1340
15119
5115
4273
37660
5104
59337
4130
8910
3875
633
16763
13306
2147
6941
57097
29024
177597
31704
247220
217286
38397
5300
5752
7305
1163
11712
9997
4156
9476
6807
4799
5543
3801
12525
12387
7848
5148
14016
8568
29191
11140
6124
3446
8862
15422
10752
2085
654
1025
56217
6925
8785
8771
507
6562
9084
13621
1114
8872
10305
5224
13245
79054
7190
11304
30031
21131
81631
12420
37910
2842
9669
4642
3976
881
7792
7072
9290
1372
18971
4391
1126
15672
9981
95999
36103
148326
37815
155066
12505
1894
8881
8529
2507
19008
7934
7242
7949
11268
541
6557
17775
14367
3422
6528
7157
7807
6321
10782
5354
3065
8017
7551
10793
43069
10616
6376
5742
58549
17953
38843
18171
2783
12830
6933
4627
1003
843
21372
22605
1783
15958
25559
3591
596
11874
4204
2122
24718
4225
8064
2915
3194
4892
21785
8789
6025
6868
12917
9041
6302
14699
149002
170146
23947
170105
151412
148472
170186
170265
148434
90322
1703
4526
9184
13721
7244
3730
36098
17582
12805
10428
9197
10377
6843
4378
11252
4185
2940
6343
15849
6290
5365
10076
12458
10878
17216
6535
5018
693
3977
13578
11447
2604
27675
21209
8640
2196
3163
435
14400
6070
4929
30337
17839
9268
12662
20326
9682
33193
9989
20629
4191
6349
44712
16198
9392
8578
839
30097
14360
6977
1086
14103
4674
3728
76173
6056
12074
70330
148354
65360
34083
32724
42537
77436
149393
7204
14795
7628
6406
4268
17921
16350
17175
9220
30692
12552
13928
9630
16416
22274
5452
48076
87433
1370
40061
5876
11282
2998
9565
5637
6378
2331
4559
8516
3575
19092
1019
6639
1896
3892
5423
4808
8513
398
13255
3064
43893
3746
5827
4465
1773
1777
28400
24321
6326
1899
11472
7701
8931
4328
1071
8095
12069
16496
6730
12200
31626
3107
10785
7055
2861
8061
6165
6886
65931
66143
3374
14634
78504
771
10550
148524
78178
15008
34226
149269
1729
175886
174085
53208
16927
16071
61326
160175
3498
15686
9298
8552
8410
1395
4650
3944
16863
2278
6829
31872
8762
1697
6875
4261
1435
5927
11192
16672
28662
1227
6543
5324
7480
2875
11493
31097
617
4236
7931
30308
1145
10335
5340
9607
23060
5857
34992
9368
2216
27035
5058
3421
6999
2193
2286
3430
2466
21949
7529
4439
8121
20895
7891
7431
63682
7561
16060
402
27123
9375
8685
1634
25957
8770
19736
10542
9432
12041
6437
2383
13003
943
1219
600
17198
95879
34208
5031
2792
30470
13083
94714
67504
7806
9032
12236
4243
10064
9629
81617
161486
18529
17104
31592
148854
42858
150516
1121
12162
23218
6107
3372
2446
41100
3838
7465
2562
21678
9681
6859
5091
608
13464
10655
3924
12963
10804
2906
9883
10337
10401
916
1803
4744
917
2434
15254
7629
540
6320
3125
7687
5225
3506
8150
11074
3390
4063
3388
30085
17459
1180
17415
11421
3053
6331
22365
3998
10771
13900
834
12354
10141
6379
5626
8163
8306
5891
8660
21815
28445
15066
3765
17161
12376
7059
7428
4480
21870
14037
2424
1692
18398
11435
25046
17256
56755
149805
170498
170777
148650
159058
148710
12940
148945
179021
48629
170163
10242
7196
9412
1347
10552
1058
15488
2741
68498
10530
4621
7063
2348
3791
16271
5362
10287
7002
415
7578
6249
26893
11639
6236
1806
9640
12130
11397
8418
8381
10344
8220
14129
6112
6738
7834
14856
1497
1057
18867
8737
8098
11549
7461
8779
3105
4267
5843
2333
6587
9351
11127
62915
13787
4306
2440
15704
5458
15162
8808
52001
4671
4440
63191
7884
8511
15214
3642
6113
6686
29656
7662
9605
8210
148393
9618
3511
9721
5522
7401
4035
1996
9711
38408
7309
8704
3628
8094
175347
30042
26046
84193
71263
150021
12894
150260
15562
5486
3945
1258
5128
455
38249
10660
8261
4846
7064
4300
156301
7502
59369
9537
7890
9634
11751
4603
3172
8317
1134
5484
563
25458
16712
4635
9017
3234
17237
15083
5019
6643
19792
8853
7397
11541
1307
21172
82319
70696
10452
21354
12726
1178
5498
11770
11332
11510
9137
33413
36515
7145
1474
11592
9431
21111
16981
9911
24469
10551
6295
3693
3769
5983
11663
11153
3490
3284
12287
10644
4055
3342
4726
10329
1955
8606
15466
5990
10518
31483
8074
63057
4147
5576
7831
4637
9788
148276
22218
11308
8079
9945
8873
5342
1977
31907
11811
177931
10043
36298
170409
94309
169998
45679
37835
65370
171048
148314
78958
245459
159598
4640
700
6806
8953
13437
5461
1994
6866
7354
5227
13228
2805
14644
19803
22906
2973
3062
10158
2164
51852
18433
824
10544
19510
32288
31708
2586
2911
3690
7913
13817
32866
6459
2303
61893
29747
13730
5812
57710
5902
519
8497
6923
37533
10643
14960
12893
13914
10087
5864
3514
10155
2392
11123
25800
10724
15139
22006
8213
10342
1386
10499
4851
3668
7249
8252
6885
8396
4593
12321
8608
148823
7441
1020
4936
776
922
6353
58793
16669
12447
80936
2226
72887
11483
1047
13518
3389
10326
6401
12982
4482
1335
4900
6836
8116
3218
8469
474
16362
23514
42526
55919
160401
151424
10748
50406
42444
34304
22961
181626
38382
149662
63948
89602
5606
703
2718
8129
8899
18465
22486
4794
23810
4565
4379
7287
22664
3094
6161
11354
7741
754
4531
3515
1465
14746
2194
6741
22903
28549
3813
5667
69983
3552
3054
5036
101
9947
1743
3060
11627
9050
12313
1501
3833
11690
6195
1006
8405
8385
3357
26081
3882
2568
10373
3989
25988
27462
3225
935
7784
3847
13113
14437
9261
3856
3204
12399
33879
12215
31532
14593
8854
1550
11393
8214
3703
4840
549
932
25894
148353
36771
75045
169856
96553
50800
29354
148303
170055
152154
148950
148360
148333
19582
8740
159116
116475
2631
5677
8453
60637
7436
1196
971
3606
1234
10736
6585
33454
454
5275
24771
7125
3729
21349
37044
18636
55971
24546
3713
1772
13229
1611
25522
12568
12050
6476
13842
4711
7154
4199
14674
1322
4536
11832
2734
3708
22219
739
3071
1498
2865
431
5849
2295
10495
17066
25170
5157
9774
3412
4044
35871
18427
5138
12417
918
9393
17708
21529
56582
9676
35497
1759
6416
3379
2036
15881
18469
36841
3037
1966
13263
5495
7061
58523
945
18872
11136
5262
10269
16973
12585
9171
79333
45220
5932
15055
609
11244
5259
9533
9831
5706
11640
6458
766
41760
10281
9781
95330
49260
95802
154557
148310
151449
24139
148962
153435
95815
58297
34481
243152
6121
3733
26606
4062
9114
12653
21078
5326
4766
9826
2274
3569
11396
1174
1816
6813
21993
12527
6057
7767
37572
9415
4980
8556
90062
14835
5302
7922
10490
3839
39614
2480
8526
235941
23023
10072
8451
8320
28465
25525
531
2276
9238
4968
5875
39297
5599
29682
2536
6381
8836
6596
7056
9712
148277
3508
611
1454
11815
7712
4248
28225
8134
5440
28476
11921
4979
5925
7785
7479
3444
38482
6917
14996
7919
8330
1923
7745
30032
34505
180132
14807
14012
15765
6350
9031
8754
11324
4563
154849
34809
25882
58317
986
78668
9838
11619
13969
9086
20452
13004
33422
88199
152172
175476
95852
169892
33207
158782
168959
8065
21813
16018
28229
4736
3017
18254
13094
30455
5638
4716
4415
10784
13697
5840
5956
3855
9257
45859
49483
14432
14661
16392
10267
39110
14931
5353
14712
6881
1078
1093
4184
19274
12178
1847
14388
9389
5674
11883
6984
36429
8303
13385
17187
5417
7252
5527
18506
7499
17208
5101
68053
878
2887
17587
8574
526
62727
4756
16168
6556
4922
459
4973
4433
7873
13853
14091
8839
24891
13818
12745
4229
16442
14496
683
34124
9284
751
11352
10368
10729
4335
11823
9303
12345
16969
6545
5546
29027
1527
3136
4847
2899
11602
13523
2128
1277
72051
18716
6453
7980
14989
1864
18921
7532
11969
3474
15005
18848
95762
95761
96476
170712
37483
41694
155142
149901
148308
149001
21393
98249
179518
148542
148342
150025
55407
42565
17634
151348
4664
13838
13177
8928
7739
15979
11407
18919
6214
8474
9938
158926
13976
5553
11057
18845
38643
14833
2271
16508
3680
25460
19825
3762
20729
20188
1712
4948
3599
5235
8120
8742
14827
743
7415
1949
8259
10476
23607
12263
16802
3843
23608
13211
1860
27676
3593
4410
11316
2571
10275
17662
23548
2467
17056
3442
10384
6504
14051
63687
2675
23109
19912
22993
52156
10993
9020
21777
8695
14673
23934
3778
10536
12521
14531
13250
2044
7681
12841
42385
8484
27496
4660
419
6414
270
1580
13383
14233
463
54683
6420
10919
27950
61446
37576
10774
47956
8693
4054
17211
117
3533
6758
31441
29088
5266
22549
1253
6517
3779
8142
7686
10015
30226
7946
5938
71136
2878
9023
6142
66532
1015
47099
9691
1334
17699
51556
9251
38860
24656
63304
30252
15738
3608
12014
96123
31171
65131
170267
60038
38183
6389
11796
23962
152171
96051
97104
57868
149134
170362
11998
3336
1411
3028
16468
3184
11516
9590
7944
2266
8699
1295
8434
12961
20060
16421
21004
18356
10806
7669
4299
8818
4879
35234
1790
6621
8468
4464
4277
1326
10813
11148
7627
8328
7176
11292
6130
16014
9734
11116
13343
20545
10840
6803
10894
5211
9444
14459
11587
3972
6599
27562
10463
26401
63016
5344
1525
6054
5333
5521
744
11848
6047
22559
6419
4143
15701
25866
22092
1912
9880
50434
19405
49029
37096
6383
10445
5915
6930
19074
8639
15594
11789
7644
3420
2798
33503
19583
10779
10480
11725
5055
10391
8239
21330
1820
6577
4555
33671
6623
83783
13393
10607
8217
645
15625
15637
66050
35892
7078
7247
6060
8016
8421
7112
35482
10836
5872
13477
24060
7120
4350
96024
20578
170091
13785
87652
177301
195849
151401
98404
98079
149650
13507
32884
3825
41470
9056
42081
245508
157026
49655
175150
223564
7661
2334
17413
12483
2215
4622
34420
3536
5418
2181
21186
160145
13314
31248
46332
33385
63893
74443
24566
4091
12305
12195
9064
1187
9923
2428
5075
10106
3135
503
13607
8292
29382
28384
11911
13550
2801
1945
961
20777
453
12401
1512
13402
12375
15631
21695
12421
610
1038
7336
2337
8152
7941
7326
35836
3743
4581
1821
14523
5427
10744
1181
1217
8028
13375
17714
10598
63978
35588
11697
34888
2282
11291
169404
20175
12840
2625
3702
7110
19835
6338
3722
1306
7978
3623
6864
18221
9834
95814
20994
4715
18408
15048
1644
956
14448
23428
1856
17480
2246
4723
13799
3101
28074
12698
40213
13053
13602
180234
25639
54977
17941
155094
36413
149193
180600
148543
16555
16396
95895
100084
83737
171050
155817
40183
14338
6129
8976
441
11461
13822
7505
1626
13017
49351
15306
607
13613
7166
9218
5303
13643
17240
13616
3683
46793
3029
8883
53456
15501
3595
16430
7569
10577
6282
24460
11607
3560
4148
48176
301
46881
7117
9896
4614
9956
5794
20588
9511
812
13106
10321
8995
10537
19248
11506
3115
20196
31683
9013
8020
8823
13077
896
1072
14631
12539
44286
15245
5604
17075
4444
14505
9202
16818
7036
7697
4689
5512
18097
39044
2578
2418
6700
31188
7031
6784
15264
5939
16522
11802
11563
2537
6778
5257
7003
35087
490
2262
42342
4115
7737
8024
16586
19895
53477
92647
16393
14036
13895
4923
6608
9520
6546
2384
3572
23107
5601
6497
15990
11241
16674
8753
6131
14295
2307
20472
12538
16148
23408
5616
3902
15207
44633
148298
26269
149155
38859
150401
189840
180901
38179
148401
67073
61757
22439
45587
96038
100267
13891
6900
11800
1846
8725
20358
10451
4609
15811
18939
5335
11553
1344
12503
868
10765
6365
4517
3371
7328
12702
13522
602
13789
6256
9215
7520
4123
1075
14307
6978
2768
10258
12495
8105
16138
27853
358
9111
26884
13137
14938
6588
27695
12359
19729
11532
8619
13640
1755
4226
9016
4848
797
6722
6082
2595
7772
10151
8831
41662
13173
3943
7029
10579
12832
5823
17000
14399
4142
35390
31092
12573
26492
9264
1160
15226
16224
39107
6206
8329
11816
8981
7986
2257
4003
13600
39903
10105
8940
3438
16829
11944
66592
10680
32757
16357
22921
3543
8322
3853
18954
11573
7852
3772
12904
95841
10054
10856
9584
18358
39597
6220
10509
65584
3495
23698
41553
7779
20711
58181
54017
21441
94378
54025
148280
185923
176263
170697
88190
34883
23889
95928
170962
153229
171951
148825
169929
182342
58427
32392
153433
160753
209381
9452
6797
10236
11128
19820
22044
12247
9348
30735
19434
3755
13299
2795
19152
1980
5406
2700
4001
14953
4502
39403
9816
52091
21757
4093
6644
5258
7900
17650
18680
10761
17698
79927
35659
11238
1557
16158
3564
8097
6559
4058
5749
5853
8632
8649
11247
3244
2073
11040
15707
16107
4310
2252
12583
9170
3993
15518
6035
9209
14005
7193
7718
3083
12506
11122
3625
7556
43987
759
1421
28906
10426
5099
7030
13668
22015
2059
787
4781
16935
8638
7271
17200
12394
254
11177
59351
41836
15850
25367
81183
60736
7045
1618
2965
7975
5487
35172
1723
14378
8122
26370
4623
5475
11974
10834
4254
6573
6105
18739
8656
17835
14046
102
20117
8193
1895
22888
630
5817
849
11993
18236
15277
14212
7930
5559
4990
11342
9971
6697
10781
28377
1449
1218
1606
4709
23168
8801
11453
5230
7286
41043
50737
24739
18712
10669
40003
5711
3038
11098
4309
3082
17465
9378
6661
6122
9055
5597
32868
58245
28310
161865
148518
64535
185725
157993
53637
47727
159697
148335
148426
95828
95948
7550
155169
89189
153553
183867
31960
44215
24178
37341
170113
19707
13419
6020
22673
37457
3047
25278
6175
20169
8485
5396
7052
4863
2994
8586
7017
655
18959
3554
21207
8457
4313
40829
9960
5223
5411
20130
5447
32144
12634
5054
1908
7705
10130
2012
12908
25832
23746
10457
23470
10746
5053
5146
10749
2797
2739
4030
54852
2913
4938
4834
11728
5909
28186
4394
3919
28887
11528
4303
1081
4850
25821
6755
815
13750
10371
42046
1810
8852
1117
10378
17295
19172
3760
2513
4449
4052
4331
19204
14611
2746
9400
4330
18561
4066
51487
772
8597
5763
12092
53802
8254
8117
10828
7843
1158
10654
10263
8377
3501
48343
10137
1247
13111
29645
1693
9144
69572
4690
8984
6028
7185
11886
5082
9704
14170
17872
21440
7652
8069
10932
11550
11876
4026
3032
9503
54102
16017
18073
22082
22101
2298
13468
2871
16665
5976
758
2198
3974
8346
35899
15558
16098
64637
13984
11635
800
10042
8464
9596
14328
8185
2439
8968
7642
7563
55902
180161
148400
51909
29668
28093
170392
48933
149280
148380
148318
170000
42387
171160
171402
170730
171079
96172
148662
42317
170553
155067
82065
150618
149007
150037
148745
159385
74688
33096
26076
36916
8688
22899
174899
149400
179769
151617
6603
40922
18076
5432
27103
40324
16144
19668
12368
5880
18143
4315
10897
8675
7673
11870
10244
85416
14935
5605
11475
9988
15580
6873
27709
5349
11390
6817
8305
11590
1122
25681
28293
34538
1797
18115
36655
6705
31591
20612
5517
2670
10573
18147
2176
11086
13608
9564
2932
18038
2933
23560
5917
19200
15592
1280
18616
22924
5260
5834
4181
2195
15641
543
9874
9639
5818
7598
8661
5317
8227
1958
7322
37395
6199
46417
24500
84820
14073
15240
21185
10078
37282
27271
28746
6568
17622
6948
6949
4140
7262
17097
24095
11256
40092
10379
3414
11878
18285
7715
32459
22732
3895
11436
18830
31437
6880
6474
10418
11062
19379
5174
4332
4390
25697
8369
13486
14984
2680
2634
22281
93
23117
13587
6362
25895
24408
991
19591
56770
47567
28436
17830
75270
22624
939
13992
7410
14519
18762
9846
1699
18305
37972
11795
14855
8523
17325
28629
749
14156
13224
9668
11340
16467
7752
6408
1250
1374
18428
97262
10390
10440
6235
10386
1198
6204
10424
15680
3173
10548
6906
9602
17191
10419
149494
148284
18768
148782
162253
177195
27004
177707
62150
155114
148409
26165
26478
48543
148894
148893
22198
159067
26803
24273
95872
25497
176751
74712
170751
13246
152451
1674
17109
8536
11995
32836
8869
12804
7892
36849
12141
7128
13290
5061
8341
12965
13238
2374
65951
3870
33357
15203
31416
17822
12813
17669
10657
17553
10728
7795
13671
13064
11426
15620
1408
1190
34549
12168
8884
9019
9856
12073
30654
18748
23639
15787
8291
15194
11205
2947
582
11145
37405
7524
8406
1728
22990
26533
9915
706
8972
5436
15838
14857
12553
9524
18617
7004
1605
8394
3
16441
10213
16100
50423
83585
1391
34139
12781
9287
9121
11051
6765
5708
14761
8366
6311
9812
15492
17264
5503
9822
6339
9617
27613
2821
8436
37284
25470
23507
7837
70950
29481
19770
5746
3486
19395
13096
8680
1388
11939
8090
10672
22475
1203
7667
2186
3906
4659
26211
4591
29288
2653
8392
13592
1583
20380
30391
74384
8559
15977
5119
7427
12675
11654
27379
19168
47944
3795
1487
5373
9687
9471
20325
183871
23457
3622
19720
47535
52971
6646
15341
72526
13934
20361
14441
21007
95865
6510
45099
7366
16694
8768
53097
12055
22754
26828
25705
22471
14801
18456
923
13742
12000
75881
7435
5899
45519
1315
17349
14849
14499
14287
96091
159096
21120
21807
19160
76450
171062
170868
18110
180890
182205
89946
171384
159138
170469
148948
181483
101590
48824
33638
150069
149222
90219
148554
153241
13302
58503
172601
218780
26205
23104
724
49376
12090
9104
9150
21955
59552
12513
4750
6699
1671
11137
10156
6276
7708
18884
1681
22525
225762
7803
1948
10922
9296
4396
30876
21353
2356
13990
9976
16455
3091
76506
46790
26003
3248
7331
13187
5359
53139
22105
1046
26569
13579
2742
3677
57177
31071
6207
3982
2948
7070
14185
14090
61236
51930
5847
26956
14014
2803
7419
6224
24119
170162
8952
10298
24039
4463
5979
9662
10239
13234
46535
16905
4101
13576
19664
2882
2149
3381
3884
15899
34568
20332
9732
11330
1540
32699
12450
1106
3759
3968
15377
1802
21221
71883
17865
13996
19883
9417
9591
8652
7183
4494
2054
19839
14853
12900
49337
12473
5645
6742
4253
8119
16979
41264
3265
4695
13252
12938
23264
5276
8758
52901
6012
50902
78162
6065
16698
2992
4729
79528
12878
28532
631
37474
14402
9677
8282
64582
95789
14865
34392
7432
14480
13185
22687
10014
11927
2432
6714
37274
7402
7285
3935
13626
15895
41942
8008
13692
16067
13219
148461
10949
8397
18749
13573
19197
16146
60209
20499
5736
25297
33089
7998
17408
7164
965
21321
202707
50930
95759
74447
149600
26149
59551
148489
1403
148336
17050
172297
150247
155581
199407
179006
40692
159204
170925
150035
170370
96337
170689
34981
170969
16660
149828
96896
95839
50806
148817
177220
152833
98982
82215
160219
5336
109177
13418
12004
51620
32763
10211
3013
40186
5352
10923
7592
13534
17610
1100
10144
14542
3849
1183
2765
8376
9059
15133
4699
65967
17435
1261
13728
5764
1446
18463
15822
30049
9463
6429
38789
2190
4497
11717
3045
27932
10903
18176
2800
7909
2820
7632
6945
2117
481
15777
20817
12713
12769
41024
65511
1646
7953
9146
55739
13948
7780
15243
12171
3639
9155
6470
28122
15629
3761
10172
9481
24632
10488
13072
16384
43274
15527
7730
18060
3933
8782
85044
19036
25439
13569
9373
5143
3812
12250
366
81561
21047
233
12272
2396
54133
17508
6994
41105
23631
32544
27871
1364
12959
3996
4470
1858
8505
24062
2632
25037
2581
60138
12202
3999
13358
12570
26288
225
14334
12618
3026
18200
3663
1764
16808
182801
16530
50297
1940
18676
23910
15957
18369
1097
15917
19998
11454
9093
4803
41984
4801
45499
13301
3531
25322
5775
7966
32627
8296
20173
81275
11295
4910
10742
3477
7098
7498
24474
45649
29490
81394
62999
17451
9492
1242
11106
45404
5646
1875
36823
28529
148292
149537
8581
15784
5037
3350
20759
15271
6266
840
37073
6735
5074
12937
9908
1882
13188
58310
21254
1947
6267
26298
51301
12286
88520
2643
88406
186081
148536
96336
74990
48046
148283
46145
4669
148922
233406
90379
186177
11951
192657
155330
84858
69602
185108
161038
148387
151568
151733
148723
170923
148282
148527
155353
148493
25415
24653
84480
46207
43379
151069
13308
12708
14470
31838
8767
13927
16253
10352
38551
12497
5805
16153
17679
12547
10918
6387
8980
24580
22570
50199
6031
14689
16732
90951
51539
30160
16377
12179
10817
6801
9839
13661
8684
6937
3148
9328
4245
10381
9943
3056
3445
13870
12665
8047
6672
13122
233396
15047
1569
4025
62634
1579
13866
3541
10454
5316
12851
72364
50046
11552
2314
14772
1653
37232
10478
3997
8295
11395
19421
1932
17509
15505
16434
3720
30217
18453
10549
10725
188912
44817
9722
26137
8311
2058
16676
232
10895
5187
11233
16796
10818
15484
20650
11125
2983
22627
11846
18296
14223
10207
85963
8755
11889
8186
17177
9506
25972
7156
3899
3503
11401
14095
7546
36900
26718
17039
6213
15521
11466
22474
24118
11058
14135
5615
8609
3323
32968
1405
3742
148483
72514
33477
6037
3325
11879
7509
3181
22969
6004
18718
70215
5374
21929
42994
27824
7540
1917
17898
11747
905
66469
9819
96043
1235
4484
8598
14710
25679
17521
20720
18856
18987
30398
17454
17940
40785
34217
59433
10274
6396
9593
17483
13738
17963
2764
66217
55786
13611
37346
37754
7587
8532
7724
36008
78309
15411
15609
77937
65298
89124
6551
5482
8264
50488
4034
7923
17788
6115
96402
149503
71973
170412
149847
31333
148561
149037
186384
166253
176447
148500
96684
97032
170981
95525
151492
148424
178301
149382
155267
152222
53093
178801
148712
173126
148934
161718
152425
245624
195436
98639
11182
22299
61429
3015
20660
23991
10939
8205
10720
6695
9496
13376
1547
1715
10612
20125
26782
8241
28299
8045
2225
12363
2963
8897
9574
1670
10083
81288
8723
770
3319
13183
33389
4574
26103
1993
4089
28320
33068
16163
4859
19222
3612
16229
1718
19334
11946
3337
14384
666
4361
5723
22700
64608
16563
20915
8705
11120
39716
10562
34617
85769
26456
10052
60810
62979
76741
69337
26474
9548
68829
2669
1268
6667
6985
7276
24207
5518
14200
22256
34016
2639
60943
83660
10810
18290
29014
19866
27747
16337
15395
11129
14469
9557
2498
93335
3058
5623
6038
18303
71525
63957
72851
22842
822
27764
27158
19982
27498
18432
11399
24303
14472
11955
1443
9518
9770
15694
9842
1828
6140
170908
9237
17722
1584
13044
24776
2143
9331
6238
3449
10971
169684
1515
8902
15485
29892
5
12856
17083
6762
3022
3297
11277
7974
11763
2868
15578
811
3896
12529
8744
3614
2720
3631
756
17102
16610
5072
11942
6522
2530
18157
4068
10456
6676
14426
149501
10924
28457
27392
12230
7836
36367
4678
22822
29060
851
6361
18775
4887
10934
65743
24813
67865
4560
3744
6637
616
13537
8739
8540
11222
2714
3251
12366
65730
5972
24876
7605
7783
4963
13319
22677
64346
13260
18527
27594
95847
171419
170429
169965
170218
170175
170199
18683
178075
178254
154313
156015
171467
148875
149123
71787
150720
24683
20848
25275
27541
96125
95744
51025
88434
148369
152993
174791
171405
148430
148441
149426
149683
30325
20047
194474
25191
24623
31889
179196
25213
96161
150584
176665
155863
153602
97716
127225
21395
10351
8435
12771
5181
30756
14382
13545
5816
36002
7793
47907
2974
10277
20672
2109
2386
11631
1079
5987
2497
7391
18813
8489
43712
47588
11065
83814
5008
40737
45083
197125
9809
33306
22046
83453
69643
9206
10436
1775
2285
17071
14230
8799
17366
4542
6974
4951
17070
11173
9384
31579
70451
33041
407
768
4717
12037
8288
14458
30404
3908
946
3301
69281
3256
7621
10875
16113
75972
18782
21617
8032
7107
27194
6451
13138
2325
2776
12309
11917
12096
10849
2456
5926
22355
29128
65409
3923
11039
13808
11112
8478
7500
22958
6536
24385
9141
20843
9731
14618
29206
11958
67614
1586
15725
1363
4209
11666
10010
10641
14691
34325
6860
68868
11264
71970
9324
29543
36438
43143
18426
52195
36493
81821
8168
1660
1418
1937
5204
5777
68227
1938
15029
8049
12351
5668
33363
28242
15291
35058
4492
12617
20016
2924
13295
5758
22035
7361
2802
867
6570
18677
7352
41268
7977
13498
39750
8889
12360
3858
11109
11322
11415
5358
9961
96183
4219
9495
11274
20438
6041
9158
10845
11121
23719
7489
7014
24284
1460
3800
1050
11504
819
9588
4206
10431
12828
11422
15350
14250
31230
8470
22980
4888
11792
1730
2427
57652
10597
2772
7521
13902
18354
2682
12613
3566
2989
21497
34382
5686
16570
11702
22472
807
7929
14830
9801
4607
16696
29342
10114
8707
897
1780
7905
7124
7057
24019
779
34212
45518
5462
95835
41759
76069
41658
22891
2220
8906
7618
9009
6862
61747
25029
13265
26701
3210
13998
5236
34163
23568
9969
4909
1594
15292
149891
148758
88897
95882
103919
95880
148593
68728
44093
148427
150616
70345
19587
66694
194515
47537
204811
197202
185547
80061
194472
205905
11199
175215
149884
68216
159189
54893
155279
171821
150948
148636
159428
155055
148357
69729
67494
36691
170884
153025
96863
151311
168329
33803
6452
1956
22443
11791
22452
11898
15210
7239
4545
5996
26595
29268
9865
14456
5448
20774
14859
16988
18943
8736
9450
22469
12615
7857
15783
19270
16410
17803
14408
31693
76700
26548
3519
2463
10832
13128
17661
9451
3362
6501
27088
23673
26547
32501
4652
8554
32419
1766
63975
10872
13567
11790
15537
19417
14643
93290
10184
20444
9952
14104
13288
12913
11768
44160
35821
12984
31469
7979
7409
7279
6754
4152
10995
10469
13131
25318
39952
81666
15455
57575
21341
14854
11025
10852
17595
20889
5808
20607
10610
60050
49873
9555
23806
75900
20225
15870
252
3822
7049
6042
38978
20409
7828
19290
7478
2707
4019
6415
20367
2422
18005
18095
7773
25358
1787
5198
9986
545
19857
5945
10247
20364
5886
9405
8717
12673
4132
12185
16971
19146
6438
24091
21427
21662
3268
18061
17958
29812
11158
3016
2084
11250
8796
1552
18820
11787
9592
13331
10355
35988
26193
15604
10978
6552
10494
58409
14465
9845
12266
12131
28633
23982
6077
61147
4100
9448
13001
714
8833
10292
9502
19953
19182
3002
18180
18510
1874
28280
7339
28218
11618
15156
20618
84642
25716
36066
41349
27739
14247
20906
12152
14154
19020
6988
6673
19121
7020
920
2211
1016
8169
13926
42677
44824
9857
24199
2319
27073
4293
13538
13371
32499
8204
40808
13876
50577
12594
3789
8937
19808
8001
9493
26710
76181
11999
38723
18213
11888
73451
9710
36690
44870
22263
13239
969
12124
7711
4430
32024
11102
8432
8561
21657
27225
94
2402
1176
8577
3682
860
21765
7334
26775
19132
9035
12848
17845
22537
11099
959
20557
70168
16693
24646
40250
33305
16970
17793
9569
32385
5681
1722
18508
521
18100
3597
35884
96147
8029
8002
11064
3706
14533
6531
49810
24837
21495
8388
16078
31961
33737
160617
36550
27357
96144
65371
2709
1101
7179
46142
9038
21691
19366
3257
31673
1045
12997
613
4953
16505
17639
6964
14838
24828
3691
13912
7713
14442
8512
22081
10204
3480
1850
7820
21348
23148
40078
75593
149804
149208
149550
150165
75896
39625
33437
207924
48915
156970
170938
150044
149708
43547
21918
170329
181091
148698
148599
148509
183308
148487
26416
95825
95983
27448
73478
34723
150198
46807
155452
46571
98688
148452
184336
114767
186365
150160
149574
8290
22934
10883
95779
2421
17163
7332
9939
12611
51080
24939
11786
16545
25392
10500
7542
24904
3264
484
2179
20923
10356
11960
9077
2860
15739
53070
18117
15031
7302
20212
17936
9364
6694
2290
11766
85894
13244
76435
1841
3431
22600
22966
20099
1890
24115
12199
14493
39481
23716
14882
1059
8042
10958
12744
43611
2473
11165
16827
21819
9680
26479
19530
19845
22495
55432
9106
26683
677
12078
27823
13212
17068
63157
14575
25196
209383
20632
17326
23377
4955
25819
18675
16618
27878
15470
688
1964
13653
60396
15060
6363
7897
5982
3120
38414
44593
14802
8820
18883
40154
7685
7477
14312
9633
18029
6469
24902
7153
19768
16436
15884
22063
36146
10434
1548
40784
4805
95502
12028
26938
9049
113748
1043
7911
14061
14058
5200
18016
4942
10930
5285
16142
8987
4667
26277
24909
85126
10558
7899
2105
2264
1734
3375
4691
18069
22892
38528
21939
2366
6830
63341
11206
18377
12704
15843
68719
9673
19221
6581
5125
2827
35067
49064
7756
11249
10679
18633
13395
10755
26895
10278
4212
17149
21217
8145
12419
6602
3546
1341
21711
3035
7060
13092
2006
1327
33639
6250
9694
22563
16585
9561
5862
105
2430
12987
8268
53023
91077
24681
8604
80691
12931
15734
13924
37739
83932
11926
86551
34005
55579
25843
34536
69227
24181
57119
7382
27512
43114
41874
4958
14890
773
22327
8800
10756
11902
15346
14832
3036
5332
7964
6651
34605
95946
22445
9757
8765
21816
76072
4450
12715
25919
11745
6134
20599
9180
8115
32029
4587
5664
65754
10766
3317
10623
4534
18459
6863
17863
80912
1002
44816
9266
11151
18511
23985
10606
661
12346
20034
3156
24495
4336
23010
85287
14873
3228
14486
95932
96442
12656
5398
15161
4038
17943
5391
14884
148666
16711
97211
43881
11181
3860
11759
19407
62375
16432
11088
6991
9777
16719
22158
20730
13282
4041
29314
14677
16515
74890
35593
30788
9648
29122
1924
25519
3616
10853
34630
153161
170771
148629
95869
95855
96342
98605
95954
25767
148366
60909
215027
156212
204486
182716
173248
155285
155057
151475
151476
171304
148471
39521
22607
25505
109231
150039
90202
86128
151234
148739
170927
155271
92657
172050
204540
150732
19164
216894
172364
150366
151146
137040
149172
48989
149081
176910
170939
93915
203513
172727
127034
6391
72128
2380
10587
42900
20333
41634
3459
26055
21307
12706
27509
9738
29329
26054
30931
49343
1616
15700
7988
6737
23307
29607
5733
10808
5388
7106
6371
12317
2793
3793
30750
18980
51420
36549
6907
810
17957
3491
7265
20171
3978
12006
2991
15127
10250
5102
23291
15230
14094
4356
7674
18003
9040
3524
6259
14345
12137
15394
43406
4686
30137
58708
15959
13675
16308
37129
210673
51727
16617
12459
9775
4896
36299
15732
16184
15626
43659
21534
14293
14541
28163
3137
15282
9665
11723
7849
6679
13230
35479
19996
11131
4679
18991
14333
11679
2629
904
13505
45614
15780
22005
7493
8215
22997
10206
15751
60634
27054
20791
16152
85152
93860
19610
28594
9029
16519
44533
12229
23353
4065
2471
76767
17563
3787
22273
726
16099
11176
42353
14205
10249
2752
16359
5238
76033
40515
13061
6177
15570
26585
4468
45308
7460
13884
43318
40904
19498
17355
29828
8658
53691
42339
7007
5208
24930
91688
54372
46337
8395
4448
16122
9697
22257
19298
51180
16987
27114
34877
36535
7130
67436
52205
15342
31276
5010
7993
2090
40410
26847
10084
8022
25147
10331
9646
4249
10339
14641
21664
1339
2771
12255
8804
87260
71390
23195
63667
4956
4761
25193
4402
25487
70859
16876
71219
10163
12461
16609
8428
31154
40348
17300
4541
20625
17091
5501
21144
95193
24640
4327
9052
55889
21095
12001
74960
13759
6119
41267
23174
4759
15273
19422
16587
17113
6642
26612
2766
90363
48138
70814
54360
54818
48774
78464
92531
16523
10800
12425
17754
559
12056
8490
7440
7454
48140
11394
12630
14213
2874
4567
11313
3057
6657
16311
89668
14829
2495
50435
814
240
33254
6850
5021
38119
52003
36206
11373
37610
57075
18944
13819
14115
5237
8626
27458
17060
18255
5213
4442
10212
12934
15494
2180
21778
9482
15814
11596
22011
27429
59925
96959
148792
96221
96314
96489
95854
148368
10496
149957
170551
21797
191366
188129
198398
208646
186802
171519
148863
176087
153941
149139
150055
170461
150292
27176
29990
29632
62714
37131
100921
96382
96688
76959
173325
66494
202702
180300
171487
148457
159085
171006
153397
170844
153246
151465
154254
41253
19437
124303
16797
172736
96478
13603
97560
148324
10567
10983
223035
96792
149413
149816
160614
150282
149509
194848
13029
15388
10604
4941
19987
17239
1349
24547
2169
2114
27724
25407
3295
3192
2799
3841
71622
16239
1982
1509
10288
6512
1376
8333
6734
936
2893
26542
12603
10033
19340
224
29350
6712
23268
27217
29413
30238
66675
9875
13194
1173
1645
30333
11683
1840
30260
15808
21190
34299
4982
9613
19548
18193
10994
4884
23288
32237
7613
32875
20539
6171
48017
6183
1034
3338
8338
1077
5570
56736
9504
25721
22440
33470
52086
18322
2248
18818
1063
17836
8153
46372
6716
17614
9973
23779
7338
9183
3289
11262
14168
10601
6051
4050
12857
7450
30054
6176
3539
1319
6053
6332
16488
19111
3947
20065
511
4169
9859
5830
6780
17278
31635
6368
12996
15285
32990
14792
11537
1737
21874
24556
22869
19468
11784
15683
6277
41549
228
22187
21579
51946
11882
9228
19595
11144
19811
10631
14936
7538
8172
12737
3651
8602
7511
2341
13093
6702
7533
7186
16456
25417
11689
22446
24141
4045
24825
18668
4173
13236
1686
2191
5515
234
31528
10201
4551
994
10886
30725
6911
9977
11283
12293
1291
21288
6298
12306
7234
17637
2929
34242
30223
13571
32963
10910
17267
15740
2132
9226
26899
29158
11687
25795
17557
4159
25296
38714
10189
73146
27840
17489
5033
4612
26849
9978
17577
31095
30520
11496
27574
34465
1371
11992
26897
13939
16794
16010
8671
13946
46957
45403
37943
12058
56999
7162
8748
65923
3891
71695
6323
8947
9336
13201
62717
7298
17764
7012
40316
46108
38188
71931
9109
26934
69284
21437
48168
41715
18582
41688
14912
4230
58766
4228
12205
12177
1591
7132
23330
11501
10592
38780
20507
16091
16757
8128
17864
14229
1753
15234
18967
10600
5603
44941
3751
31162
9893
13702
53795
1849
12163
15016
49816
43855
33165
30157
27365
15339
6655
5769
11217
5904
29192
17111
152650
27560
17233
159102
40066
3534
24647
22049
24238
16657
10380
10529
25933
15614
87145
8997
17852
23093
10113
19611
70872
28170
17357
5532
2737
13135
95883
15063
96652
12575
7066
16413
17188
12567
26982
5680
19370
39417
14885
2541
12919
1678
24191
51011
30075
84452
20178
19155
86915
17989
52893
22976
32756
49117
91341
9135
3577
36850
13338
14534
43650
14464
9936
12234
23927
7470
3667
6833
25250
7116
1713
3282
10407
14314
8471
20412
12951
9421
240696
9543
14009
149793
29119
206344
88792
38452
35256
96200
36621
47552
170718
75117
153056
148327
149095
31953
82557
148752
156871
202969
166106
186517
203220
194548
36431
25606
150097
152388
25915
37544
95911
96961
96540
151410
196479
148814
148835
153394
151518
148403
148447
172006
151842
150299
150289
97236
95824
170726
17417
159046
171283
150047
182128
14487
96003
150456
179570
42280
43503
29536
152193
148776
179808
151486
192817
112689
79137
242297
99928
11227
7086
12196
21250
2134
12061
1859
5287
44558
23037
12008
38258
14072
16489
42863
8155
1568
22373
11707
10921
3099
22125
16399
13081
18040
26354
17776
4584
32500
2032
9173
44257
2399
9138
7535
7659
33353
15331
28933
25144
15175
1631
34532
6364
23618
7169
7268
5572
15947
15968
13780
27572
11293
7222
2729
19208
19489
22247
7597
2213
35375
13325
20512
1745
48377
732
23426
24526
16120
226
16491
27363
27622
62279
13635
52516
28595
8178
39465
3869
863
19233
9301
25690
12125
17689
8070
78377
21100
2354
15023
14405
3167
18900
9485
51350
48531
11950
36593
8637
23199
35969
16893
21094
14741
14608
17429
3510
24302
30022
7085
30527
15217
32225
19037
12077
6653
9149
22328
33741
2789
25852
9780
3732
10865
92371
9522
18318
16731
67700
29219
50414
11168
1833
8114
9840
9201
7549
5661
19009
14512
43978
50398
5586
3067
6943
14898
21138
15721
13452
3324
209619
1136
12558
66926
15027
29593
7948
8274
22315
42118
1897
11746
25113
5083
13769
10179
3609
46201
9002
96341
72939
69961
43282
16595
1231
10304
13237
74551
65774
29997
2228
33001
38897
14340
4514
25047
3940
42521
7283
20263
16683
3097
9786
8563
21719
9608
48309
11045
17034
21262
6046
1566
19435
114
2806
13947
37991
7188
22864
17485
4552
22633
25838
14979
36903
152141
5041
11044
24249
20128
12760
3367
29389
5409
92632
27734
59929
4090
5968
28346
9742
6749
29694
13632
11486
12880
18698
9076
2148
6245
6477
23812
6554
13091
9695
5882
18533
25347
96009
16771
14906
4921
65817
35418
92804
19253
14066
28404
4547
10259
17005
2056
31072
33189
16465
4083
8580
13504
55110
4263
19892
40532
5042
40060
1107
11413
7937
1744
10747
11838
11284
2959
2852
77278
26779
34376
58130
37667
26879
10372
18132
3090
2129
21083
75011
14155
2733
23805
52298
8696
4989
18981
69824
17664
23903
44615
12437
6223
21102
3913
34406
4917
61925
27630
70012
80620
10952
9692
16807
44717
19690
10613
49112
14572
13987
18252
18435
148294
11467
13627
8340
18682
16439
12663
7967
4451
94734
18890
3051
14226
20369
12315
42573
12439
18827
17800
8495
11077
69328
32232
96012
24616
180037
22725
14336
65800
111
27356
8036
11797
13570
24125
49314
5953
12669
68315
33272
70556
50030
30057
15544
28115
61135
940
1080
3886
25040
13646
35626
6439
5934
3031
5793
36409
12039
3697
12477
12998
3925
24714
4790
13726
18831
47895
12661
1886
11220
32779
29624
32063
60899
27801
96620
96137
170486
148309
180654
47748
27473
159170
148676
148397
175640
148877
151979
170967
150182
171173
188530
151868
28828
231110
163161
201544
204050
163112
217604
223379
198974
40114
152873
159383
155061
148639
150558
148502
171087
149672
152304
148572
172386
159839
15012
96720
96063
96032
97279
153171
149219
151481
176555
150276
149906
148719
150698
150133
149872
78948
148732
148911
148830
173931
153494
57225
96335
170295
155162
190535
148900
151393
95996
149348
171394
191936
56471
30902
44311
97379
97019
172611
12371
63002
40663
43300
61081
75595
96127
98042
173049
170394
170272
104119
44666
96651
98264
95892
61127
216246
81852
178260
171664
129550
188805
165569
155839
102596
12808
11857
27172
988
26314
5997
18413
22643
19150
43832
10926
76051
1714
31911
15987
41480
47095
16307
15705
13660
26365
9736
39339
95012
27370
37355
59018
74917
85101
39004
10195
20400
68851
44507
25252
17359
52426
50562
23427
89876
55289
49273
36889
14816
21801
40790
18802
17367
11378
24458
8535
14639
11156
9667
22983
4441
18266
3314
32471
12433
832
31054
13346
22778
10619
17530
8674
3157
21304
5971
32216
18774
24129
9948
15560
68421
8402
8367
228897
12254
29199
3331
30463
5508
13412
7699
928
6589
3044
10110
14697
29809
691
11159
2488
14330
21482
8903
2524
26805
15874
23286
10964
6158
13767
18271
4009
5111
6632
13604
95
33791
14143
35674
10035
18240
53118
11991
18985
7294
18857
159856
13434
3464
36097
32119
16884
10841
7337
7869
16050
27889
12962
11428
24036
18229
22428
1565
19753
15142
25241
37317
41270
55734
1661
10173
5666
18448
20661
7744
7634
8066
8443
31645
2093
4974
13208
23907
14943
50992
51939
7954
6170
2553
1555
25057
16517
27811
14358
24315
5574
25277
78284
15170
5394
5203
7819
87637
13514
4858
16880
5330
19034
5414
69233
26015
9866
66832
40540
72694
31881
12948
4183
5370
4818
13892
12897
68211
1600
12320
24195
18209
24481
10970
15440
10470
8807
11657
10902
16185
13136
79762
58883
57844
46956
72820
60856
39664
13795
8548
13849
29539
34411
12468
1064
1458
9963
1513
1378
24517
87304
14053
3195
6434
78252
7582
18414
21655
2696
37521
19025
18001
9849
16111
4811
22777
42019
16870
11863
15251
11893
18966
13368
16629
20747
13227
86903
27775
21861
1570
13015
55064
12456
5476
7567
2364
35435
19196
15894
1700
26789
18324
12482
64455
15572
1354
15296
40732
22117
1812
8262
3517
12193
11469
4977
15963
22396
78238
12490
7746
37497
15828
40037
9103
6549
43744
13874
16298
3277
19601
16382
7317
15522
28072
9116
12945
14778
24296
23194
16682
9108
64570
15530
38009
23245
12189
16305
89030
159265
30814
5707
2909
2052
5045
21972
20403
10077
51059
60083
1685
10248
25243
12415
23142
11437
35750
88262
13809
18082
63632
95849
58100
148833
13424
42799
15237
99090
32405
8246
20922
27984
7022
11914
23835
5032
43120
55954
7087
83153
24110
33589
46270
10271
12148
51206
6074
27065
32584
16127
14209
5545
17856
3796
18650
2549
22124
43797
12777
10869
5776
17498
20794
9430
74003
91056
10416
2317
9012
51831
22644
890
7523
14239
29443
16581
21628
5175
62917
3620
15698
22246
18173
550
13612
23906
1738
5687
94274
16183
17572
18492
4852
1794
4285
34494
24513
13585
34328
9957
48447
4946
86655
16034
23184
78289
25018
16752
34855
36917
65385
40403
26442
31327
23055
8731
22067
38473
53279
42056
76872
25902
2406
54307
8136
16551
47382
48796
4324
50318
12742
63114
53810
18601
58514
51682
40010
85486
21880
91150
24310
3736
6627
56615
185496
32846
97485
97426
96347
97327
149075
12589
26892
96539
28743
148376
149299
149658
149096
149005
149124
27851
173151
169969
150190
151308
89771
148428
185986
162959
185503
38350
70164
196802
220236
199032
150117
171852
149079
149506
43297
34611
40313
47884
236645
100532
97281
96521
149675
153059
168865
48941
151297
58475
87859
174396
210573
195192
188591
172127
181702
153262
148297
151525
173476
152176
149525
150027
155093
148469
148618
171646
171857
149448
96138
95940
97791
96373
157960
152994
149576
160890
81070
155074
56116
34454
36473
150051
52687
149054
155166
159211
42998
110386
97505
150174
170215
101646
45768
179051
158638
103800
19496
177006
59318
150882
198955
188222
101317
103083
61150
88058
30970
150082
228502
39812
9890
19742
11312
7006
27756
12780
19572
12983
26034
69771
5737
5659
45540
20316
7703
13954
19089
17885
13204
4861
8266
15854
22811
7028
33261
1662
27437
56391
11300
12971
16213
16222
7547
26322
15756
8527
4278
18488
5141
6356
35498
21849
8499
11053
7918
12408
18708
19923
12803
5267
5989
35312
43493
6006
1975
57416
11232
89245
912
7838
29216
2489
5218
10039
12153
10861
18740
32107
21583
8659
8167
11391
16759
26570
15872
14335
19688
77183
27898
14292
66165
24563
70452
28655
70426
34851
13232
2027
24890
6779
13484
9501
16355
25774
8233
60366
18046
11905
5866
18021
3637
18542
24831
7716
27723
10702
9047
7575
42756
4319
13363
42418
16929
12896
16140
28932
8855
8057
19560
58398
14131
20323
4773
899
21630
23443
16852
24602
7650
9927
35383
20869
35551
20230
39129
48946
40797
36637
13988
7421
16267
19403
52957
27784
18659
41019
15722
28450
28477
5226
11845
4554
3159
14167
10665
9716
19633
9751
26999
1748
18085
1655
19342
10867
17496
9538
19095
36156
69506
23692
12249
9319
20018
18091
17180
85181
21091
57899
11253
55654
11782
26321
5595
6095
7914
15693
13222
11344
10498
96110
18089
6664
7787
12350
14706
18593
51008
14276
15477
12095
2585
1533
11668
7736
21109
52231
16282
42464
7181
13609
15728
91572
92103
43405
6017
48142
9992
17030
11774
1815
16234
19577
13065
52602
3731
17501
8265
43517
7748
18207
14619
8665
26126
17181
15200
53064
61387
70221
30833
71257
10966
20254
12991
28728
22223
25132
7474
7093
11642
10322
14218
20746
4920
24723
16621
19480
34849
61331
28389
29939
5494
27713
2817
18591
14000
21197
17443
18995
29001
14693
33178
12643
67826
75582
12793
13765
66564
6920
30623
28238
1516
33140
18165
19080
1784
108
28371
10775
19936
13180
14289
29177
1305
80781
33362
20542
3233
18352
21001
9490
12031
842
32347
33721
11451
33340
10507
32189
14970
11807
19669
9370
17305
12534
10514
78096
5984
15043
19562
15365
16284
10632
15823
61259
16036
6711
2533
9799
5657
98
29381
31887
11756
16576
20059
34897
7458
9934
6418
4899
42759
16854
83101
17802
39666
20591
40288
34704
10255
20454
40224
1314
14527
4639
21422
38385
37698
12872
5196
41635
95938
95990
96102
37953
83840
5000
1905
12843
1508
6750
15003
3585
7920
17414
9014
80542
92535
24024
15919
2841
4302
11750
10709
6263
17143
25725
11339
8005
24806
30046
7534
6009
6832
24593
4838
8838
11482
9560
17220
15493
30261
24016
14939
39445
16082
3278
18516
13154
6821
12528
238
12785
27016
10605
22433
27718
163079
8709
97698
54330
148390
227769
156802
149421
148497
19938
96328
96960
148965
54201
148605
156242
170519
177175
150067
160501
151032
54724
4901
149465
148319
170509
150932
194986
209575
36568
213205
45546
225248
199435
165015
80081
193970
233040
41018
205299
153289
159350
170806
159336
148908
159257
174269
174880
27184
37210
100074
159735
148903
73056
208306
171611
36183
171820
164038
148896
150101
152432
151084
151045
148473
150297
148643
177808
58262
34152
57747
95826
46576
148377
153697
184756
175928
96026
192809
149499
88645
149351
47170
68798
81839
31029
148449
150466
244430
149689
80766
150621
95822
160752
187433
149093
150195
98123
164984
166869
154175
180838
242448
194639
151519
215113
97913
180446
98258
160692
91070
188735
183497
96412
226474
13861
4670
29477
17736
36127
16218
9113
37876
40338
13920
2001
6834
19976
46706
5694
10018
25742
18973
13736
13293
30120
25067
73165
12597
23928
23533
25316
30171
15549
35478
21891
37126
3957
6067
11420
44937
15042
7170
26880
46289
13491
17431
26477
18248
41701
12323
17615
14536
27430
70886
1953
2095
45305
7987
19672
26228
41650
12778
24782
23336
1517
6405
9424
6441
4697
15452
20305
35037
20868
10795
8612
17857
13069
76218
8298
19638
17277
8813
7663
7408
6411
6173
9411
9505
9566
75458
20227
74493
21226
8752
5015
30838
31896
4462
14726
15975
8416
3598
4017
34176
4702
27681
15013
82928
22536
13248
67059
6876
39375
24570
15206
54868
41912
12709
67732
71181
98603
97784
95899
5562
30250
10299
1119
24093
5016
25280
18107
20569
17432
6260
11059
15773
30334
14607
9686
6455
4176
26788
18656
34550
6375
3903
42972
11494
4211
10893
38958
14817
52567
14672
19798
12871
6293
7732
12779
10166
11938
5130
18169
97
27670
2173
36733
10268
41839
7898
11508
53920
11900
5231
4748
14955
9265
16376
12682
4740
18401
31143
14344
7761
987
22001
17602
29249
14647
21483
9959
77258
42344
57815
3675
11146
30592
14775
14713
49772
1988
12314
6156
9374
2346
21738
6962
2870
73330
15401
5299
9769
39034
61685
36860
16838
45232
24795
11629
12356
42750
78151
59178
21589
22064
81908
10232
88766
17033
31227
28718
4662
81228
15992
29500
19040
15706
7496
29094
16917
2712
43058
20648
9994
15703
11698
22196
54884
30533
27491
12801
13483
13699
14590
1536
11672
15495
27551
10569
14756
25659
14246
6529
3803
17583
7039
14174
26097
22267
19890
25954
5183
68600
11248
12610
13689
2836
35485
15752
14603
3197
30360
35463
9825
10716
228726
13834
1514
8714
52582
13108
23294
29057
19695
8555
31930
13309
11669
35686
368
2241
19623
11633
51666
17600
40657
21838
19014
28365
8371
1507
22293
33295
14457
16770
9232
34707
22854
15654
20789
25197
37382
26973
9810
13511
22447
25598
35861
17172
80979
1574
22467
84507
4595
3276
22466
13332
10017
7484
5136
22522
12741
12509
14773
17157
8218
8401
3600
3881
22154
9889
22461
26305
30126
24652
15038
29482
30852
27736
19794
6330
29584
9442
31538
82700
12033
20053
2538
24545
3758
38043
41779
62782
26513
4791
62741
4064
22880
11653
25898
11085
35673
6979
9486
11169
1356
44062
19793
44436
82240
3692
2856
15128
16405
19864
12740
11366
11230
16845
66509
9623
762
7034
12238
12650
12647
16162
55482
18834
13041
1792
17315
51379
10829
54472
23679
14020
10484
26601
11585
46339
84512
16849
149800
28639
22767
8847
13348
17106
22371
1564
24409
10877
17185
7560
21019
3922
2641
40664
11719
15511
175834
992
4347
86159
64937
20624
41504
4798
25385
96845
51496
11048
16894
11078
2038
15288
3072
37828
14326
12949
34729
3811
49209
148408
60659
91994
96041
24111
34997
21988
32961
9558
20563
3662
34609
15181
18957
12426
12413
44026
12059
21114
1819
24979
5647
19070
14362
5801
113
79233
61911
19373
58774
9671
28058
20243
27490
21764
11068
2204
14995
16427
10194
3237
6397
25300
9192
18722
40600
24159
38201
28275
55295
62568
149133
40794
12344
209744
148299
73322
29137
47054
47644
96882
95930
24008
35814
65445
82942
53921
148301
39605
28696
148646
160109
148706
172559
57272
151990
153232
80228
181226
148685
170836
153177
225952
207038
26106
220066
208861
239694
89174
202480
32950
190546
171165
43989
45570
96748
97484
96013
95986
96031
96809
108528
151034
95912
97310
151002
171533
148803
13659
174802
173673
161142
149844
153873
159732
174187
150803
149215
154266
176011
159473
195930
151529
149859
52632
36451
98406
95988
95902
148850
55302
148445
213497
161658
181343
23667
39124
28783
149669
149147
148378
68335
171123
47373
97495
218411
150006
197082
212294
54384
42869
149029
39596
54298
163407
151624
34673
98122
171241
151692
172090
169517
96351
148478
184152
149169
184472
45176
99277
158472
148395
41825
29226
159432
98783
172677
100027
96050
176124
193919
148721
175535
183492
150371
189400
175236
23488
99191
194863
163452
150850
43041
15513
14413
43663
7725
12954
1422
1225
6243
13413
2126
33036
30446
26260
20651
20543
27968
25206
18850
3678
7559
13043
18684
22663
35886
876
10192
16666
1355
73353
9042
29283
16408
65986
20735
31576
6052
23456
9219
14850
12523
10807
20064
19275
57957
8904
10941
13496
22023
23540
39229
11514
7214
11667
32973
75236
79715
47633
4425
16251
2436
6021
11218
9214
10839
1986
12279
33056
16878
11197
12297
6080
8460
7126
9885
2043
6972
25762
4351
2598
11847
9110
14109
22819
40080
28053
2442
16655
16415
4849
17304
16450
24834
1226
42650
17243
39391
49927
11695
13034
12888
15041
10951
22567
13019
58550
5618
3369
9037
16810
19829
17253
3836
17384
177884
29719
22619
75385
8181
45136
55455
16398
17789
19749
25536
24572
2558
28782
28286
31559
22901
12347
20937
18526
8003
19382
15025
28464
9853
16803
23744
3768
6133
14044
14395
1827
14374
21022
11830
6061
4710
8573
30383
6488
50832
4762
6856
22112
20973
15967
40698
51245
7877
11559
4810
5221
18276
11215
16871
6763
15559
4891
6202
66231
10615
17899
8030
61879
7342
9509
14258
43375
23783
78937
38781
22326
24440
5268
81812
17484
26404
14526
43552
31490
14088
24354
14196
6500
41114
39737
47988
44572
45904
77318
87589
14243
50570
58112
6491
27041
68710
10354
45027
87448
5513
95728
12174
122
17328
16232
47193
16296
6718
34846
17607
64362
36123
18337
68826
2112
19228
23235
237536
53513
20884
8279
5748
7417
3757
7026
9550
15600
29606
3588
17481
9156
31324
18088
1795
17677
25468
25258
25338
18466
21998
11801
16248
54754
21365
5069
27838
53037
25205
26259
79103
59347
20457
16332
20737
5197
14224
6898
13218
4429
24691
9189
38749
2067
2779
37639
5641
16315
40175
7095
37334
8805
9891
15541
19848
28219
45490
195406
23088
21322
3580
11754
13258
8614
39500
938
2762
20453
33868
5309
14508
5639
13101
28348
30089
13727
17915
22759
18503
14418
2327
675
9345
16143
3339
21218
29190
20978
61683
62427
78789
64813
31270
9353
24807
21292
238299
20001
47203
77626
17917
21414
23784
9571
24641
21465
68370
14069
27195
62138
15797
87816
77528
48199
39921
6693
28574
27466
5331
31495
48061
27553
22217
27534
67401
13959
7982
10397
46903
15542
26498
61441
74972
6180
53792
92128
20265
4004
7788
6097
12636
24240
173300
69043
20079
480
34146
24600
17298
21496
30191
17011
19101
3182
4056
26543
5263
47356
2082
21648
22510
22800
6601
28678
9663
24389
51192
3701
4993
3951
18009
27312
2351
19060
110
5251
40412
58884
11620
101666
32411
8534
14403
23728
23079
13416
18581
52652
4421
31958
34647
14518
9361
2601
18404
27396
24013
30477
65069
2922
3775
48768
30687
173456
410
16045
86630
20537
12717
1837
96545
25930
92306
23067
9600
62966
20653
20645
225600
12180
19097
7956
9362
26093
16864
17638
8448
8041
21434
56301
152257
39817
11337
18594
44353
16580
13674
36213
11531
4677
13399
2391
19773
18167
14484
30039
15754
15531
13067
40699
861
9230
15982
17058
7380
55174
2506
65567
8547
7043
51856
20165
11477
22551
235193
16290
10413
3826
55964
4471
16753
23987
19733
39190
22655
1240
17779
31589
980
10102
21362
35937
14601
11884
18471
19887
10790
8912
20589
15482
19743
7321
22120
6915
16178
181682
12920
34913
4571
19084
1520
12198
10266
21371
45279
1065
16278
61774
8091
24340
2679
2476
88573
16540
13704
17020
7590
29257
7418
14961
10482
31694
24375
9807
6656
1214
25442
24486
32032
1447
8566
8858
22583
29398
37167
27141
12644
17297
8719
34982
24778
189815
34078
53600
95909
49757
64304
159314
30967
27426
8974
29681
8663
5026
2080
34415
37962
20182
13989
13196
1036
95352
18986
6865
13047
42301
16855
30859
23864
30027
230
25328
2540
21192
18168
6221
34659
29201
22449
85570
1300
21261
665
16964
25138
9523
19710
9987
8876
28497
31128
13561
4189
4321
22316
28727
34780
399
30278
8380
181193
98408
97700
97769
155131
74018
149420
149416
155440
159278
41390
96581
97051
149091
196643
171469
180278
148539
173420
159095
171506
151302
53890
202584
148702
36747
150167
197762
212162
202604
55949
187948
157398
163565
219482
183156
42383
211371
190263
204013
182163
188068
149339
51991
38825
19394
49293
47112
49921
176822
12181
96019
95753
96988
97634
170605
151420
151509
171030
200527
48623
148405
171834
181695
171125
210420
172569
153772
148837
161198
148596
160720
149571
149284
201132
159939
150144
149017
174351
152816
151220
170924
155325
172266
178718
152704
148794
33600
67616
48574
96446
96300
122467
98002
150668
97181
62847
148779
149127
171031
206054
65315
38332
247821
148812
171346
149556
63046
149244
150531
65976
230700
182320
60934
97444
97293
183451
86770
101654
98009
66951
173146
75269
85524
52474
205614
38548
49046
96910
149012
101418
101735
172003
56401
97511
67958
148778
155243
167324
45029
95933
86814
44620
178874
151059
203619
36645
159353
149581
82020
172975
238251
43024
177532
12533
165785
155234
151706
20289
164017
151183
151408
161866
222021
153199
105341
64515
147749
163095
1182
28663
8486
27751
17257
29566
7083
2744
53067
10346
29145
12104
19438
22434
55049
23014
60320
20613
11440
8673
19231
25262
39585
3212
16283
9815
13414
24080
13155
3423
61346
30370
12680
25472
15515
12816
12823
6729
10653
35519
31508
15695
9293
6088
3931
17190
22598
16094
14078
10291
14543
25082
6630
14435
1115
28731
20070
10069
37335
17564
30870
34907
16097
1701
19372
56672
18725
19495
5621
1416
24234
25763
33720
26208
18206
6816
12258
2930
11095
11779
51407
1150
19027
86460
6275
18336
29865
34229
13942
859
17596
25733
21675
22661
13591
27323
23380
53486
36445
26312
78028
20554
15077
23312
17391
21068
21128
9539
18099
5691
3601
70808
41192
5437
10846
5936
8250
19157
4104
25530
34677
36695
8276
4785
16136
13193
15383
15833
21490
9684
11107
28187
28515
3861
10690
5474
74553
83355
18567
21533
36139
13262
6089
20732
16812
30119
10963
34446
31273
26284
54789
31888
24480
14478
13565
53040
7889
33513
12943
1425
16627
30869
19322
4573
1911
14055
22632
15715
8970
53105
31294
209841
23432
26850
66990
24508
6582
79659
34237
9343
4784
55296
63647
5883
3305
27024
13438
10090
8294
6225
83512
119
22584
2244
4964
20986
20310
29002
14554
33240
37115
17116
4133
14313
12950
14625
13066
31671
27948
6905
15382
4556
25708
51452
8694
10447
16793
4043
7678
21126
3216
7770
12480
16026
22542
6313
5288
4375
7879
51737
59182
9508
6533
4527
15480
43662
12352
31932
13980
5039
16631
18859
13286
7640
51305
33816
14812
19309
29538
14932
29047
10843
12423
17655
16843
2275
8756
62744
5712
8647
18892
19175
8493
13917
29473
21573
20504
14297
52656
20296
16733
10112
8102
6011
16707
10492
20549
39049
64522
12380
18566
20894
31380
87961
43105
74851
7267
15004
40629
51964
23228
23448
49575
20862
88037
89955
56832
20280
8625
57927
1601
32359
9714
15586
13398
18795
28935
45397
20655
44333
65611
16722
3059
22737
13190
18563
14111
22022
29980
20891
47106
30303
19457
2995
40149
67724
19189
159220
5861
1539
31317
12955
40987
30790
2561
13105
1553
12471
37550
17302
11278
1627
14467
7508
25286
20926
1609
10140
11693
70171
26061
42655
148505
47565
93306
71790
31374
14356
49427
9793
50876
37936
17975
8315
22845
24226
26466
17089
32248
15915
13983
3243
44627
15433
1125
31313
29044
9892
12867
10620
21025
818
4372
6421
10984
53886
65373
2297
24543
32504
3361
1028
22914
13852
25935
23977
3340
31978
77690
17438
36033
9868
27754
18550
30310
13783
2318
19397
38662
14573
27657
11648
55426
66536
10868
24962
63473
22521
45640
69422
60010
19210
34232
25433
31040
18245
3467
67699
42219
76013
84925
59349
19013
20934
4967
9311
19871
29448
9730
52513
92747
11243
4134
28407
6087
49140
4615
14315
87474
15687
17002
46633
3986
10465
7798
37750
15183
43732
41995
9726
1321
45583
15926
57874
45127
10104
180670
11073
88716
5408
78841
15220
20738
16171
24123
26104
20275
34075
80056
16765
10122
8318
48387
84801
26646
4344
15873
57419
91770
14199
35704
81303
184854
91711
16766
38143
18020
15861
9900
37532
20329
21122
5510
16503
26068
5523
17739
24288
34806
8138
28141
11678
18218
14581
30744
13235
99507
44439
60521
21374
22608
439
38358
27389
19269
16346
27978
29463
14385
150479
100
12210
10722
21451
4708
35531
6989
37085
10778
28905
15533
15190
27780
25027
47334
64243
18915
4443
17024
49197
58852
51036
175005
96278
222251
65835
23128
227364
7403
5952
81232
29684
14867
31703
11727
16531
18877
25245
27882
57053
26678
32208
223
37780
89545
37689
25133
17500
30067
42568
20002
23159
56162
20784
36602
11315
17683
12364
23223
56578
8643
22555
1251
8324
12551
17381
11726
84558
13311
23198
29451
12176
11384
42708
9603
14758
1470
9321
15028
30798
8565
36078
15946
38712
13117
27868
10560
173273
47752
34759
23828
27791
95440
40947
43080
237950
34041
97337
34525
66104
5505
23825
34145
3865
2950
6106
13305
20120
2685
4088
1041
47416
64123
1123
4102
22104
3346
26164
15612
58801
15766
34670
25618
37201
9326
9708
25187
15058
74650
18090
44003
11114
13024
16908
92349
23167
134
19488
22372
29322
35636
11716
21257
25586
17055
21935
13751
32745
11301
3004
17439
3111
15949
6853
8791
72948
11055
5114
16821
42078
12787
16888
19978
24491
7438
29761
3128
60745
64878
52224
55291
78006
3530
40126
46662
96025
96880
101588
96972
174573
154729
149055
148660
11929
62422
46081
96263
96098
99454
21480
93280
153590
87906
150307
89315
43730
170575
171704
171471
153716
42074
151291
170798
149086
148558
153271
87039
161384
180736
192418
204445
205942
165224
224367
219133
89188
165789
193306
198210
205892
76112
202864
228829
199552
148975
159158
150059
172457
156002
148530
149883
153256
41371
49565
53586
41573
43507
177962
74199
30077
25107
56321
58838
26221
96538
108530
97805
73973
153236
246217
155109
96287
99737
151991
5831
172166
95169
25135
86457
223743
150079
149204
170439
171686
170602
148832
161257
150623
153216
159456
149703
149705
150742
150762
149910
153274
159435
174984
209622
170606
181031
149729
175149
177746
153609
170937
50193
49791
68606
33397
27606
96404
97235
96604
101718
95905
150723
41580
160761
209533
155699
176698
204969
235345
199208
202775
216484
219043
207442
156734
24895
43808
54337
96621
148454
81573
175432
62582
21839
37402
170521
96089
35770
84400
43818
202030
97324
96686
160343
52598
76225
59039
180507
39682
62962
49467
83190
109712
98492
98730
190228
246884
170942
178992
148584
206604
112497
99784
96143
68813
66253
72690
133023
109009
24128
178529
172733
148851
148641
96048
247267
171775
171955
49637
216695
179624
240132
223286
159962
163063
183996
151246
223924
27112
77509
158628
27834
155613
129410
159783
126621
113569
132545
180104
186854
172688
214502
228914
165666
65185
96121
127847
208186
33314
50702
566
4883
19263
5195
15191
19775
16124
1826
5561
33408
17169
1808
11269
17724
24046
21772
23027
18477
41336
22515
9044
968
22830
74298
3711
4177
7856
5941
19800
21845
11609
7448
27786
16761
41535
17171
20340
8143
66445
41333
18539
21960
7516
12444
32043
16697
1935
9970
20368
6852
10399
43999
6345
10125
23877
31304
8273
14265
10639
33129
36949
15866
19312
71538
2646
23016
6569
16109
2178
25637
26944
19347
9317
39635
16086
1768
14498
23709
24209
7386
19822
11208
9949
17758
32703
13176
3621
2703
19643
12515
21397
2150
6845
36275
16684
3089
31003
20434
22496
13329
1684
29080
13364
22833
12422
14327
12217
13125
12929
23644
13885
23339
35016
43788
33009
42714
25766
676
34765
7571
26222
21639
13888
15688
20327
28008
5844
9964
13205
38341
45504
4363
48688
18816
38334
22362
8146
9653
23354
29294
20674
27097
33826
42905
4837
10627
12013
1289
8286
68471
16993
12282
25932
18253
18641
24662
15818
18243
29320
19992
11150
24279
60282
9003
28819
32918
4577
10735
26578
37276
13932
9996
28799
3229
16659
24265
10708
4342
14730
2030
16513
4503
5509
1026
47345
11385
12307
11294
21587
35059
47943
37804
31454
38423
18632
25423
6239
8243
63381
31032
24148
16009
16364
32570
46862
12079
5552
28495
18158
19963
30111
13432
7700
2743
84529
7013
8287
13633
73406
32085
12968
14701
16001
4345
12895
18237
4013
5404
91226
27595
21216
1294
20480
2320
20038
29032
29753
11049
66144
26397
14557
19573
26988
19952
17082
13441
9210
15796
16603
48478
4793
9847
20195
1959
63857
8162
20619
10199
3226
19719
23525
2508
60362
14788
11968
59050
73296
41223
15673
96
23081
16856
7430
39346
60724
8348
8021
46654
27591
9123
65615
69286
30994
4997
15367
40239
32112
32582
13087
4775
14107
23975
5940
17599
12668
3547
1658
43185
80455
17120
44926
51586
28391
18348
31142
17533
14476
60512
32362
10603
24869
6810
16242
14540
13554
15212
22992
23133
12733
8362
21015
19622
34343
27187
59836
7839
13254
38116
8313
1588
27051
25521
38084
36028
33303
13781
6799
62457
10799
1129
35461
7483
13095
41396
27020
6912
15948
1286
7727
24654
46175
32453
4404
11081
2004
1273
6931
3185
1836
27335
1592
41786
11484
27031
4111
9369
18299
24237
8207
1838
4727
11331
5877
61497
24842
4051
25094
83092
26835
13013
37182
1392
15865
5772
30402
92591
11647
10134
52214
6523
7749
36875
25901
4911
52665
32939
21759
31286
13857
6039
7723
10209
26918
13026
10796
28308
23830
1855
20160
3356
10190
19125
19776
30331
476
29029
65961
14796
15785
28676
34116
20167
17546
7315
83593
10425
2918
8068
19258
25543
22295
21328
69220
22761
58173
28002
62335
38735
25583
47848
94350
23028
28125
17392
14048
17153
37688
34685
44526
63136
15104
92696
44250
41734
12005
177053
9182
33696
34216
31168
32761
17347
2988
4713
37635
17723
28440
29220
95818
20470
19708
10564
9229
36182
3960
22131
25936
20028
51076
12183
5907
81122
6472
14823
15552
7878
19659
6958
30044
49381
24875
54476
20752
53775
31144
81491
1915
11718
16747
2565
12559
34608
59171
8255
1237
29715
3151
27601
15519
17697
19381
28101
27765
20440
11623
37314
6594
29663
204887
78137
21681
29270
7373
167982
9227
40773
3771
16379
19349
5413
20285
44751
29439
3327
33101
15095
39968
14594
88004
6394
13519
66255
16847
28538
13109
65132
38182
7075
1695
15443
15878
82510
11389
40373
3144
46017
27209
20384
14609
32599
32493
74015
31931
6008
33848
21805
7817
12088
8285
29275
17206
25043
71121
11930
45047
2009
15733
11956
24140
794
22167
20533
21564
16275
83083
17248
11600
25325
3270
24379
30766
34461
47461
52067
45382
18873
75166
13601
214833
11431
80053
62473
71550
81663
60327
51497
15399
11740
64338
64425
66797
35520
49578
40210
44196
14596
2615
79584
57683
23803
46603
37116
32325
17725
72458
75776
49406
25684
88205
29634
7950
4107
37323
7191
9034
13157
177393
19235
13520
17969
2210
53847
21551
24066
32485
46328
62862
23197
58371
25476
34867
44312
14145
21654
35337
51129
4495
2504
36972
84503
21312
7926
32637
17967
48959
43943
4452
16779
59381
27418
18344
29982
4073
21092
94113
13868
17790
2979
1113
8891
14514
153219
148715
94821
74776
18291
25432
27030
42140
41006
31936
16879
48576
5217
40302
12847
29861
7433
38984
26600
26484
28183
10786
15676
7220
14164
37023
4700
17292
14982
9766
23739
14030
23681
51362
35810
9054
13116
25709
10220
53315
8698
31733
21546
38819
75389
22165
56830
3995
19251
9128
18798
25292
29176
6631
46379
7383
6515
57650
81282
30702
24578
7794
13388
31747
53898
10468
96196
162329
41004
45333
40439
27368
27207
55593
54222
64667
27044
19213
50111
75883
6756
43075
28043
13063
16501
36437
40032
33778
18476
4680
1037
11525
25383
24493
11491
31519
2010
8404
32328
23270
8900
5889
70605
9447
62805
11038
7955
15491
11456
22339
9814
10710
20226
80573
23978
70876
9000
68999
10682
65692
15911
25456
13479
16175
37222
21370
24758
25585
25514
2259
8339
27987
20818
12922
31789
14570
70960
14317
4548
51657
179029
65035
23521
70295
15337
185899
29805
45423
67733
35948
9944
46413
25744
13698
177695
49656
18292
22303
60679
75194
97437
99127
98815
98134
96315
148990
148841
173011
28420
217579
168852
240055
46994
83690
15819
45907
32322
98722
98823
95873
108542
96310
96076
96233
98254
96487
71748
181509
148552
95674
153195
149099
173219
68608
148895
152503
186992
170638
171494
148675
29196
170438
153740
14666
151296
38241
149926
154501
170222
214866
163192
73526
196123
189896
163801
21150
51689
188263
209860
210324
36758
205123
217675
89028
195134
186844
45125
148640
153549
175682
149920
172520
170742
148595
172018
170695
155284
148439
172071
50778
31844
69982
58632
40437
33123
49155
35781
96932
96808
97628
95813
98615
96669
101681
98609
99921
96311
155182
99498
247451
152184
148813
86868
103952
49588
173758
157177
56145
173339
188514
149003
171844
168033
242611
86076
148534
153320
159514
153637
188732
159209
170828
148828
174886
148754
159576
151027
149866
150114
149305
172572
149843
152189
150778
150824
159705
174438
150549
84516
47871
40596
45439
93514
9394
81174
180426
96436
104428
99975
96069
128158
172827
155082
71221
158605
152142
206134
27941
27847
48737
181550
41873
40781
33653
103884
43332
65377
149632
172353
53555
148551
153306
170774
148873
173139
175751
161997
152973
149589
174335
171189
149900
177974
39060
181200
157440
36663
97263
68152
188153
96163
247211
211752
149438
24384
48721
96640
152164
171876
174745
242473
29140
17119
93689
179700
48388
96983
68012
96129
167834
175527
148606
148876
172719
62759
98547
149888
170821
51374
86949
42541
70622
96060
83895
174039
179926
70379
96608
17569
158585
155508
40742
247282
149885
150007
173115
171480
151604
55041
33551
109221
210703
39848
44454
36133
69557
70080
192696
186246
211905
173128
225379
155265
238991
177454
197346
152745
182453
171739
203976
53570
99537
154239
73068
177842
226013
202954
191269
212580
214543
181533
194656
209506
113308
32951
38968
52452
91834
16764
89132
14482
12285
18184
30999
14479
195176
17151
17407
2971
3845
19459
58597
11152
25500
8350
43289
17009
15535
38684
1090
35769
65609
2818
18004
8440
35742
20113
3266
40718
18909
17820
20359
21066
4423
20664
2824
22193
5516
37298
38058
27897
93669
123
20858
14965
23480
29653
42864
29927
20239
21563
43492
5650
16343
78379
14284
3014
16541
14490
16861
65640
12526
45831
5782
11561
12748
6684
22397
32909
21453
12980
25042
33412
37570
28969
9657
4769
178104
17831
24281
2657
9761
12635
22557
2747
10254
51344
30205
20846
20025
24729
4594
35080
13366
16542
10471
21477
9006
3034
14658
2951
2455
12378
40202
9877
14081
21314
23146
17299
2543
16724
15898
1303
1632
11720
55927
5472
4086
19670
8761
49956
17603
1853
175085
12373
33114
231
25374
19142
29071
52837
34595
14687
61203
3383
1186
9632
14567
11297
2140
3707
5591
17688
20526
26539
27050
20321
16922
24528
27510
36941
21085
46737
29408
6844
27358
69574
42911
19448
40132
39411
7972
20908
23756
22889
31779
35863
20214
16306
14463
95015
29799
18655
29921
10751
25887
25600
2777
4658
3718
10177
10913
30132
22240
2203
44279
12588
2602
5248
8500
47074
10365
1687
12405
18436
23922
6205
24537
28607
9940
36457
35188
17855
3518
16466
21412
25676
24396
33331
55893
20551
16087
69714
3613
14947
6481
16850
22793
11096
29749
25660
14208
14283
4765
28049
32549
18553
8615
29299
43716
4194
35034
86368
29880
29541
30394
36803
63853
65340
16129
36120
32793
20623
39764
3152
6211
30557
30316
66483
8720
16025
21231
48753
7960
68530
55566
6503
59041
798
1589
20158
15920
6659
8949
25899
31785
19332
3183
18074
18368
5067
8885
43541
30958
25674
21943
182323
23025
99
27436
9112
15749
5439
13543
27167
4118
17659
10280
62974
85807
23373
26691
28924
20654
13938
8015
9990
23479
16166
25704
11319
11817
16190
44839
15078
39914
5838
55940
52173
46436
1711
16561
20180
8992
15463
11190
30553
68367
12915
13762
27117
19516
19177
16679
35174
21143
14038
12460
3138
55918
36467
26817
2103
27404
12511
12227
14163
162581
57616
44641
17554
8483
22865
9784
36891
15803
44410
55090
2265
27669
30976
755
57223
96865
11568
24703
17796
7760
8893
30638
7371
26124
22020
30373
69790
10621
2013
34812
5762
47622
20616
11347
22262
23110
22717
21132
24660
9803
23737
23841
2907
33761
23620
63020
30135
58747
65930
7757
26799
3485
49634
33404
12798
19046
21378
10024
15448
19433
52417
17853
3320
6487
8716
22494
34664
13455
36189
13813
95542
7462
24605
25685
17759
27519
14318
7023
51457
6192
9147
5454
5767
46522
42847
14810
20893
12155
14018
71908
17592
55224
8599
50040
2277
27910
38737
49204
1861
8400
14181
20833
27862
57169
14390
43288
10131
22941
52459
30393
61252
3139
34164
10763
24155
3104
5695
16371
73470
24100
12218
14275
31440
22779
29179
15267
26534
16320
4796
11519
25864
55857
5842
5189
18562
22232
12912
11733
29017
8300
9585
20282
16309
10341
89182
44702
46950
83443
78148
8901
32835
46554
35862
1102
6218
43243
15298
5161
53102
9535
53104
49310
28408
66084
45076
4876
47876
23811
3149
2769
10103
42939
13182
8990
18417
41997
6447
4137
57360
24911
42538
17307
4186
15971
93053
8078
6892
16924
21726
29327
89569
53861
62492
70326
28519
57545
42768
12633
87129
53110
47396
84684
21088
12671
7205
12649
54111
46341
93628
56836
63742
38649
35788
12672
91828
13572
17644
99431
96169
63104
6392
24643
110596
8007
22999
12833
28711
910
33784
20749
73365
24534
29108
21924
17098
44197
20750
4696
61106
9735
73055
84228
35399
49540
25146
55824
5745
15767
6086
64506
11429
18335
34110
892
184006
4604
28958
2156
18833
27008
2359
19888
22291
12774
8461
14665
31633
12923
93697
34105
27714
22654
18537
22787
7865
17266
11674
23949
38302
17166
78949
1796
18423
4720
31203
38525
11967
30339
12516
19151
19140
66900
16360
42360
24482
45484
40160
30975
29364
41196
19072
34523
31354
22483
82979
19425
34234
8433
10198
3763
3359
1648
27727
10160
9823
26384
59501
23475
28100
49532
29802
6085
18726
2651
9570
30898
29061
81674
6692
37827
21457
15812
3292
52051
21991
76558
42115
59875
10174
9850
49078
9441
24332
26716
54100
16366
32698
15381
45715
65125
33244
52175
31799
43849
58456
40102
9372
51118
38800
16073
58935
14872
87941
73130
79352
52211
36297
67053
65240
30665
21976
93715
15145
65757
49459
72435
90592
32260
20965
94756
497
2822
17685
22465
45147
245514
28279
19344
39843
36076
11388
10936
38655
2626
25736
13559
71196
32338
21809
96790
78502
78100
84489
30616
9862
4256
13679
12156
3345
12928
2505
13625
36814
54020
31987
6616
43034
38411
23191
32337
24922
78577
29721
148279
55389
92958
2344
95945
96168
148795
150958
148956
90231
10989
72945
227667
31623
150643
205802
23431
7942
24065
2187
48237
28459
39175
45586
16230
13840
19024
9459
28014
1246
19576
11507
33072
30817
55445
241
19264
51927
14502
10625
4291
10028
12596
6724
6541
23185
3189
40063
57288
43389
28413
50067
32483
4519
17353
27138
28674
22290
38449
8687
15124
19629
12361
12960
43796
38144
20103
790
37640
16932
17458
44847
23944
19048
14110
40357
23964
11517
42374
19122
18320
37584
41167
55730
68626
29447
9153
22518
35640
18378
14549
29783
60041
40788
16760
174391
51540
175636
2417
82581
36267
36832
96488
171869
181119
242486
153386
153071
151003
45974
34994
42221
17702
96381
96218
96756
149775
153409
165149
176097
149931
170855
173920
150564
156199
152149
171758
170838
150083
148425
171390
170813
170130
150011
170413
56916
168861
85208
188180
234258
165581
160054
197451
229111
165640
214800
172989
217194
201786
220690
70078
207596
208566
187988
166555
42786
210239
150796
151432
149865
149295
186880
187667
153307
149659
148746
184530
176840
153439
151873
39320
80987
25202
38767
82746
80392
53835
29117
33370
60231
33707
64602
96810
96605
97899
98429
96762
95917
100534
97425
95881
96017
108532
96308
150615
161889
96120
149411
96052
170733
98347
156012
148797
173381
151273
161757
71658
172586
150337
159094
154577
148994
47174
60844
58486
223576
38947
149300
193737
217327
155373
153469
148717
153279
156268
172389
217736
159623
150672
173990
152314
149510
179054
148690
173173
150758
150074
173161
155392
210468
161203
164595
180570
153046
151628
159932
149821
155338
155749
159651
148946
175175
13997
36181
48852
99121
98825
95952
172325
9396
94491
171149
173910
170634
155087
94310
153268
175583
49214
191791
24805
52127
162357
209938
181314
46450
75300
64988
75001
64299
98622
152228
149916
155085
148467
170312
148331
47474
57632
181683
153218
51788
174027
194048
210030
184243
37966
25452
43526
112308
96021
159754
105334
155048
77268
149399
148798
39166
29737
96571
96082
96389
95845
99469
148564
153269
193522
51511
53367
175873
172834
46593
83088
96646
96639
150313
175948
173223
170918
170960
159223
149227
149645
160078
159069
173747
178570
171296
174836
77779
159030
173307
149586
99793
97215
98072
103873
115515
55986
91206
37855
173793
61222
189933
190471
220967
97578
96346
164071
149214
149903
175334
66737
148569
165404
153407
195683
53357
27527
97647
117082
152208
183254
176915
179701
160990
31383
39841
63126
67971
188926
61715
97939
96205
174635
194736
172192
149587
187143
189813
45354
150585
238257
191991
98636
243634
184281
189601
183645
211500
152508
153411
152855
160649
149962
155297
180206
61736
95913
226941
176732
52543
172859
96504
149667
152872
192333
74440
104354
180836
62295
98450
82458
131459
173624
149665
110959
111818
172712
160256
190664
67307
65211
211403
221068
7290
4340
30098
4033
35796
35599
39654
27624
17556
11285
24277
16681
29853
29442
31233
21622
12761
11067
52369
39542
16699
29507
40761
10545
28796
24964
26418
24316
18106
15205
39622
23211
39429
68859
29308
15782
15750
18654
24057
2310
36670
30284
44980
20129
19552
14271
4233
4289
12757
54461
5449
2458
25680
5341
21180
3328
51145
24074
13893
9203
20876
66218
63460
60136
19851
8920
7576
10917
33086
53312
2745
24278
7963
27796
11024
48825
17931
30825
982
8354
12169
48702
41127
1709
28792
2953
2603
24928
20878
18483
20564
8815
30068
24233
20355
95752
10584
29385
67093
30200
68666
85638
65129
54042
35186
54794
19241
6819
10543
52346
6154
8052
43431
15845
26943
18979
29269
54176
3024
22602
18309
23963
22786
12134
1361
15087
15215
14520
39927
7812
31877
48925
33842
32139
25670
82190
62638
23459
59818
13480
76637
21688
6382
5351
12863
7304
3432
8086
7554
4488
21750
13594
26373
12140
20219
16614
3434
20101
14444
10047
1485
25323
40615
62525
62665
89013
31646
45867
27222
20510
11894
30242
2284
26254
33706
19716
32441
3734
50460
54572
649
20335
22651
20473
86549
15793
20592
37140
68286
22451
41269
9806
10889
3815
3392
9340
19874
82578
52318
44383
53938
42563
83454
29333
13898
10731
63744
36707
10652
7800
12501
3129
27301
13548
21846
83823
28609
3191
14748
20309
12109
23327
13665
13827
13855
22839
36478
42749
76109
55713
12390
34027
20073
11813
72434
9095
1871
42196
15410
20918
46162
19205
63260
18313
6982
31666
82419
53122
81525
52423
221543
59150
57958
64324
149469
52684
3852
9437
13454
22497
22430
28282
65274
22166
26349
28701
30363
27107
47771
23156
17514
55885
26207
54832
19506
24429
19902
28447
78398
56892
17289
7080
30177
1011
92447
49325
18670
30408
27132
7751
27649
53806
18913
44429
23791
57981
50945
63432
36541
16784
29548
6354
14663
10512
14228
61901
20956
76598
39262
8187
9658
22572
3344
15955
30879
924
23913
7037
15092
61394
9354
35755
11105
26655
23787
30911
25397
11947
45993
11188
10435
16088
3155
6818
22317
78694
7601
74380
12192
15123
53785
5425
34547
19348
12925
3970
20149
30232
18126
34644
28936
41239
31800
17658
20413
37302
36018
17162
11298
3958
14910
73897
45588
41965
14561
6576
19896
71480
13278
4024
9675
41489
5534
27650
78235
56303
53336
21933
10053
8245
34337
23310
30982
51761
22157
26967
8708
29845
30619
36353
88559
15268
18287
83876
9090
22682
24863
21484
20575
7726
56657
43520
35366
47180
20996
36646
22152
31350
13657
14537
16940
11132
33027
15097
29496
30412
18049
20091
45996
2846
22127
15666
73127
32776
9487
21215
11444
3334
40414
26738
30415
8194
19262
25368
15250
6805
30486
10307
16312
23796
45848
57772
29169
54463
30353
29337
65222
1471
32728
57799
60924
14762
42016
65250
4656
10857
9446
27493
35403
12283
7655
17422
9696
35296
21580
26832
43467
15221
16941
68422
11701
51648
20046
47132
18050
43479
17763
49477
35141
20075
10049
22996
37257
13362
51067
38384
29935
49749
34556
35168
32272
31016
37885
10694
22270
8917
9787
14471
12342
1111
18730
15836
96498
33945
16937
96007
14396
149335
5497
20199
37714
23140
9922
15327
21582
18450
13120
6534
6040
103
25201
21316
5751
15775
42249
22336
9589
18989
14453
38821
47000
34108
23850
9391
31968
27049
33752
70530
32558
26291
42303
30466
20459
14836
66905
20032
37737
42470
47188
4355
28240
44778
32097
27626
26135
31369
54117
58986
15550
75092
7174
10772
253
16401
36171
5592
30367
32318
48163
26398
4734
33883
27064
47313
94964
23486
77912
94170
38645
79869
15265
61226
7136
52385
48917
45833
29424
49431
34539
13760
9249
4240
17430
67678
3780
18662
60139
29142
18329
38666
5441
21461
25010
42420
95896
148771
23561
188885
36306
12723
12395
42724
9946
53650
73582
58288
20481
17774
15711
25215
30149
45240
46481
18447
16473
29118
37655
2835
29625
22609
31938
39397
29006
13007
1175
6983
5043
11557
24443
23083
22591
31104
16911
23589
11908
11933
24276
915
16721
29055
23838
24270
38389
26696
5865
7314
28482
8123
9974
59584
37670
41968
17529
30701
34720
18170
22018
7353
8550
14974
8141
53933
12146
10640
2855
30091
3393
11092
18769
13663
73620
4168
37448
5030
30231
12164
22743
11704
6489
12695
15115
23186
11560
10108
20668
7344
2061
11785
7545
39588
9021
7192
6748
70594
10066
59514
10400
66626
14452
20874
53897
38387
66853
75074
60236
10899
52514
52825
31360
35662
1887
18351
32832
18323
45632
72867
15236
93321
29860
57355
9125
14728
13054
21746
58923
81016
82173
34095
17884
19050
27625
6241
35226
10898
7392
47971
26526
52560
6280
49259
21890
76818
21435
95574
47165
4146
26393
24835
4070
5271
29005
33191
88194
78589
8236
33199
60267
88192
35157
33593
2952
11240
5558
20807
48639
23049
19547
66481
28084
26983
32862
81097
14794
45573
37295
91314
40199
24266
15627
66586
73758
54485
22541
25966
66907
10186
43280
8359
40622
89403
47033
72446
34714
40555
55731
67862
48866
32124
70895
17268
35716
27651
17372
21967
1346
9327
54419
67066
26671
90623
89853
56931
8158
22832
2955
34599
45315
25175
42318
48565
35299
74460
47785
48947
20568
36436
11676
29550
16728
53964
57811
44422
14917
159541
81791
45300
19592
6400
12854
30774
73155
37633
8501
42480
11986
28758
18693
49272
95227
94178
37946
46306
46585
29896
27795
16677
6299
21345
84329
746
27203
25473
13597
11012
19501
7211
3782
15579
29635
5999
48374
96053
59535
171806
33977
95901
95936
53537
75771
178349
148330
21997
43466
77241
43805
74928
41250
27216
36570
152009
99025
45711
53349
22076
64557
38509
39330
54164
55173
14973
25975
15425
8112
23410
6369
25149
17597
4644
3429
1456
22534
11119
62373
41304
7133
4925
18763
6687
47772
7457
2078
10364
69335
8479
32774
33746
7822
20614
14406
33110
14828
6442
18554
50850
62307
12410
13758
25427
26098
38114
52072
12642
8508
48958
11983
17312
37462
30720
17504
33249
15056
33518
33011
53663
61731
13791
43471
14428
26263
33992
41147
18652
14180
36092
66921
47989
12388
9843
11134
5499
31802
12025
30787
4836
31442
20292
87893
36061
17801
36631
37437
23839
64663
73184
26431
33394
22615
19972
21626
52057
34666
23680
26970
15595
19067
36569
53157
37555
19086
25686
56186
27372
34177
14301
52021
56989
88150
44227
62247
17752
39991
66403
66384
9887
32369
46280
20054
44836
63095
12746
20678
56434
72145
32446
44701
72492
61191
4368
95641
22248
18331
11545
2231
23047
397
12752
27477
28992
28169
29615
17323
79275
24227
71756
11263
88347
28488
61163
17591
53783
25737
29577
32110
9154
14517
19789
25912
4500
75290
7010
103453
87824
13427
15105
67847
82245
68474
82221
42223
83425
67314
37575
109025
149671
144421
160029
159226
47061
52219
33491
54249
50968
38055
44892
97121
96321
97022
97703
95984
150606
16223
163052
170792
59627
157756
151418
150453
157853
171912
84706
172640
170916
172194
92907
38612
21445
93328
163604
181917
170926
186541
170311
149349
153367
171003
193695
160576
229983
50559
91860
238651
211772
245127
238384
233857
199858
55182
242677
80621
201861
242829
85654
217642
218291
246727
152295
153176
171550
178823
148909
151851
200050
177463
152452
172923
149312
182214
74905
69718
69327
49979
65009
52559
64938
62110
65453
208423
48633
82372
33232
36543
88411
71246
42440
38846
25942
98941
96450
96750
96451
96198
97804
190066
96875
95871
99944
127775
96711
96963
98007
160138
159259
161034
171240
149287
155242
151035
126048
149657
96022
150528
151122
186633
176385
171272
171632
88260
148414
149167
174412
91016
180645
212317
70568
201945
148637
153946
163683
171439
160601
212914
159111
148740
175597
155143
175407
172863
149330
171580
150435
156616
159596
203752
148603
176424
149342
157165
173449
155249
182194
159729
184983
173252
194627
155515
172625
160625
152191
155968
149306
193049
152671
188676
53393
71234
48991
90179
65658
53051
148260
118254
113945
96099
95889
96070
150639
159417
170141
150178
182049
155099
169753
19540
224474
50884
236522
25967
40164
46214
174440
100242
97838
149526
95306
172204
173044
149593
171540
148914
150159
13739
155204
20859
210592
224882
157166
231396
80408
20885
97033
97382
98000
98129
178757
160531
205416
171462
96551
153589
66353
212292
194514
159597
96588
97702
96139
148735
130752
153292
177708
175317
171558
155565
185837
149191
148623
205433
67462
45809
45264
40366
97447
103862
97153
96264
155270
149113
148921
148963
155172
149353
171639
171985
159993
87018
108593
96594
154800
179131
218724
151152
218556
181157
138039
241528
79414
148622
171725
182994
151134
174885
97003
96943
101936
96284
96343
178710
218659
151588
80677
159587
159339
151684
151948
45108
42409
47981
69758
105469
79734
150387
93834
150772
73617
225412
154308
177610
150680
151036
93608
95666
109308
170388
148728
160694
182368
176548
205861
91902
60549
91426
95960
104301
172874
159678
84920
89890
67679
101619
149842
55055
159997
160022
196468
97603
179603
172507
180294
159433
155478
150334
170741
154801
80378
178534
93673
195118
151187
217945
44432
87658
193103
159076
49224
35526
160342
98832
35760
216691
184252
85041
209819
80219
101984
97087
222723
173159
199532
148997
54712
96093
98527
242955
210971
101965
96527
188615
217633
217039
186755
187520
247527
158668
152515
186595
172692
207782
176633
177720
94287
102156
212997
213387
160046
174500
127834
243047
182446
166306
189799
86411
100703
97598
96601
103119
99472
180934
100469
96664
214783
49653
12591
3507
7295
3926
11174
9783
24912
29611
58143
35241
3316
24564
7374
29501
94962
2464
48995
22773
24695
80622
17244
44213
6670
29099
21968
15768
18548
50894
20609
18479
23836
3463
27989
78844
14121
21116
37818
23208
34805
10460
10442
17041
34774
20699
18094
18949
29893
25274
6527
11207
3118
12607
20204
5261
17073
2897
2065
6384
27701
12850
27467
27848
14922
180784
227
29735
23522
27128
24137
23437
25693
13879
23222
30651
18608
38889
38422
51691
40760
20567
39615
17828
60662
4928
22856
7670
58511
7394
30173
57060
10150
29936
48997
8006
11692
2701
3538
31451
2754
14241
2686
26170
26027
76727
32469
35967
22002
27393
12336
25400
24149
10976
16149
36590
24590
9457
11670
29998
49110
13977
23847
20635
23587
22014
22908
12639
7565
220921
96958
27869
7580
15922
33955
13005
12278
20318
88822
22235
22000
22957
19558
27570
31603
43666
68148
3754
33572
34520
35873
33464
24733
21433
27893
16062
23484
25364
58507
30459
67140
63490
2025
30815
11821
10787
22817
38195
65903
16577
38873
45143
62514
48080
13911
83686
21320
8231
10589
22792
35210
22305
19565
39586
48285
18259
25051
73865
9527
22763
22175
4428
24621
23497
36229
8363
1922
11033
20194
8745
61345
32543
27982
41930
54048
86563
6262
2525
3143
34474
17023
11369
22527
33731
40443
14563
32829
20587
42936
7468
17093
19787
13907
28991
89690
41087
29168
51001
75887
12418
56928
30740
4155
22898
41285
18295
17992
15809
15921
25464
19003
58186
69159
55294
12106
16960
34439
3513
1194
2638
50357
28928
19242
47104
7932
38356
20417
13558
30239
19528
15503
36623
57939
37975
45052
29858
24367
16706
11524
61801
55588
27188
36571
31091
16068
26770
57043
33606
33595
7910
72860
56437
8127
21265
33872
30008
32871
50750
13377
28883
29222
7719
45607
8477
13453
16262
29733
16643
31850
4737
21191
36902
3916
16954
32755
72632
8790
22561
34492
23720
16556
6713
38409
74569
39594
18758
14351
63215
26217
27390
19772
24051
23793
22545
27254
19449
26872
33308
45956
8878
24793
58814
31966
18937
12219
2367
1999
13555
6855
40890
21110
30673
19246
23773
23094
31920
31522
35166
16219
21368
10183
29884
2619
22947
28107
25493
58526
44466
29796
56274
35453
802
6590
6902
19781
25158
42108
2372
50021
28810
18941
44674
1382
69883
30491
24844
19026
25786
25729
26584
14952
16511
21270
32913
31284
27735
2828
5318
64167
10685
242545
156096
35925
42093
25425
6704
29211
1736
54248
18349
36920
622
38921
23544
19947
30295
45529
32722
14949
3854
71036
15076
63587
26310
36044
24156
42898
41514
26858
32590
38316
58687
36405
19594
27469
14844
25984
19181
23834
9283
25914
32607
39134
31923
58871
72323
79315
74659
20098
8307
7227
50768
36523
18370
13940
27000
53729
28442
25946
46539
8520
45316
29494
29748
38868
29551
664
33304
27529
65793
24518
50038
47669
67675
77572
8226
9194
156086
8336
10574
15770
18155
9830
12692
2101
19333
12864
53915
27463
1679
17997
26358
15771
28736
6454
37652
38117
35935
19568
15965
7067
89655
25490
22575
73722
64562
3366
17064
96746
1931
20771
43998
15235
24424
31904
11351
37299
17210
19492
718
26768
35924
48386
13775
21605
26380
13999
23297
46009
14294
34338
37622
39550
22610
17133
21016
33916
32988
63242
8916
23111
20740
92850
59344
7683
19980
26787
23870
13386
15314
11842
6064
12478
29822
43451
39008
31728
89984
49711
81771
20496
25924
22718
26166
67918
59443
58887
18559
20514
13312
21300
25593
21831
412
35336
59275
47484
86155
24425
78427
60948
68001
9739
10135
13793
26731
17099
25524
13051
11778
8697
11433
18458
47286
6795
17345
25416
14870
91094
23585
49640
48970
3196
20352
6475
18911
30946
21827
29831
30066
23759
82324
32768
29184
18092
8498
80660
89137
41952
9174
38606
8275
29573
8023
10146
21387
32345
15875
14320
44317
1800
29793
7263
23775
2263
20416
14217
19446
34227
26629
26265
41655
20950
30801
6648
21104
13779
41491
71055
63504
71384
83945
9869
966
22089
20029
13033
36725
7692
20111
14569
29238
32335
19428
68943
2794
25389
27707
37247
135
81712
85866
11007
69795
27944
26439
24658
37194
9387
10461
10455
23945
18961
10178
40339
84191
17981
33586
34429
31654
18330
13577
62809
39094
68224
22540
246305
35921
43627
52714
13351
59754
67000
148654
82823
76288
38308
15098
4972
27905
10393
9827
6804
16983
38460
42328
26927
18145
20491
18140
17977
960
4568
164449
19079
28830
3187
62089
15737
11605
40152
9223
49305
37729
16172
26389
14811
57374
35102
13340
20201
23956
21219
10252
66769
11865
2559
8588
44300
38075
18530
28619
13741
31629
81705
9758
23734
222911
48658
55054
32176
43364
26564
31749
43111
62114
225802
30234
21413
33227
197806
35739
44089
75777
13711
3950
9379
11680
46734
16713
11020
93511
3535
6297
18945
14211
9065
18197
29651
9982
40670
32170
6234
19926
44206
83170
34912
48485
29601
38621
61866
25773
76299
29438
9532
8104
5201
11341
25739
21884
11546
4628
10636
20235
20311
9279
41600
7250
17003
8848
11258
17675
21306
5188
6160
26096
15499
26845
12159
61382
11171
46302
43962
38791
24308
85456
8729
10040
5564
30864
34773
81222
28055
35971
15908
94846
4036
54424
68192
18151
27011
51280
6257
10153
3003
37237
12909
22546
96130
18014
101754
31232
96580
9233
20731
8352
24113
49300
15628
19500
54379
19879
8712
7733
61610
63383
40049
67718
60972
55603
12325
8732
4258
25068
50764
29579
34754
8644
2208
2782
51983
18182
75516
24009
90942
7442
52518
149063
52996
32547
33137
152255
45756
201854
66097
39662
37394
37865
63517
19073
21163
30013
61560
18771
149207
49515
65023
12648
68520
8472
9679
34290
30961
38451
19700
20675
8452
11350
14481
44226
63098
9061
8229
23187
2322
18217
34353
24127
56057
26767
56546
37888
35039
20017
23665
26748
22292
21717
11321
2355
1805
33122
18922
17234
10911
26644
19019
29648
22746
33910
5837
55481
29040
11509
54713
11834
20406
36673
40482
26075
10842
8979
20066
8582
48865
9733
2664
20780
13676
26280
25471
24224
28665
17933
70558
16208
36667
12775
23860
26049
22987
2834
33152
20331
22756
4682
27558
26622
56747
61625
162282
64588
7588
38346
32879
42966
14084
31607
963
91838
37973
46343
33218
3122
44131
24455
12674
16126
34102
24802
10360
24436
11189
2611
7008
28419
4002
60809
52270
12486
10487
6153
29021
15312
5290
4074
90671
47257
59981
11907
45678
56532
11363
11753
49407
2410
36464
22129
24041
26864
7990
23541
5730
62538
7641
10713
12581
16799
3073
48268
40778
6159
3660
27696
5717
8825
33113
66588
7677
21033
10392
15313
83318
31606
87409
63391
28255
28430
8206
8734
18781
33853
48002
40575
29229
4934
10528
74027
7815
31662
52060
36053
20641
68259
35947
42181
9397
26903
82911
28742
59172
13678
12855
10333
43065
20126
10700
24369
14065
6566
4037
61834
211901
6592
19602
19212
19257
7148
44922
49423
20800
2452
28276
50782
38266
15072
12300
8144
37207
86138
39027
6811
12765
89795
15400
15616
10759
87972
11646
48677
85883
16110
14097
14067
10116
70176
65476
16593
14683
41742
37529
40085
88875
9371
4631
37455
58575
9309
63751
35808
47553
56058
60275
9466
49568
66539
18962
14522
35015
79286
14727
6786
78057
31977
13617
36867
89063
5703
90694
43675
12889
86090
28284
43138
49714
57589
61115
29629
21975
75251
97230
246835
15573
176411
180669
78463
73454
177980
81999
188410
37524
54436
60874
42817
76846
177132
50343
35505
148845
150745
171279
151229
154478
149233
242140
151582
174706
149331
47955
28960
52694
37511
65302
109354
95934
96659
97886
97803
96133
96020
97789
98996
98383
91018
170920
184589
152165
172328
150941
149594
212792
183187
150451
207635
172848
159323
173100
149932
203336
159393
219363
235749
191524
156290
69632
64903
70749
159371
155616
149585
158444
148648
52337
159079
203031
59595
152693
151514
148604
151748
173312
238971
60063
211289
239899
188433
165407
231262
85457
184686
225158
154699
164475
177626
60650
231770
232390
161611
232908
214105
185436
233807
61425
150974
173916
160486
155210
152951
152230
163121
162246
174876
183522
159485
182146
149634
148941
171508
78227
70262
55972
64964
34598
89194
50677
232513
47691
55494
55005
227304
53839
193922
43880
1909
177890
98275
98003
96552
97274
99126
96146
98818
96477
10586
10638
247216
161350
89017
153404
151520
153499
155314
20565
149186
172805
151597
55638
178673
171720
28333
235926
173364
149746
154355
151491
173251
152332
148337
148919
151161
196635
177096
149013
174998
165565
153795
185891
155558
166227
149862
174685
173753
158557
175343
160391
189255
148784
173511
151000
149158
152439
161000
192556
177077
175611
159614
175097
176099
164853
176341
173213
198812
150567
150602
158556
175160
172869
186262
178560
148389
160084
150825
153341
227662
149544
151480
195582
50942
65376
52266
94375
48357
52987
182810
21889
78527
53941
41051
109713
95976
98829
96719
96529
143486
171153
132266
155788
153332
150470
151487
148762
160202
173527
210588
152217
149076
174651
74166
161601
159585
174777
191855
193256
32265
78941
160420
45561
178975
40460
109261
98571
96616
174907
150553
54904
176034
157150
168715
172158
176907
153011
149333
148388
150577
173292
150352
158718
159806
190234
172530
170189
152968
208663
183173
191530
86996
214897
235727
201830
46062
49127
64079
188711
66928
41622
97380
97898
169239
149641
159844
97778
63748
151839
71791
189613
97320
98456
115590
170641
149130
153212
172399
222573
218199
201204
33630
83367
159341
82640
54949
176517
30000
44729
43879
173358
73091
55460
133405
96028
191796
175650
80501
97795
97959
96843
150715
153604
96624
101184
152011
171988
170650
228286
99706
150946
159108
170391
192860
46496
105861
103984
96596
96369
105129
155223
215780
172770
186699
173212
42493
16493
198709
155461
198237
195116
49492
155866
152370
201588
153278
159178
152322
160853
148494
48410
33678
112469
96160
97622
95975
42059
155217
198630
184934
149389
153277
212468
234167
225486
179415
173119
180917
161822
151500
172904
153723
148404
184528
13516
132727
155273
163066
153524
218579
150142
151176
19178
6633
33563
23376
27235
54606
72740
70557
179978
96823
173129
155740
54204
226469
79402
75573
153866
30206
150413
197309
193217
172916
56104
163029
97328
98060
150166
196249
190178
211084
172690
148958
58361
156877
158438
226169
226700
149573
151019
151967
163660
185309
226055
241588
171826
150839
180406
92162
63977
240270
173645
162060
245422
71098
195925
201597
180699
216212
96962
152358
59238
11103
115503
171738
160033
174496
172529
161168
199509
154064
159319
189519
222363
96716
96333
35047
193409
104043
161393
176478
173443
150773
194759
62432
179542
182809
179068
175875
172414
42274
186814
101013
247265
102959
101276
185270
102967
100231
153094
156495
100436
175592
153470
200726
221027
204944
190811
180409
21403
36566
12718
33909
24606
15144
34816
33241
24839
18139
91135
58696
62034
35707
13394
22689
5540
8164
16524
23273
9204
22183
60806
24050
63030
30717
40166
22918
41647
9962
35942
10884
65427
15167
14615
32062
15405
13501
2804
715
63224
7158
21245
48710
45920
13562
24439
21635
33302
37978
1835
14189
88810
76201
37029
18500
8541
16788
35735
4311
3965
4511
21475
8409
26544
28721
2898
16358
26077
36899
28001
21532
12898
22132
13253
24164
27577
76993
23442
20337
5683
38965
17629
35456
14375
10743
9951
21852
53865
34493
56253
26883
6847
58366
61934
1466
21789
43850
23753
8894
8610
31590
9526
11987
16858
70000
38168
14676
26387
8784
13860
5824
29310
41275
14751
5304
14346
40793
51729
47942
29456
47017
58985
35438
43632
27013
73915
85184
29113
58862
26610
41332
53224
36151
17769
45159
75882
61966
92816
49218
40253
28726
64317
93721
25828
35569
31940
4919
38437
19641
37439
71494
85354
36859
28614
56637
86114
24092
19606
11343
33654
12977
15228
28037
6808
12228
21800
44589
27885
12976
11008
18411
1529
37733
13851
7236
86888
66695
32719
19878
11318
37507
17027
9920
23926
57229
16673
10453
55404
22484
60216
89911
37683
14759
15589
4638
60321
51359
6399
90407
2514
16744
22809
34904
12993
42091
33159
13422
42592
15469
4663
5874
92692
73438
24358
28852
62676
28352
4902
4707
15597
41495
9307
6279
32127
3819
23086
16429
25224
17810
17642
18451
33612
22735
20921
44067
54716
40920
4262
23748
11108
22094
24560
43489
25155
25791
32662
13320
18066
713
81391
10980
10382
22513
19292
12802
3868
22741
28938
17814
12296
74988
36879
51665
64839
6252
12701
24323
29125
42744
43872
23857
6957
2299
5291
10020
24967
21566
28241
20541
2379
22463
18609
47158
42047
84668
34308
34173
17558
29833
24328
4149
25017
82558
48236
30140
55383
16202
14628
43741
23493
24242
10324
32294
7027
13631
25105
15420
36622
70174
18081
30462
32788
234300
30315
26243
52181
11160
59682
42005
18468
17225
28868
87478
22878
5619
12118
40101
63786
17799
7638
37065
21505
12822
35725
4585
5848
26023
12524
12443
28106
35424
6464
31402
13380
87057
24471
40135
78324
32290
42902
33094
44669
41699
9598
19823
12782
8431
11254
3526
18773
32413
22021
26565
18623
6788
4655
21018
51943
1979
55591
95613
32655
39125
7487
56084
9813
23438
21130
237084
27826
25950
5955
25044
27402
11490
40050
12517
23011
24924
42940
16134
35235
2896
7871
46222
26946
28853
7151
5958
43714
17827
16383
31291
15361
17983
10408
5479
16133
3198
6069
66243
27079
34482
48776
21760
28891
13529
36910
34961
32418
7606
43005
16444
35877
75798
60591
19051
37273
33990
37664
47326
48841
17986
51968
5292
3378
7573
21464
35987
19674
38734
9619
19865
84563
16999
23326
48030
15380
19308
27986
19423
56048
12015
44200
34761
57734
175941
18678
31052
21115
26266
43534
77333
6184
16106
21373
48910
36786
24146
50973
19149
22134
11574
43081
37366
36791
33820
15788
30056
7742
18791
24725
15624
39122
74146
17914
34534
11910
14765
40889
12838
30996
20979
28402
13542
14488
5065
10937
42832
25111
8999
1582
16454
67922
36687
22662
14466
20051
3283
15487
7584
52487
9063
46370
19039
12852
30141
9380
8219
7081
4749
7591
862
6612
7994
12150
13102
9652
8019
51142
96384
28797
25807
29559
17604
57678
59635
22799
65694
30442
85553
23201
43595
48159
13865
56197
56458
34579
21716
18974
93338
34501
41863
35939
42834
36336
23172
88410
41919
24382
7182
14114
23283
24867
21767
28647
13121
7210
4456
19389
3141
12563
47492
21408
13421
5314
28425
24138
30653
27446
15588
3124
29815
24530
235132
201128
11570
62200
48281
22485
19705
34990
18541
25348
28829
15374
15724
12502
57883
6719
28148
8203
15120
8781
54707
69462
57069
26273
10642
21814
18639
27946
15906
43490
22641
54718
21478
29395
32616
14120
18460
27416
12689
56775
56051
73990
12431
33179
10646
2829
22338
603
39035
21286
23316
3641
22482
21658
1457
50397
31732
82628
26340
14825
73218
8426
34597
198120
16324
22385
29592
75346
47594
26679
44467
50369
53601
41674
30714
14553
9409
8337
5912
32346
54564
91765
30269
6542
27206
22244
26475
56363
1266
121
8530
28555
24463
157
49080
26707
58444
53278
60640
55733
13378
57680
12861
35694
25896
31816
48372
13733
10649
14889
15417
46317
30955
28961
32903
6591
36141
29978
44217
96087
16352
37753
22126
10208
23930
207853
17974
5166
95187
33054
3417
40689
32354
28571
40298
6537
9525
32790
24414
9685
17869
45735
26123
8925
9078
10888
24815
24021
53267
32396
24101
24142
52612
34624
11370
21188
59315
81836
22985
23572
8201
20667
6292
68372
23980
24589
17065
14617
27700
1229
13379
6099
12891
12398
14977
9033
25900
23249
4373
59876
9131
6309
70337
166351
17146
36324
38237
24608
14421
6792
23891
35789
7782
52145
17927
46721
44222
49220
29758
87137
91775
63565
22275
8911
11280
23278
1930
18007
26666
15289
19717
2345
26756
29256
33759
13382
64258
78566
14040
39196
3590
32141
17045
40014
22108
49949
88211
26783
50360
29404
1162
32537
16233
35798
13806
41233
31216
872
95915
3448
8857
6101
15909
53470
43782
11141
78904
14203
33546
3395
27174
54341
79013
8347
25696
14443
24826
17748
65735
72247
30957
28893
35224
740
20767
20826
27749
11100
6927
17584
33145
38038
27710
31988
24088
30274
42176
10737
30564
29015
40756
44749
15322
33418
41907
19361
34576
40721
7238
15885
87219
40973
54800
7230
7612
16720
68563
29811
35990
31042
181394
17017
27232
14392
5477
7359
26153
27394
2683
25430
25344
9689
74396
8794
7306
8423
46068
57373
10831
16139
96390
96406
45870
62793
2667
22276
71500
24083
28901
42371
11228
32620
33167
5163
14688
7707
35378
90603
47114
28032
18083
54925
21821
43728
63234
92987
47049
22392
79914
68030
68371
47370
13620
68413
66012
81326
21036
2946
9789
12755
27068
13104
26996
13099
3991
15333
39865
40840
77680
23238
20257
33777
37797
46730
62700
12310
28759
24461
80401
4208
8487
10231
25692
23275
29460
15218
94365
49539
95442
28039
3318
14475
29818
88047
21835
28177
11881
32487
27743
82136
26620
10479
11622
2978
5571
32480
40292
8835
14272
24322
45411
21054
12719
19301
45702
51219
72555
32718
8191
17228
18565
1336
23816
35638
49312
13846
55483
70892
28334
57744
63353
33633
46743
98438
94544
54254
20319
75823
11041
54242
21613
14296
48419
60112
61563
25331
68171
55548
9071
11896
2840
16909
69516
18379
25181
22038
16534
2209
7041
36004
28917
82107
33504
28921
45790
14988
11721
195291
13487
58378
36498
48040
25760
231048
52595
96301
152390
148638
36112
32640
171574
214465
83975
88855
26423
40151
60896
96443
51572
175056
96219
31957
20805
24840
225774
70302
24449
184182
36420
15599
5325
183660
16543
65966
31477
11362
75898
22409
8623
70094
27995
49092
26737
20639
29655
10866
75006
82909
42011
13830
53126
73349
80157
48692
22544
32407
148703
18574
7367
41165
1299
25931
84638
7147
14695
20209
44484
19287
8735
68431
71624
21597
31949
13731
50438
56685
28085
19077
31511
3479
14892
36719
26990
27929
13276
4079
5308
14369
52968
49370
45669
81332
76057
66009
39617
15659
184254
58981
22476
29780
39192
42270
14560
24002
3837
21034
16860
13792
3209
7690
4600
31076
38139
18484
9612
21685
38523
27692
5602
38371
81440
36811
27504
17440
10296
7345
2177
27287
11691
2879
45085
49132
12555
11416
52629
37198
27891
30318
33692
23611
86425
21235
42377
30954
10986
10312
54878
48102
57831
33515
33702
19481
19059
27376
54005
23800
6132
14774
55451
94419
38738
37422
63793
36382
29157
29844
71985
21783
13540
941
30569
29616
95385
5047
2751
26458
29847
14352
24540
67947
22110
70445
59910
182133
174310
15841
64300
55607
65965
91784
34575
96709
96215
97631
98138
247206
153405
155235
160704
77969
163548
170706
151618
187765
49144
80166
35632
69073
49745
39995
77763
97237
96280
104325
100533
111637
97149
98433
96566
149475
159584
150501
177312
153264
148938
171756
76747
150686
172722
176201
164420
214255
87252
155260
160062
171650
148811
175320
176353
172681
149053
182987
177764
238727
150552
171285
186058
150852
151673
170870
78788
174771
179555
151622
173285
188326
151269
171813
149068
171560
67650
148707
173830
34183
231886
208188
188714
178221
160992
29862
222983
93254
12974
199963
225824
152767
152427
149237
152363
159443
176172
152391
167512
176989
175024
203174
198454
61856
56357
54645
68713
76476
64793
91957
60354
223551
48035
47012
57543
49232
27377
25403
88852
50060
81208
168217
44105
87127
96772
103742
96472
97883
98663
96153
96723
97818
98882
145897
96904
96236
97488
98283
97796
97317
99274
95922
183167
96235
160203
184218
80416
63078
97458
110365
151553
151886
97394
153273
149854
241607
110044
95190
246829
188990
148689
176231
179734
179072
96409
159212
199716
192434
172573
154173
168578
236235
232508
153668
151945
172512
174744
176847
182221
156977
204604
172027
232997
206520
246029
244452
166065
158298
155810
192531
181908
151212
166254
172861
180523
153724
148957
192974
179085
175158
174804
150741
149025
173913
150407
175200
149889
177627
155685
172910
151758
235439
171424
171737
174017
186571
160477
175802
214266
159495
179003
174374
202472
150596
230879
182191
176572
172626
185240
208761
208430
178850
150747
181901
152309
150447
155913
155701
150269
201869
181366
160423
151098
176859
151703
173954
199812
177253
150389
152565
172953
42915
41201
194118
19917
218477
199953
100544
98112
98638
108700
96543
96304
98417
108902
95962
96789
183533
155240
149241
172831
181931
188056
170292
172466
173901
175012
157862
173012
38007
91757
235075
80869
18871
185382
42755
157681
51120
81398
48202
80567
190559
23401
96074
160075
96763
153178
171928
200085
148716
174891
179716
153305
148446
155045
153167
152018
161883
148874
173064
174045
150569
152628
198984
237383
40660
233907
241602
223071
64705
50532
184161
64553
188852
68260
23463
104511
97901
105381
97630
17626
150110
98644
96083
176288
182646
156069
159035
152027
228433
214226
182466
150296
35986
43475
30752
39230
96618
96365
96574
98255
96819
97626
98199
167737
96291
150066
97992
150441
170782
83017
223526
87041
87911
84863
176940
174132
57033
156666
74329
245964
211251
179824
221153
87975
98833
108639
98936
109128
149666
185594
148935
149367
178046
72760
170508
148857
170872
162106
47745
60860
162917
155039
153362
159280
174207
109343
149560
232632
150836
223650
151303
152517
243069
227536
205512
164328
185632
60407
98519
110569
99531
100578
168839
150619
98684
35587
148464
174933
171984
64392
70265
222119
197054
148600
149435
185344
159961
152958
34175
39455
98148
97194
98415
98074
76953
153944
150420
149403
159740
156336
240326
174754
150925
172970
151263
156118
203054
155950
153478
87803
100600
96282
163330
155272
148859
151222
149744
172236
180333
224523
152496
166358
178222
172316
183018
183389
150404
170874
165066
162772
150116
155278
57826
77372
35316
110915
183409
151445
79860
245646
221926
236721
41469
197257
175565
236534
49598
72928
53183
59415
92902
103224
174394
185810
237624
187223
180528
217734
182239
244857
160091
41417
97289
126006
96520
170282
72884
80730
208963
178199
59155
92757
119948
99181
149648
174853
150396
155012
151239
152214
165994
166353
189481
152209
218814
193845
216500
205790
232699
154245
171767
173255
158702
152653
172642
170968
178962
177777
173333
153530
175756
149955
149856
31638
149831
102194
99939
180031
171735
175036
208201
101601
182874
56771
119980
96697
159424
206678
218113
68200
72902
30708
81703
59759
197165
109791
97938
178932
151675
177352
110153
109880
98048
95844
173417
210773
65215
85248
200788
54145
76444
17544
86919
189630
206447
160161
97555
97126
197295
177723
81785
165327
226821
236149
154455
244770
196372
180438
61445
188113
167654
154019
187899
158283
220204
178841
222289
172482
186640
42491
54465
160040
179550
190981
153475
195969
227130
72226
210172
159378
100216
209830
152278
96393
98234
159801
99994
104603
215618
173657
97509
96188
210652
159656
192903
219579
96582
113838
180876
246838
127006
188454
157168
41550
35874
19386
23741
31314
53655
53983
46839
31644
88923
41767
36187
34390
39545
61737
49889
22390
88949
65819
85484
56534
22730
24847
50867
68220
10975
39407
60826
26178
23843
28756
30862
39116
23378
54892
17785
2260
25270
21909
16160
81396
42718
52304
24731
14653
63227
17219
14175
51331
45023
76482
49933
39583
35558
48417
28567
80122
10678
29281
32121
32565
23272
28681
7648
26463
24935
20631
28552
3171
16710
6751
17666
26183
5649
70699
18114
6148
16701
51185
3942
4767
25440
2174
35131
6508
52129
33075
10005
2017
21588
46683
32746
5588
20967
13315
22679
12967
7476
38214
16883
23868
10933
55901
57587
12837
18546
73039
35801
10202
28600
20010
55729
23898
51299
16277
25080
36460
31971
21179
14552
18557
38185
28695
77989
14235
22912
29058
39435
51783
6995
11097
50578
9302
35025
20386
4382
42780
15039
47514
3674
25276
7005
29236
66489
76447
25284
38798
79156
35794
84595
25792
31134
41882
33025
10279
36720
25944
63175
41518
69529
46059
81378
57111
69586
94088
74782
33701
65467
28566
56591
64594
23641
26786
38013
13894
94036
73084
32683
93751
57578
35351
81632
9546
14429
48634
26630
40986
42909
73067
69147
74777
27090
16474
72255
85430
62438
17360
23557
80560
93980
148767
147
48539
49900
51882
82117
5434
2658
43729
27142
10124
78477
43066
19559
36974
58373
25689
27699
4011
53881
31268
8135
9833
33148
13199
23968
12883
1604
73041
17537
47083
18747
20991
11328
8750
80977
15409
26065
40723
31974
22091
68548
24868
2823
19497
11953
6301
7924
15068
27689
19600
85517
2145
18059
17197
12043
10825
10497
13531
4420
54241
13497
9028
35843
14532
28709
13444
42173
17965
75905
15259
13715
5246
25062
15462
5264
7160
12187
20043
17979
2161
15584
51168
75349
56291
13076
87593
69006
21344
1904
21376
34049
23610
3553
19959
29377
2622
80943
52623
17715
10714
5397
8072
6227
39046
18162
51742
55899
17809
20286
66390
9339
1417
77405
30451
17818
16986
42757
18440
9995
41648
59273
11061
11014
55223
9500
17167
22054
7729
9536
63388
41834
11406
761
66194
56795
45032
24722
60026
64904
15269
37179
29063
36397
10289
31456
93873
13848
2723
3556
14660
33580
46591
12341
14915
39571
12994
19115
17294
29016
75973
14771
78199
15795
45605
46271
69631
2656
6666
18272
54790
52611
39179
48974
24184
4381
7102
9222
33203
39345
14513
10822
14894
22252
10118
51557
67372
39802
87807
11686
65141
32276
14624
25199
30951
14116
63308
32052
44346
24542
11591
5160
34637
15638
9120
54151
92130
38517
32300
7016
36901
58157
58335
35347
23530
18940
6305
28048
25122
16156
18044
94264
8879
65787
44904
61352
17948
31207
14274
30127
82554
38061
24459
28767
74162
68394
19544
39665
234456
23682
18056
79956
12606
67919
71152
52204
74477
21452
36723
41615
66392
11798
27870
43462
74623
32061
77994
38967
71784
17760
6032
90704
9428
2484
51417
245109
38331
55352
52616
14848
73197
41807
80155
43153
10276
8258
101319
111708
9259
46164
72947
12158
71078
85399
42612
192433
49190
44901
77757
3885
56149
13181
10617
42824
47080
86507
22360
23000
24180
33760
25948
19052
64328
25624
45312
13618
15776
159029
15930
12268
13878
8139
5466
9152
14880
10217
12735
24678
894
22731
5896
24037
43039
17778
9954
48608
12231
81762
13963
48636
44676
38686
18185
23576
17964
2403
32130
48330
13406
27227
6217
24671
71096
23632
29104
13503
12009
6308
13397
2212
13596
40982
28168
87709
42349
30887
39783
40469
37008
47364
53781
57415
32810
21931
21099
28188
82792
60935
37525
4698
13336
6509
2697
5140
15648
38429
10383
3666
4459
59655
47149
21149
7593
43268
9262
20940
12574
65011
20572
19096
4512
21823
26172
16953
44483
6721
21181
16947
19894
4996
27293
33126
61862
8467
3223
26253
30381
12211
26555
36370
20466
22391
7372
30245
7327
2511
10647
28970
14652
36516
34371
46785
40584
12933
3419
26791
16944
64714
36337
56039
8449
24818
24300
58325
15696
83719
13624
31186
89843
41409
37958
47699
14703
70988
17961
75240
39437
38858
57875
74907
30430
58319
64876
35382
60197
27213
38421
4739
56963
34046
56365
58136
51635
6226
16828
70342
72136
79214
24211
52884
36358
46880
13589
47684
49022
64454
27983
22586
16394
35585
17995
63187
59177
74385
37213
48241
65362
51550
93077
27019
48739
71023
7378
39899
53630
18555
15304
25186
27942
8631
62070
78234
64775
24005
5126
86121
32937
95087
49763
39820
78367
8034
88324
77581
78984
8248
172614
48181
53626
92719
32848
48393
26527
4469
29164
33116
49547
4466
13508
23166
4454
41234
61798
10698
68320
35546
17221
43563
27002
33062
5446
28263
5468
23616
59441
13772
11142
51468
17918
65474
50799
40873
16923
33138
7894
23940
82224
60414
16913
22936
44747
240266
242059
77231
1832
30686
51010
88353
13564
24053
13162
8962
9461
16958
16170
95393
10538
23655
35612
34264
29966
33194
33899
42525
69668
13435
8875
3866
3724
1023
24001
75763
42162
23383
26977
47577
1191
8635
203436
3088
12792
6125
16347
17840
19532
38403
70869
46860
47957
39087
30941
28109
43643
20970
93172
29712
27832
38320
16388
34775
42746
24014
8617
37296
39126
41230
88641
34383
50309
20872
66344
36804
34669
3291
41256
18163
60090
25106
37843
2003
12935
20330
44414
2139
17621
27778
22782
64751
21213
14606
3570
69848
5607
24339
25911
5969
35298
22757
23967
51948
15239
8082
37924
46213
43488
25553
22459
36459
8202
54124
1502
40111
63942
15565
42754
22589
33683
31419
17676
7753
12065
5350
49621
2851
56814
42813
11006
8192
13921
26344
25307
21090
45073
10882
42307
47784
32960
89408
57720
12412
11803
25869
33205
27680
12870
18547
59613
55062
25465
15661
15132
6022
8196
21459
24089
41211
13280
14093
20983
31457
39306
21079
25881
50044
50769
9240
40839
44243
9188
1682
35727
25054
1256
38130
18036
26901
72553
6424
54013
39975
20385
18278
78541
20659
13684
35317
8557
27619
79680
59478
64039
19605
17888
22387
1549
58252
27247
20479
32094
33360
13038
5596
27091
74575
39796
33230
33037
25526
14325
38556
62885
9559
14583
9300
27055
47702
56216
15173
12084
22770
23302
31637
17101
7077
24241
8444
39852
16562
5704
30733
17332
11872
55209
55610
32556
3027
76190
56641
32404
67574
59732
26957
24529
45205
63511
42485
78317
1481
3700
22205
41792
45342
33697
27812
32336
13732
12396
9248
77356
40656
21934
79325
25410
46649
17593
16738
20170
20151
31164
26631
31087
13867
25070
8700
34284
18301
35454
77633
49475
40916
22115
15439
31634
86738
238844
92320
219808
25282
19353
21318
33219
46315
25793
31137
30753
24557
12281
47663
20611
15403
40385
10557
30479
23769
45195
43852
59582
34322
18704
35968
52967
46825
94955
29561
63204
7808
51070
5541
29358
45868
7270
31564
7177
28092
32689
18239
11179
54570
6769
42110
50976
6015
63544
30053
17079
29213
61694
63110
24052
19255
76043
49044
41979
17270
24355
21105
58565
28224
220093
24788
18896
21125
28669
22922
16526
26760
42450
27350
30327
43062
53800
43217
22666
38256
19788
23571
24637
27666
22660
10892
21021
20397
47641
25091
21701
35467
56411
43285
22606
45239
20684
7209
38901
84893
36319
35261
43244
72734
12429
11358
57999
24773
54935
18310
3890
9045
41368
35229
38228
82621
156532
39340
217452
215435
96392
34902
8345
20375
7583
16063
8018
67695
92552
46560
91512
80527
2221
16161
9053
25161
61790
61137
34249
87161
30483
41738
35532
28051
43399
5040
3523
20482
15244
57480
57036
28113
21048
10003
11772
50901
44142
25074
26554
19537
9402
13724
43938
10885
8595
62751
40167
23697
23535
27930
27419
43469
37229
52826
62460
73298
28111
17628
25219
35032
54270
19671
47958
33213
43442
52946
42071
43369
86234
85216
2618
27535
33474
6094
17517
40090
75104
48493
14743
9800
46659
30248
4479
50036
71690
35944
7503
3413
22255
1135
23384
60894
31996
19653
42822
58108
93252
15108
23038
15669
23255
31178
26961
25849
3179
28474
14257
18499
28588
21914
2188
23452
38036
41666
63083
22191
8919
85743
52736
45796
40370
149185
24275
29110
52233
230725
15193
12391
63310
11937
1475
33146
32509
93926
54994
37811
79676
40993
17605
81172
36540
199888
187690
21156
8084
21574
33564
24944
12157
50714
15610
22241
17280
23735
31765
11840
38971
24253
21896
14714
34565
63387
44782
12711
31275
11154
78207
11617
58282
55639
23065
7672
7065
30328
89230
23842
5943
11513
45248
6063
54231
24490
26286
12474
99449
44147
18230
52689
96568
38394
14620
28468
20904
17382
43239
25314
29973
5871
996
27109
12044
13249
49415
21504
38275
44505
34656
15892
61823
55288
22560
19814
17959
27286
89517
91597
35625
40858
43883
33268
26857
27782
23897
25108
39221
57353
26383
12481
14047
46418
55779
2133
55030
17926
33525
31580
12026
40088
5025
7330
9282
36912
26860
9460
16915
95921
8253
58055
9289
21808
18393
7881
39781
48509
43792
25720
34470
194984
60793
28378
24577
25104
27060
36497
11126
28712
14967
10896
41278
14206
25780
16280
31247
17670
11035
31321
28840
6638
10405
31341
12335
26357
38321
17184
35250
152665
54748
172031
17654
49242
2996
5086
217204
96482
62005
17207
4508
27480
15122
7131
19454
19158
35091
11408
30497
47407
51989
30407
4675
32067
13459
35359
44409
27092
24380
10429
17061
11203
22967
49715
23606
27489
26925
35185
7617
55763
41915
9878
44357
65325
29971
25905
28503
1260
10032
17749
81657
12874
82305
21576
33118
7802
60001
1193
24187
13345
4583
6901
21610
79314
20317
22738
40004
4205
199662
9672
75932
29378
5247
2773
1184
4234
33649
43759
26596
42405
46460
11912
69853
20753
21278
31174
12601
39505
11320
36660
21996
75643
60052
9884
36099
18034
19512
67619
54519
60258
53631
88294
8413
32895
50389
87681
31655
33771
78011
40454
19922
50500
18575
47504
89291
50255
58762
41507
26432
29564
38899
21074
34987
5380
28690
2328
19675
35436
25939
27918
23098
71000
10361
99230
98168
98621
45650
13499
29312
162239
98822
100615
96931
96760
49537
27545
39155
52498
28685
11359
22200
1434
5851
5563
66127
8591
47506
20271
51730
172567
42995
10264
15506
14803
37119
24687
51563
39185
27290
10876
8335
7728
10120
14183
76481
40701
41864
66553
8184
44734
21264
79718
19383
46446
5566
34512
41443
80322
46202
26385
18400
161508
51594
96273
235255
150649
844
49584
86271
159599
28453
96275
161361
64372
27648
34800
218917
45039
98205
75639
95856
96105
97244
161707
37313
58386
41552
177779
96592
28329
74463
245346
52531
96254
164709
88784
31349
46104
47665
15633
15896
34153
58279
21762
56276
59806
93106
15883
42243
83731
47769
62230
50098
45394
25588
29372
15553
20264
45516
36274
15526
33975
28394
37461
67690
69064
57953
3574
29295
21201
76405
20560
61525
58605
6614
84713
52979
33087
44402
18705
38540
23501
392
83238
742
9404
18421
30820
22415
6703
6117
58140
18717
65724
9790
35493
42250
22790
10092
7272
4371
9655
58292
67277
17987
32263
36283
28414
19232
73799
21893
24165
27212
44115
48347
34225
40491
88654
72112
35164
86652
37471
68088
92981
50607
52044
71190
45351
51164
54445
42261
27935
48406
14060
27118
5815
57125
27045
13048
15354
55162
26341
4126
43532
11940
16575
42070
45373
14290
33153
31874
34736
31218
42169
35923
12331
7437
6736
10374
15036
35198
24581
14555
60689
20701
44331
16317
28520
81310
17507
42741
42159
48555
23563
60389
23061
21620
42853
26500
2847
39388
23103
15030
5714
7864
22151
82054
17254
12834
24102
12311
32223
35872
79354
174826
178001
21847
164258
73407
89198
65891
36041
71310
194383
4533
182829
55285
35566
68013
176857
108559
160160
247429
152336
158390
176607
158649
152017
157388
43755
211512
168480
150386
150765
153605
218133
171537
224391
149554
152397
148515
178985
65674
36651
215904
75112
61858
177265
97325
96612
111204
97319
96567
97157
96237
98854
96217
97988
97794
96391
96355
151342
181149
171654
153203
172182
173121
200913
184166
176789
171082
183320
151955
175564
175717
149323
194662
150939
150735
148705
191097
173405
159233
175332
151849
155153
176220
207752
168417
57516
155735
172051
185740
159121
183081
171505
154500
172154
151689
149592
219123
171692
150359
159031
151763
36270
65639
168511
204003
82043
194612
240645
201668
228617
164966
245742
71293
165269
187528
26283
245136
177507
176467
88674
241251
233243
175492
212637
237579
166274
41344
211837
156058
206155
151454
188724
176199
165704
201627
182002
152761
149857
173320
185957
153379
153758
238750
179621
39032
210442
181855
89010
175937
43964
161171
175495
35405
56556
66545
165453
181705
60589
65803
85648
191667
77382
189775
70935
88184
93123
184594
183637
165213
181340
58663
33964
39081
79766
100587
98669
98301
95858
97079
96349
101741
97117
98405
103777
100042
103719
103781
98259
97902
103853
96296
152329
160441
160144
180373
97221
96378
179805
103085
157108
98222
150107
161439
150085
152194
100795
97042
159481
149298
87274
151598
96101
149259
150281
197362
181629
151381
173697
76306
151099
172713
171655
171653
17816
238247
29613
238642
243369
160861
234312
180297
198960
215337
153586
182922
160213
153992
172791
214171
155444
177092
163450
177658
178045
152902
176518
152618
153689
154160
155804
148827
172005
168235
160098
177639
156339
155922
172661
160983
153573
177075
179107
209746
173305
148918
191749
159875
177457
155071
153760
148802
203630
175638
179281
155598
160943
160065
156079
151113
197594
151781
159549
204388
156299
153463
156269
153296
153506
160755
151515
185402
162427
151124
178613
160184
183692
178830
243492
160230
181355
175416
221154
148462
150030
176451
153581
178632
49413
66023
72135
184023
82181
41057
64400
180118
187693
38856
90481
81423
62869
178658
27186
213299
45995
42291
173739
96151
98133
99443
96678
31853
98116
101656
97558
217665
170854
151507
151160
153253
155108
151076
96590
159538
154838
173961
172367
149577
151642
64257
159358
151087
150270
158736
162356
172763
179972
61783
71286
32630
38111
54058
82765
200087
41263
21687
75390
69178
178176
175666
59596
96357
113090
99485
100345
173698
149405
171378
150749
150992
176882
171691
173347
171863
225307
150475
194596
40710
171948
182852
150828
148453
171251
159099
28376
149810
181128
196850
183538
212323
210860
236355
193820
84834
93101
68575
80504
87718
30082
71535
84252
77812
80465
51912
143353
104997
228051
57134
109271
108561
101595
111842
225761
99222
179749
150568
162318
96398
98739
190787
174456
161537
150188
60567
189261
148286
74548
220904
60460
30865
51543
54969
46540
85277
130613
97150
128379
97885
119541
99943
120094
150593
151922
149512
100246
155177
56090
93309
153313
150800
173441
148343
172753
164231
152544
203574
148820
153651
198343
174888
175812
154354
32295
81834
11961
174393
193518
86056
64858
81327
162082
54491
48517
79834
85893
87210
97155
97996
97273
97895
99440
119477
96985
98618
98276
103915
95989
97082
96115
98902
97017
150961
157632
159295
212352
156077
179082
171323
96584
158506
247209
175822
151309
186577
159885
148917
170861
225883
153627
161212
39872
99699
110924
108143
98594
109487
116703
153588
154757
178689
159566
159151
179525
185990
149282
151783
237262
203615
37195
62880
83204
43575
42556
173798
119069
97136
96473
95981
100681
116043
98342
180056
205269
247339
152528
219877
223391
35255
166031
187432
174074
162290
156135
171606
177769
149929
152752
173240
185585
151441
192368
203434
79550
9552
77327
31786
100485
98187
97090
96619
96670
98213
110299
95887
209645
96491
173633
155164
170139
153020
152355
150125
176314
161077
207086
186250
187649
154171
201177
157203
174023
192579
180956
160068
181275
172528
157055
172990
201257
178751
151026
84224
80689
56889
22723
67816
92837
191370
59901
122563
97039
95860
96891
98335
29111
160635
168686
198814
148516
150790
148421
160115
161978
154834
150938
200081
55572
156131
155420
182435
176261
189090
158403
152486
153555
151746
174022
183013
189407
150154
31575
210775
44864
184170
61756
37605
109080
153223
174155
159075
171795
246237
217929
184080
182044
187950
153339
204784
149528
188869
198413
173977
202257
46043
72219
75552
177311
10081
212642
76876
87424
170204
53362
81701
44874
217445
42437
53055
182556
173436
155063
235908
159403
151391
201408
176001
43600
63210
55565
89986
17057
31806
175755
98410
97711
200641
172676
172714
156009
243623
189731
158154
35731
89466
29194
95910
116813
96831
154158
82577
241560
160128
154176
219644
174185
173241
175788
244618
246479
174116
150798
150848
176744
160630
172851
201406
244586
160819
211501
202198
149036
49689
171603
154727
215446
179527
177850
233453
168901
148538
153347
152807
171325
231413
224916
192044
94105
163035
160768
162385
148458
217058
149430
150161
178172
150148
167419
175060
15429
110958
172094
149033
153174
157357
235368
39183
83249
191497
193330
237602
209239
207996
100546
97625
96252
96256
246918
188395
176036
195758
85270
54825
196771
60309
13203
29197
79599
105110
101664
108540
148687
178023
245154
179936
184923
159663
149166
162113
163525
153445
205677
209334
103082
123336
152718
200808
194255
47701
48190
189652
71889
46313
81964
67849
98626
101261
98200
98877
96195
96267
100555
232135
87298
180202
45962
108872
103080
103709
73512
155178
156986
148510
238646
156913
149197
195864
179913
155923
191503
50205
153793
156427
215471
176713
223861
160453
166984
33065
31608
170901
155961
206081
209233
177348
191041
197048
81013
217682
173145
76618
207145
175675
177595
199025
116318
182346
153329
180766
168853
171983
221824
73351
159639
139046
168877
240735
172505
196536
227033
188751
234018
198496
176105
103600
151931
8861
200575
153987
212015
18214
8951
35706
23331
20288
28082
37877
30948
46483
95097
48867
48183
29695
57637
6430
19581
8466
39383
15554
41858
29979
43145
3939
29556
43775
23772
18137
20837
15840
23447
36158
50428
25602
40354
9124
44970
52733
43977
40812
51797
9398
80274
6494
18607
15561
41985
31133
25728
50139
42365
19818
6111
21602
11184
47358
4832
13995
24665
36729
63927
169553
48056
50032
25438
29051
34590
19166
7187
11595
26714
3252
11743
23819
15474
81161
38886
24049
14176
21005
14147
42088
21444
31269
37404
28155
26989
49792
11043
26246
39943
5962
14656
37481
28754
25315
47913
18826
41276
46266
51399
93613
40065
33793
60500
53449
92798
30147
42667
67673
67911
170127
51364
8957
28504
29246
6466
20040
15412
66932
21141
4730
2727
20306
41163
15842
41126
36448
13085
19324
11367
18403
4005
31718
49485
40554
24447
29560
8553
67299
31847
48127
20844
1338
8351
4334
29636
13333
4684
86060
47070
24228
6359
28704
24235
12884
12116
38100
13595
32104
30382
32785
19163
24693
55232
42072
2517
59942
23429
13022
37721
817
23164
21634
10185
35302
35098
27136
30773
27449
27318
12464
9253
35139
55549
6342
18032
25642
38974
42498
41637
75129
28446
13761
56339
35524
34901
42764
35997
11130
26352
23379
51747
58562
37728
32658
53751
8344
4721
23161
20476
65316
36636
41753
51571
13915
22284
33377
46621
60065
15806
28025
49647
69319
81535
10794
19861
20803
60120
19392
19694
21599
60345
5207
49084
33252
14735
1769
84836
32982
54214
37200
35007
51564
31260
9464
79803
40168
11336
70232
51519
65827
31012
21405
42195
48736
84523
37722
200899
62136
22378
17866
2704
12535
29233
15936
14260
36790
19499
26802
2650
56548
9785
36600
44512
14834
48654
55676
7906
23487
14193
56241
41727
46961
23901
68424
25613
67776
61674
9690
35346
58585
73344
80088
46076
41899
75879
47813
79263
10880
16695
185168
35363
79663
53963
55149
39026
34724
55993
206364
92883
50988
37169
54266
34962
23695
29384
18420
73655
25230
962
10466
10491
57709
21727
1278
16406
32767
34756
11906
34900
69523
31415
25891
39704
730
29878
32187
40677
8289
8627
8722
11771
11139
49465
7108
31195
39718
68812
4432
989
44570
24333
8488
22162
21832
26896
35922
31330
30621
937
47406
28506
12105
6516
12590
64241
21878
36544
24217
21289
18522
11246
37568
12142
17887
88675
67046
18150
7841
10534
9771
64604
12586
5709
14585
17346
55357
8864
8038
86644
36763
37168
20649
72773
27797
63164
52827
8088
71664
76023
24205
70916
17203
11368
20685
24415
11046
34811
30942
21748
44745
38243
11031
47091
21388
26043
17350
40631
75377
24717
20586
22171
74719
36391
5652
61984
33273
40745
40527
1051
15468
96416
62699
45430
9563
31504
73711
8907
30323
23973
91305
39692
22188
57506
3426
49884
94537
80480
41096
21488
70065
50879
31023
35324
60936
184074
52473
4343
34072
22950
39225
21665
19335
6903
68322
49926
23505
52022
21380
25504
54365
9100
9004
44329
38167
33712
20754
23099
33002
10906
18504
28328
36597
47154
49625
56229
26317
21169
31641
30530
33770
32863
47881
29254
52720
26203
92683
51910
18863
60450
94983
50833
35097
21407
95341
89956
49805
196151
64875
41273
67067
81082
42276
149756
66570
19458
14202
56151
53829
23745
3400
27965
45379
27021
29691
15891
10165
22128
18736
55709
55759
8850
1913
2633
10147
43238
14696
19567
19766
36712
28923
13304
35073
94487
81792
29041
21121
32715
71202
17046
29511
30255
9178
44521
88423
62919
18154
69167
20938
3897
82898
35746
19281
14893
12500
42845
5338
80595
25587
22923
20529
23584
21402
17534
16478
12045
13160
9366
5919
15146
1352
16391
62662
49035
28649
60421
20576
10938
34053
57535
58651
68034
17632
33542
10034
6417
169814
11957
73676
4582
9867
3636
34507
34603
38783
28857
66723
24533
17652
15943
19102
10561
43486
8372
29650
3075
7962
70518
5780
5520
30493
46137
58675
82067
19294
58231
41849
52120
92077
29155
17334
41575
80317
10459
47712
44103
24555
25346
11034
76461
10187
12338
30832
13638
59824
15847
93459
8840
9864
14277
36627
51265
22982
6030
58501
7694
133131
6641
2864
90739
43817
8374
68531
14113
14376
38555
8710
43670
188848
46457
11481
1963
44732
39736
32218
19651
38922
7121
14411
26083
34748
31062
92000
21097
22100
24230
26624
30863
39746
94586
39804
16518
77971
71107
2681
6969
36184
44856
103733
93995
28865
55516
16480
14280
48074
24938
69878
5910
36970
11325
16116
36175
40103
29869
37263
21740
16615
2934
20346
44146
33987
22705
36180
65146
10302
28825
6073
33558
14747
8905
92584
24663
19945
24094
62345
70190
4978
45791
46139
34541
17272
13863
44023
51044
85088
9621
71686
56188
55798
3797
43853
59231
42117
16590
10580
19948
33810
3092
15882
40980
15605
25255
12936
14914
43946
28586
56909
18932
60954
25625
16859
86338
2162
13166
49430
60939
70737
13294
38526
66285
57303
55144
33462
177838
22182
27533
21323
74372
59432
9472
4617
54508
83734
16584
27662
64206
37671
28786
26824
29877
22585
19830
32087
1929
24360
44174
54255
36846
42306
3407
88161
15424
19276
12957
26013
4745
26072
54731
71855
63503
38891
8605
53702
76017
28443
70535
42403
8502
16319
13045
22729
8170
25632
11873
11856
44968
3112
47551
55943
40344
20513
72043
8384
9903
11161
2076
21134
49536
60210
10901
1131
22233
2249
3909
28246
51128
16061
47554
40148
81715
26331
32636
7654
8425
36406
7714
24293
48375
32427
12115
40493
27960
16058
9305
26021
55956
12260
25126
69814
29764
37504
44048
52284
43770
27672
29407
43027
26759
9950
5320
66826
34890
26900
22931
5928
4048
44287
44184
31841
14210
40759
78077
19515
19867
23396
40716
11610
18910
14268
48321
84322
47266
63785
3241
61307
29713
91976
43126
50365
51418
242861
67226
24163
61141
14506
19451
42320
36958
46234
31059
82446
74633
32313
66467
32298
52138
28886
51169
43787
4869
16952
44888
177156
8863
37540
26180
96921
26395
95628
76259
35474
20580
62349
66290
212992
80883
29922
60239
79331
68783
28556
82364
26669
86007
23461
11776
40449
41533
39017
21689
20087
66032
64478
83907
25719
81151
54359
46799
58515
23884
53148
34364
51162
78138
91826
39878
69933
61083
9643
26372
39211
235911
95389
65067
76398
22349
33723
36679
42154
3586
63738
88918
90220
30326
67432
35963
14682
18653
60964
39634
55804
56103
41175
59261
33590
35623
64815
23532
94721
78999
37719
22503
5796
21263
49097
46894
66013
88174
65151
13695
35278
19682
18564
60781
38415
174793
24512
16240
63380
11411
16527
75281
78260
75425
5697
45912
77885
17742
9798
15545
2167
31639
13140
42139
20782
15099
22282
14231
15152
34018
25951
10760
15213
10968
47317
25616
27053
36162
22668
26444
36377
50354
16966
19566
4733
50609
18734
31948
34649
39647
42861
8509
24879
24830
10516
42619
23136
32059
37666
19518
20074
62567
19898
13062
208436
43705
23755
55776
81954
28885
29508
86651
231306
38104
49041
27924
17765
15634
3402
7068
5481
88830
36863
34508
5088
18568
23556
2839
19809
11650
10758
46902
41445
10734
9325
1781
50949
13449
20500
11597
10340
20382
63653
91120
5590
27298
49332
2623
20456
18992
24468
8225
28151
35622
18023
42335
49992
21652
41665
58957
32243
25592
18674
29050
25707
30581
20186
12688
48286
30713
45054
69246
13324
14191
6253
8868
12102
26531
2465
17731
10334
13804
18532
87109
76227
17389
15347
15582
9828
218849
77740
13955
22068
59355
64808
13528
43740
12683
37149
3975
2057
41854
33754
42158
483
18790
16051
19569
7444
26031
36665
37768
23308
28812
64897
24251
22135
38700
40118
57158
48733
52026
43720
18836
8845
55821
3281
40124
11489
39536
31367
20652
30458
60703
9334
18835
50690
57784
26052
31189
3643
41012
39128
42784
68744
4676
14958
28543
83125
199545
51633
14767
98738
67525
37223
178954
63414
2662
61954
33676
48981
23032
19466
43690
2575
23837
33040
39188
1476
22468
27317
20156
12151
73765
2655
27083
56080
11242
23965
8571
78574
61250
5023
30945
33539
36383
5382
8887
27085
12098
38192
52821
24007
22911
22962
40747
38976
24023
30962
35300
18600
47351
48696
21585
41676
39438
11455
47797
22742
21970
19873
4830
23394
37019
50744
9930
32436
52209
30980
31934
64768
11255
80624
27125
150581
78749
89331
41218
23008
61196
59120
27605
30779
27881
201777
39591
12035
92076
29187
4914
61055
39335
50115
21543
93945
37663
88709
95028
222443
58913
44073
31496
15514
30277
27165
81382
55116
82276
55843
51996
64743
15731
25804
37742
62613
61952
21686
25019
48685
16741
75840
9966
68236
163904
160923
149177
42112
17762
15856
35259
4701
35848
21877
60651
27484
8302
30235
3844
18936
12655
33017
23713
45345
22526
7947
78535
60024
36289
574
30101
38845
11722
76430
56062
48854
19677
59379
37254
5582
10677
74030
22885
82597
21346
26155
85927
30181
19507
23883
15222
28606
32638
2408
40204
17390
40171
8593
35913
17043
46568
1556
39236
80254
23649
26907
41054
48015
180225
19525
19119
7506
17049
37730
40368
67515
3876
21948
27934
47237
19169
12743
36480
36468
77291
18387
31347
12253
619
87496
43542
28502
57571
28764
32678
48358
49019
227475
17935
18889
212879
8702
12865
35281
25411
65656
21041
55721
22143
54295
30730
18018
44598
38018
26454
29901
41638
24509
48884
32432
42666
40158
33366
18315
43438
33576
70156
32801
90456
92059
76824
95944
92970
747
25429
16023
30221
12941
19094
29854
5933
34356
2060
24792
31466
5057
48745
11185
18133
8689
15174
19108
61280
14134
34713
10854
17447
62363
33733
12066
1427
29859
20147
40848
22696
20706
7514
10403
27482
15774
63007
52555
22690
46886
28330
18098
64774
1488
39464
29306
4845
54738
13513
5625
58603
91303
30296
8269
55180
51034
18701
61520
1672
5662
8473
44969
26820
50069
24387
67312
36387
18212
45694
63558
16246
160347
57370
32932
17681
227489
24552
87093
174489
11569
15635
29627
19841
17424
36981
9628
56497
2479
7146
21360
19691
22656
48350
8569
24832
63409
26635
57247
37536
41713
75598
15348
58772
24347
34875
55879
64645
42912
28203
40580
23024
22116
18612
27844
69292
51577
4506
34872
58946
72677
24554
34841
56030
24882
46525
9698
19159
1400
25605
29902
76817
21467
19100
39231
6013
57101
26252
80239
24304
8195
4304
41151
50539
14166
33601
4242
37062
38874
30457
28765
11984
36517
17287
32450
32886
57239
25569
78761
35442
30314
37011
35943
70540
61447
44364
24770
93590
5577
42499
18687
19786
32663
61545
49036
59296
22330
4824
14529
25016
25611
57994
17094
40028
65703
3180
65938
42918
19802
52425
33166
7114
45841
7163
43477
81659
82711
13035
59849
53984
43211
19183
6377
25590
81815
19470
13090
36244
52437
9407
27028
13553
12681
22460
53492
20135
5450
23059
16725
30827
21608
40271
6579
45341
31973
26661
38434
19899
31255
42804
57013
22960
33767
18087
31449
20795
43558
18120
48939
20398
28222
6583
40297
16047
44656
36531
38699
74086
29031
18990
66121
38574
97192
5988
31007
59610
95125
39294
7611
4520
17388
34432
37178
5256
16494
45884
18443
34932
6952
23382
78585
27388
26382
15363
1222
61608
11398
2867
20058
33652
4110
59977
21595
54250
41772
28266
10327
4422
17851
16021
18756
28776
20905
59826
36935
26656
23702
15147
43986
72081
46710
14393
46878
4339
57900
45302
37687
23221
23122
5199
47499
54084
32343
35169
19639
37990
47962
16510
66649
24064
88530
17072
72084
66135
21892
14913
30441
49061
16560
33794
39187
11664
10533
42044
32192
17425
62244
27502
29428
1884
9455
81783
16637
21930
26146
2780
27219
26510
24194
26747
63931
36527
5347
26469
20228
11523
21817
19914
54734
11538
160797
27245
48264
76375
52757
29309
66148
38453
20218
61502
44177
56259
27687
56004
74839
49231
54512
62388
17281
54670
71047
25823
70173
89222
183763
84854
38907
27442
201843
149700
44171
38842
18279
34142
36551
16052
23715
95874
54932
80316
96203
82536
36304
22766
9091
47231
185685
199603
37665
52410
61039
97682
209867
180231
8174
67292
17506
34635
45301
12485
68146
29304
23351
8703
30805
19138
6445
26462
43001
9168
41439
243332
7224
67831
67469
47187
21640
14034
34460
47173
23177
11450
12946
16943
42484
41359
31423
20608
39937
26928
29754
18196
33358
19061
23517
60940
24873
24112
40653
37306
15817
86223
47439
75728
69053
16709
10297
21907
15336
75488
18282
19964
18507
43555
19649
31604
12271
37608
19505
64568
17283
19441
18569
83441
28338
7097
75999
10284
30794
7717
47234
62135
62614
37945
25888
23672
10741
32732
6944
30207
41258
41784
37135
40995
73630
23562
20522
24982
26508
23684
61587
18645
54958
22875
60466
42559
38823
51844
158143
42389
99516
101813
97318
26623
168315
46023
24506
177130
49414
41663
98836
99550
29582
14244
37063
2110
58722
89999
14545
58538
55628
41162
30366
23729
4180
30106
16568
13563
18103
61229
32850
8589
22695
40944
20861
68159
26029
24719
28509
22043
7928
30378
38005
79639
47681
38480
25858
38866
12924
29379
69482
22953
31868
53697
242027
27866
241093
229436
17848
765
41414
9099
25366
1312
40613
35515
21087
32530
31542
27920
94046
43697
87810
47260
34916
52500
68420
39770
47016
14739
76950
23708
51456
25309
164172
26438
10513
22714
167164
173526
149673
149742
67429
5901
97249
44774
81544
37401
33190
148566
57750
99067
99761
87120
245347
105958
96193
8055
96980
159152
73721
93248
31702
172339
73050
32926
52587
170448
49333
49452
245082
96730
59268
148367
96970
53572
184898
79508
162759
15002
45158
35791
10167
40559
22576
48735
10563
38486
5966
18188
32365
32585
75983
14707
20743
7541
63208
45834
75000
30035
58893
12587
61905
3476
16547
34020
60161
26248
26006
37569
31784
21957
56855
55645
29784
21419
20005
71739
15397
53402
7363
32351
19660
21751
51416
45212
16395
42826
49346
52038
33345
9625
13000
32058
16976
39759
11010
78037
18844
11180
72456
21061
14934
40252
22977
94965
51917
25152
30599
23271
8817
25544
52416
5108
58302
36734
79797
51297
26699
39743
55700
41633
16169
8012
28396
83451
24220
13841
16419
30834
198698
36638
19654
14629
81367
70575
45313
27805
13539
76808
42407
4157
22033
6709
16257
24352
29492
42451
61981
63355
37435
27137
59236
67606
21637
18047
48763
26816
41129
17954
51404
6248
1350
32878
29123
57291
9872
80558
37338
57584
45375
37017
22139
48331
78780
34854
77876
77362
197019
231807
74414
49252
25668
29856
36748
38491
28808
24999
58307
89712
75150
67927
38583
78686
6143
48295
38498
31108
46476
13439
53175
71835
89485
69542
63862
49993
6058
202171
184320
182547
182967
208290
183520
76748
214632
178509
188831
54271
70836
177861
85480
181285
58600
174992
64078
49923
207147
192022
82575
99132
96907
97034
109390
173622
149601
174592
150544
190835
150674
6499
156629
192610
159613
57392
156312
91374
214264
160513
193348
174979
61139
190447
173957
62603
68178
51306
43232
207046
96364
98394
97430
97189
97048
97374
96725
95916
96081
97381
96984
98011
149858
152178
151629
173141
160675
150449
153655
235976
148700
149656
177742
161651
152985
182520
177067
176168
238676
200987
185387
222100
165331
174307
175710
174025
150984
166449
152242
179563
152919
176719
93629
186688
190250
165556
173360
148634
154016
175176
178715
174545
162564
151133
171215
227110
226136
243904
205909
195029
210682
200063
158256
56740
232952
94053
52546
165665
234592
83213
30609
242498
88080
195172
213301
218528
40545
164666
163416
239146
176724
29240
184165
222410
212550
233918
220301
174042
175353
187140
193796
178769
173262
174097
176437
193268
161547
192861
183165
188038
150112
197150
185975
150143
155799
165108
239007
189992
176712
149505
175288
244389
185435
175279
187043
183046
193971
184131
51592
184999
35547
74752
193021
186419
57723
180204
69508
29558
62513
93057
162551
172130
158145
176326
85026
69936
178168
234900
209721
194286
90757
92186
23309
87570
44379
40939
194085
99129
97326
97390
96184
99952
97557
114534
103931
96249
98876
98262
97994
98272
96909
99446
98297
98260
96178
96065
99457
96066
95959
96454
96011
99323
103789
108598
97383
98257
97375
95979
100852
95829
96655
99494
97991
96563
102280
97809
96987
100586
100075
97152
102914
96500
103825
96281
123995
247279
101129
246813
98174
98286
98236
176878
178444
174166
152235
152571
155531
81681
98050
100262
159532
159611
62032
161017
100761
198625
97120
178093
98984
151140
158152
28715
96457
239767
99309
247231
172628
148659
50563
181947
192613
191535
222179
197778
188112
155752
184157
153024
179432
149631
151172
153315
156156
33348
171676
151186
214005
152952
181897
170285
178007
50816
170883
48327
242695
45578
208835
156051
151513
150399
183913
161073
176246
206254
211760
161209
193852
154361
163897
196218
188027
167257
151565
191423
178041
152305
230762
189603
198050
213716
155570
163195
79763
178208
182166
155575
176167
155900
173929
171428
231656
150099
164794
152518
206419
193210
153308
194354
180002
153377
165014
153448
152456
151054
155225
176848
154805
151691
176209
197115
207524
164030
179783
211043
200274
183365
158379
150130
226464
163086
202338
176235
159869
232669
191883
155299
155406
153882
176495
177906
240396
189289
198933
151968
187744
150409
156225
151248
161845
151732
151801
150793
186908
182817
201221
230412
189969
180640
177589
149710
229271
153865
94324
66996
75155
64238
27759
168077
67956
50739
93983
63614
63538
191578
65745
188862
176059
2097
215657
196182
61547
40883
49767
186835
183230
177912
71112
77728
96042
100790
97893
98898
100914
96191
96681
98430
109307
96657
96785
96575
109816
247203
185079
179977
155403
228260
153370
98103
159444
159197
174119
100626
172822
151397
150156
176462
161905
174343
28116
161686
152186
91608
176162
52253
41817
58592
227986
50890
54487
79901
206753
206816
95033
27156
68760
214479
195307
187205
81200
62961
194194
55702
78607
22345
226804
175007
56021
67222
82528
104032
101736
97950
96999
109006
98921
86011
238627
155574
149328
149467
173335
82383
148362
151001
176874
159290
181250
152436
149749
193270
151637
178738
148889
150194
90638
235425
194153
149668
156056
166966
215525
39200
31363
239685
212639
227658
49601
193945
181823
151504
37110
168122
59151
212052
192449
45087
22312
86346
81808
71628
56926
203372
26559
96220
97277
109755
100899
103891
97240
97321
128813
96782
96609
113716
97452
225170
64729
14945
103943
151845
100987
246077
169457
216027
97691
172544
1486
162506
96735
177699
97257
157106
172148
95924
179183
155940
98132
171585
159690
195852
163713
149743
150398
150072
196429
76187
69984
148834
159044
183895
227713
71526
185681
43909
75923
193357
18181
56951
95974
98250
101776
123153
100563
97093
96135
96820
96626
100764
58547
186503
247228
97143
109464
159559
152421
152349
212342
185540
239493
153183
45405
227049
159141
153309
187403
159554
176304
171913
151029
233450
203815
156293
213309
70100
77153
244176
216039
70236
37523
74859
180140
79670
93921
174620
37520
72574
33215
37102
206536
190550
29705
180437
239968
70099
178879
184286
172955
74205
188851
184668
179807
203386
89625
37587
195274
175026
46639
179320
83623
98173
102051
135090
104569
97499
96903
98120
98674
105099
112314
99986
155813
67111
238367
96426
228811
152629
159579
207435
160182
108836
180733
97373
190092
151660
156153
112376
247268
134929
189162
149952
173525
155340
191029
181517
150812
172779
150545
174780
195924
155081
60508
151490
176160
186122
177221
178248
64427
175911
190526
39862
183641
44759
97881
99378
109685
97746
101604
97085
110794
149536
154561
192973
149572
165455
82929
155269
151949
230369
171991
189767
166202
183798
151969
188501
148579
149950
175841
176976
151230
151897
188786
179327
160258
48799
82810
184187
61132
174625
39207
40184
93740
92297
97282
103758
95906
96858
103726
108543
108638
97163
108738
182497
97681
247813
100670
247304
160042
176643
180216
186849
171594
151988
173094
161174
162035
178011
245811
241520
229761
153255
51144
173534
155800
166661
151050
160261
156198
151145
153673
182079
198807
173278
162340
211594
246048
212012
180834
157459
233196
182283
203879
206640
160548
153885
209289
178610
71184
179119
51424
80591
59651
186395
109269
97768
113746
101305
97965
114029
99993
96492
96645
96767
99372
97248
247505
100709
96192
198096
174841
159659
153001
150620
196405
177678
177317
160093
178515
181334
154542
192794
179941
155820
175529
173032
160677
245856
148559
187037
149071
205684
176520
197821
74429
90658
78281
68063
101687
97489
96397
110355
154437
96631
217720
151768
148761
173104
149337
176716
177131
154381
156721
168261
50022
148942
182771
161995
237792
210052
190900
70250
198678
185721
201003
188755
205458
173623
174854
184941
174929
153302
174321
163243
185489
154657
188301
230916
193139
153317
149676
201482
174164
235781
181605
181556
177039
179410
234376
71071
61465
112103
110001
99704
174649
99188
174052
193320
189987
152134
154702
159536
171878
57834
230344
199007
149084
173227
172937
190670
242332
43425
50670
69186
160166
187730
59089
212114
202145
177963
39725
233101
85388
179886
243925
35819
179628
95618
177530
68409
188016
77486
247480
175326
154390
162323
151640
148972
158606
193668
158083
160388
223970
181531
80911
202964
192298
190721
114529
97759
96940
100260
148943
148435
148939
148853
149943
171783
148496
161810
172419
189789
150950
186658
171061
38474
161551
22239
94104
172561
158532
163785
173827
155343
160319
155888
90318
213728
48091
30534
197011
61930
96440
100026
96490
97889
110232
111289
130391
89021
157445
198071
225884
154767
180238
163447
233001
157148
151201
172380
148974
171518
158505
197472
160682
151262
231448
212557
149961
242314
245518
163205
190514
194743
164494
32812
204808
150294
212645
31140
208453
208025
171994
172375
190878
196631
150367
150704
149168
150455
160693
164334
180439
151508
179481
233553
173017
207551
160596
174923
154165
159065
218852
230782
242243
220526
154479
151745
155146
194972
179997
175342
170390
155130
183635
176823
173109
179993
180353
152574
150478
172483
155113
156154
161827
204521
95467
68653
238656
93828
35314
80891
112645
103000
153942
223194
199932
174645
151975
188212
193190
92205
89551
96260
227910
181496
188905
182272
96179
96849
97620
98322
110104
99959
161661
171926
209632
157801
152569
154452
148621
188808
187032
187260
178369
27239
186753
91167
190003
192800
91593
87031
178670
97551
97559
96638
181902
198088
205723
160414
186550
234024
172887
163599
232984
176337
173368
205500
201430
190634
75628
108578
77472
201993
240073
162586
93124
208302
113482
130400
110248
99282
100716
98077
111566
228563
171495
73374
22055
179140
73750
177097
179492
32244
25973
149720
221493
155577
99570
178180
161569
164803
176149
157488
160678
61748
163945
165171
159817
204854
150469
86044
196180
149937
61324
245178
174597
64564
232878
243684
239195
191118
180769
187072
223945
5420
55369
201509
220837
186017
210291
156181
159545
157685
246343
153683
161962
173592
228719
191619
196342
86022
154617
150849
188259
203249
175987
197873
186608
184033
191502
48822
72533
106942
96698
216057
177675
181136
154039
158567
48962
197970
153870
69838
213886
192815
163941
167632
78288
96603
190128
96429
152096
161553
156783
184493
200780
173019
117176
105853
145105
77955
216775
194460
97084
220179
156514
101633
247381
176681
121595
123178
161524
180067
224659
216645
44649
104691
101199
96801
101249
96787
98524
104471
201924
99477
96805
210820
150926
74916
236279
199760
14971
32175
12640
11625
38620
39842
46011
36731
32341
33971
20604
27010
1296
80114
15090
50989
33461
21146
2461
6794
72370
18931
21008
159609
2990
75497
198421
79583
42606
23833
38381
37619
75867
38761
7608
56264
28926
55618
36942
42610
39300
33708
4632
47477
28995
8923
95464
61651
39317
21560
14864
36785
81809
49313
37983
46610
25776
54634
10739
13648
72173
16448
20665
18642
53100
23070
65775
62434
43124
21409
48125
70700
43195
14075
81655
7859
4735
24124
62641
49968
30933
51356
43860
33433
39003
26984
21786
2151
33420
28486
59995
33472
24699
32559
12404
26281
1613
37208
21633
1522
43873
48790
43688
31101
40447
3635
59093
10358
59629
39515
21398
77804
26035
14142
43334
21511
18384
33779
38329
25822
48603
63970
1598
27955
50477
8297
2587
82609
86700
38095
30465
41052
84533
69130
85587
32090
50998
60129
73439
29315
62278
5922
5478
9066
71802
33059
52744
40702
79136
40384
37452
83271
46919
69321
14149
9882
16521
39788
90886
46967
1972
78438
51393
25259
36307
53550
54292
6284
10210
31088
81407
52934
3275
31265
48380
3967
28358
3581
21003
27336
35271
27412
19813
12117
21853
16639
1998
43891
30125
4525
35608
55968
30693
67330
65680
54778
6550
53547
11191
20162
11101
39326
40687
37967
55172
64969
18880
14045
14008
41427
6951
38657
54521
36619
9274
2051
55521
18627
38284
12772
41353
55853
29961
18626
48203
16289
15204
33602
60379
41156
46209
20725
22226
20106
33952
22057
32826
34807
10082
66897
79120
22945
3411
14447
38303
64552
26320
54312
70857
40893
38157
23513
11583
85526
59943
22419
240650
21926
27906
42042
38361
32839
22672
6960
30335
51459
15094
12383
106
30298
4789
19411
12720
11554
20420
57694
20855
23751
69311
28079
23225
8691
56751
67054
28945
25012
64852
25842
67935
13810
17019
17606
34998
68935
27550
20094
26685
29891
33060
34407
78285
12578
59521
34125
10596
84582
15719
17590
5579
33557
21692
54842
42933
10858
45554
1166
52285
15555
43008
67157
6269
6072
67752
15135
22618
2920
29093
11459
18496
35340
53945
8058
69081
71405
22099
46927
70740
30121
78989
17492
45641
204245
31480
83828
60335
52049
87285
213810
33107
37647
43868
39639
59948
49698
74735
3557
4718
86628
66617
9540
56018
75154
46663
90017
28067
32420
64472
48720
61607
70550
95115
84584
24978
235779
7385
49068
24336
57402
11684
4431
23158
33102
20821
33621
14818
89745
8037
49961
36554
26597
34839
45976
84999
52654
81760
38175
76673
27382
20012
78244
46237
62704
36588
65975
23343
54217
17761
14808
35360
18172
215642
16000
73675
10308
17085
2863
5087
42675
32532
11030
32177
70863
35724
36506
26658
37431
27643
19628
67144
28140
17882
37087
19889
22477
52575
18631
94638
12676
33095
17230
26089
45984
47927
30614
24679
6548
22739
23693
48907
54985
27328
57713
33494
39184
60299
1664
17616
59010
14752
21607
12241
47338
58980
12566
59323
35264
27410
91063
18006
70538
79464
72338
91154
6525
39875
26163
34606
21779
35915
81065
9626
34745
25450
21690
1704
4386
30596
59118
44918
38086
57283
3006
47780
64080
20783
13722
25812
49623
42426
33063
28849
28816
20773
55484
47929
7357
42959
5219
26937
19882
25929
35020
232393
47126
52824
58495
46565
4764
34920
16453
5710
5565
51328
14731
19684
28954
7413
23699
1563
15209
15528
50273
3562
10502
36303
16814
11808
32710
49042
25563
35214
51112
16093
4537
32881
51052
18093
21901
24160
47163
59070
3752
24040
45887
17680
24871
23152
189239
38304
94858
79509
11971
4308
20620
39511
15024
91904
33536
84145
53797
86410
77788
20583
62076
47547
246024
34418
45339
44340
55903
79619
24434
19282
30330
38802
20269
71470
84338
30995
34622
70454
69834
32902
50235
17849
62041
2358
45141
7348
85704
8430
61720
32274
75333
41730
47737
48166
43159
60666
48133
61287
79745
88427
40225
36781
9408
38585
8856
55938
19404
11279
25050
33109
65982
3496
65729
75892
27863
38149
36777
61621
17129
35880
24505
19730
1164
28621
19748
20489
93711
17251
3458
21756
32818
4580
37012
30882
30433
33852
192638
15315
41050
35840
37686
23369
45059
24200
49296
53136
17466
60742
42191
50614
51216
40967
56812
27827
66158
25233
21577
39945
74962
89314
33393
37612
18075
24365
33936
43284
16739
24171
67369
32947
18839
47434
13666
14736
18721
19162
12684
41936
14124
20901
31510
3077
7491
58653
14151
61765
57032
8327
13854
5095
6449
69970
49768
21905
211271
38850
60397
56257
67425
32186
77555
54830
489
2967
33049
31717
16982
18080
17925
79459
15747
40249
27183
57382
35003
42180
20495
24738
18840
16457
7395
75824
12489
52920
41197
72284
30506
46064
11155
22841
43919
42366
53798
23595
18881
46627
48703
43102
68188
21851
45936
37919
31135
40754
31852
19965
14858
43857
37987
12988
15070
58116
26819
60333
4681
28451
29074
2287
61838
153887
19252
68461
38943
23471
8653
5049
48261
34468
4746
18194
31691
48055
25710
45899
25790
16279
24157
67043
11162
32306
16451
3080
13593
10969
12691
4865
40337
36538
45853
70929
62410
27313
58512
23567
6109
11681
9089
6514
37351
6190
77795
32076
20723
34796
74039
37586
27047
33508
71146
14923
79596
13200
13943
40041
28398
44629
29762
49244
49496
24905
60702
29174
8373
45319
23642
20097
26101
22462
32379
48516
13056
17623
3981
36344
61450
5210
48528
9768
73930
57997
4668
37098
52496
78865
28454
62291
7046
21593
17226
16490
30038
23619
27038
17038
15096
57588
8420
41830
8368
21537
68805
47794
22431
34374
18389
30922
69877
11868
18817
20461
28714
15216
56374
44119
35138
75363
9333
25885
66460
43484
27799
46914
67126
58564
25993
50070
12958
31525
65590
153089
68307
15606
75541
13242
52618
8985
36195
71014
59741
81645
88008
6212
44978
55760
45072
18216
9286
54692
78908
48273
13706
23298
45419
6544
2954
26909
16055
49309
32421
22775
7883
38689
81160
37460
84283
62065
33333
62691
26838
6403
32309
92242
38739
73178
5428
14261
20072
70928
48973
41769
52636
52250
11827
69486
66867
60255
79193
44469
20049
22266
5184
23822
16330
19650
5692
56707
3936
4077
13012
6033
54567
34282
82388
50631
28787
44984
81422
9299
6677
14720
67036
45084
33271
20974
66979
4895
5846
43013
87686
61080
6710
1629
10241
3670
8991
65495
15720
29273
11149
52213
38570
16705
12023
30977
17541
42798
11530
34593
82671
26040
2301
7647
61670
15593
31797
15199
25216
20428
38604
70656
18630
10959
12520
23478
35838
34915
39103
26371
11032
55129
38591
46597
15136
40436
27953
9278
21230
47052
6634
15781
45061
13448
20432
25225
79577
95521
54529
40104
27197
37951
21923
20351
53598
14379
51317
14347
18261
95373
45961
46400
20312
21713
12113
16112
22968
12049
14316
22222
7377
22398
22045
14324
53491
17700
36994
22436
15684
24884
62618
13777
41902
38964
81119
86882
42773
28274
53796
14222
13755
20540
76798
10754
88507
40981
8398
86462
23635
27033
35090
9291
22059
75518
60609
22379
5560
34655
58491
17972
30010
34055
18549
12710
85991
12276
39069
51220
59055
39835
14837
13036
5270
67745
19522
19949
4075
10553
81665
24098
54953
25130
44127
21175
48213
22749
57268
12243
35695
33811
213977
35575
6812
56341
25562
25116
39476
42161
2642
33343
20266
54404
94967
82124
53313
54588
6209
41102
15344
70098
21485
29165
19190
11379
91228
13172
13442
49997
28745
26411
3527
30364
30390
33581
92642
46868
9015
49047
74355
47861
23474
60453
54421
7469
7494
7649
7426
50212
55646
77418
92583
39268
53167
57836
83254
43342
19410
33185
8837
45037
21064
20992
22079
21129
11157
10243
28751
15546
63985
61713
27758
15454
24994
31222
32006
37590
36455
26028
50019
19126
25868
43402
41440
21973
2901
46870
206516
13642
68857
47143
22622
22831
7804
68672
18343
33067
13975
47849
48580
27180
89933
91859
44401
41376
37477
16220
16368
53766
18208
76192
48699
55880
32203
35581
2661
87278
68429
21527
159
58623
34974
61494
170
19406
34107
79778
24331
26676
54871
70897
34007
45869
27507
3879
72103
42053
26268
35927
25319
32224
59505
53307
38401
43777
91921
83903
59467
14911
54302
37078
31318
54409
33079
38267
28702
69628
42807
48342
89901
48840
13649
10079
37385
81207
26119
65002
84659
39935
24779
90702
31113
34826
48050
40251
84006
50934
37233
65415
24192
52395
13654
28201
9241
3684
62262
5460
76358
26558
36828
5348
23256
47756
23899
26022
42509
51241
42988
22386
24669
20722
10314
13864
57865
14623
40450
17245
41974
24416
24496
16338
15663
35571
5022
4961
91260
23700
22031
43301
16831
22640
4106
20630
56358
33704
36610
18051
15371
14165
8244
3312
11386
39612
59250
58510
12543
62406
45292
76249
66465
60692
81591
31947
9931
43798
50305
53695
58333
13801
25065
9586
17394
54654
17290
1968
20984
30214
52945
21103
5998
57962
20485
21682
48395
35189
26151
35525
56504
31075
60166
34388
36252
35803
53071
28975
20490
44141
28439
27544
22994
49010
40713
27730
54304
18521
62686
37538
12624
18326
20497
50792
1984
25038
74669
27999
40400
33640
42410
53251
2123
32391
37046
33705
9907
51204
94367
10132
24084
22564
22814
57378
46497
29717
26841
14477
239632
27567
63037
34966
78620
41490
88568
18615
26537
15384
12089
76199
50686
2459
17231
36501
46608
18614
54420
68677
47716
38916
49069
82293
79097
237396
31864
57832
22017
69991
51012
41034
82562
19604
23554
58474
69660
34186
66993
28537
83850
67930
11194
26324
52080
6997
46320
42077
56907
72208
87585
31980
41235
57475
58144
70197
13049
33307
90820
71831
26200
50519
30884
3214
9879
17693
20477
31010
16552
84780
93170
39080
33099
30258
24927
47424
47063
80222
83618
88669
83866
45256
53199
27153
49223
56537
62965
20488
16946
52300
16873
75361
95654
61754
41460
74140
43320
49384
33301
88002
68914
72002
79643
92917
95449
86511
93293
33643
16011
46206
40464
72863
48859
85213
91037
38593
79204
14383
93947
32586
89523
8994
245449
54240
55554
32149
9763
20530
2869
33316
39849
47301
42463
84637
70873
36604
32824
11673
92572
52450
42002
59963
75796
7399
34542
9388
43953
25459
11167
31720
91451
32049
41283
61350
14308
91210
94554
217634
226796
221224
52053
29742
83797
53287
75781
43262
53434
49298
57613
67583
95390
15792
82040
89365
11897
34387
90751
45447
39520
27082
6162
32551
67697
9718
12556
16737
32726
52833
52398
15607
88656
15460
32983
28915
3217
26250
33039
10940
9688
6078
40408
14800
31795
28976
61507
18788
11135
56127
44189
28911
67550
67132
38300
20600
20021
27902
15563
29843
73574
41205
18624
47879
14612
30509
32060
62167
53300
32249
82884
69543
33361
18592
35209
29394
16411
39827
22736
23423
34639
53616
58313
48573
39942
42384
14981
44514
29774
21208
33685
29317
47561
22214
22506
63291
19106
14500
44949
239
9855
29449
8967
31217
5343
34934
21631
36416
25844
54125
57099
64390
27190
19715
7485
40452
86973
32022
60131
83464
33439
7319
30164
55975
46850
92598
42962
33645
18618
18054
29209
17767
5620
20834
21521
43982
52749
83727
67109
58418
43191
91097
94928
62481
25943
69762
52228
6770
57638
34830
29612
58732
34832
72031
47960
24780
16089
55047
34396
74113
57485
46303
93964
78858
31756
63160
60305
16215
93886
31514
73095
94020
10931
18144
23267
39944
198294
5139
19123
51819
12167
20505
18948
24381
48086
24986
39379
51570
26396
7281
1430
55066
157365
25134
17265
56695
149877
68026
92480
65714
42079
3355
17951
34192
28528
4458
8179
43612
24325
16816
20509
29397
17044
14197
53217
14721
3716
98436
18801
26304
18930
10578
4666
13773
160947
44764
34058
61813
156941
176925
82579
13862
70093
97852
28403
4053
12389
17022
63897
49932
34292
66664
14760
72757
13352
36703
21237
9406
22425
23261
62792
63847
52433
78411
40435
6909
39792
16980
24674
44770
44221
25333
23209
15196
37360
31879
38589
5536
55150
19970
15208
88376
17539
6098
53258
5182
3041
8391
15769
10065
64819
24666
33829
4983
31319
63248
39706
16238
67542
71428
52490
47501
17132
22279
14234
31679
81600
88732
31681
19860
41697
91634
41531
60190
37191
19245
25750
31152
24579
58432
38864
32314
50210
15166
32275
37070
17690
42267
41065
83831
20407
36586
36084
23469
11261
5360
42745
25055
33528
46507
74892
34004
160954
94182
159384
54000
74681
193301
79781
15716
202082
38997
48621
71361
88171
77272
51090
17306
3528
9928
94067
26223
51253
31821
48683
30361
30707
46115
221350
27069
4645
17960
49998
24203
11658
42406
23823
20483
52746
30901
50028
30417
49317
18702
88219
189333
16015
3440
27284
236
23240
27034
17735
12731
39752
64023
46228
17134
49436
22788
56091
59803
23320
49458
70194
38932
3834
18494
76925
22194
91589
50855
41539
64973
38785
37746
44894
22816
50017
27521
93559
40544
7589
51741
29835
86260
77449
37767
49226
46557
18027
7255
10349
37903
82254
5985
48267
26323
33695
24313
18258
79826
21187
44316
87341
50963
36372
16204
71737
55176
71089
40536
95634
62600
67943
85317
61360
34636
46658
87502
37043
53319
29690
109
19139
26427
31918
53953
23662
3178
24072
44327
150869
72373
46587
80231
239897
35878
49567
29426
9854
83926
56352
28839
54749
34272
174426
172503
63730
41358
73341
73278
87162
50209
41095
28943
44009
47912
18865
26634
67295
10098
45217
36381
25424
33442
8383
53027
16594
19174
31805
11621
55933
14745
83708
44123
32048
32442
28147
33855
20208
20446
29367
65905
11644
15656
41325
185757
28064
56201
163448
35759
46143
17560
30761
24919
38400
18470
29689
67375
21356
5786
37922
31811
39867
44255
26750
56896
24175
11566
39514
25015
67518
54281
49868
19371
194283
18999
46690
30828
83957
160587
58375
98124
52381
39979
20865
37549
24353
18382
66485
51871
49994
63826
28855
29714
36584
57948
23284
50943
47837
50767
11511
40572
91307
39045
44234
65771
40362
2485
70527
28546
41680
47185
25342
44489
42986
22480
21486
33026
43495
23214
61007
33300
34772
43472
51179
69905
87195
34585
25341
25198
26482
7637
244637
60771
13021
26616
22550
11694
23848
7602
36545
44057
75731
208656
17252
24698
64810
54614
37500
42381
21259
40509
12932
6138
26405
61951
35916
21840
32476
31310
37912
25839
1099
53090
41271
21517
71048
52441
30043
30004
93519
33481
55897
52815
23874
85567
58244
16820
63284
91443
66155
27078
18072
29272
41364
55574
79462
45685
204701
59490
25100
60663
29280
39960
15551
74155
16475
74579
54208
82035
19504
30818
94005
82044
65984
154705
25357
70787
84483
54594
34954
87152
47191
29908
186311
60128
35465
51110
75993
47936
93851
92785
11355
60645
35055
48723
233765
82420
60086
64583
33565
11564
27639
20827
13923
21076
57436
17457
51343
20547
70269
47782
45727
4524
212411
39108
160454
27027
227395
38545
42543
48147
47710
74093
46046
20830
2589
71056
50541
24404
23352
51698
36872
243740
1620
191677
54026
92315
73092
90403
49227
44960
28417
35822
45574
42903
27181
69223
71064
59338
38597
51479
26525
14255
55535
32845
31891
47495
31315
37060
24126
33256
91175
33053
67154
42189
24897
89931
50275
19217
30655
12194
54900
71205
52699
28428
78592
14813
72745
33995
22907
201475
76177
35514
232647
37067
5356
16335
55941
18160
46293
11660
16012
11818
33534
35635
10914
43934
84206
68607
37884
35766
92525
43057
40107
28304
29208
63815
29430
15859
29368
51123
74828
49988
9435
2760
46003
11579
15742
19038
27048
61323
20045
24402
69000
66175
46938
39213
48113
46787
49523
91294
61138
42787
50376
13433
56708
19484
28176
27228
44431
52367
36928
44495
28554
55344
39059
40134
72404
65635
39687
55259
63842
60031
6879
32833
34860
20220
47891
23770
36489
88731
35637
12694
55958
67076
24716
11783
6636
21575
21426
12269
193863
94919
20315
10336
5490
96289
11311
4197
96902
97792
34369
36126
30443
86538
84135
166937
49896
68106
45166
60603
200243
39744
31780
98343
96208
100552
21754
52152
16920
71960
42294
7586
78640
85017
19482
12786
77797
43248
12797
60163
26032
31890
28762
209813
30272
35130
133
35401
70491
44452
51209
75294
32997
63188
51178
43142
30803
34288
14770
28909
29056
51038
93681
81934
76404
41982
24985
33541
43483
27909
41602
59769
36354
33613
91814
93087
41868
45673
15450
14445
40608
43963
63447
85776
68591
92316
11734
49983
54481
41287
244014
89578
22794
36977
30662
24617
30096
30079
54704
49146
21351
15018
12295
66508
78275
38261
45398
46158
246525
27130
21086
83046
23130
82947
3930
30897
22230
31757
89026
38541
89226
50783
34596
58622
40779
165646
164191
189558
95013
57087
80178
66721
40301
94573
86151
40725
32514
42064
71441
244532
176191
71670
87387
23250
58615
2761
36340
9796
88882
79283
73752
151538
56442
86801
85295
11414
6485
33802
8828
9953
61598
76663
13168
40874
28846
45129
7531
16030
67378
49682
14738
57413
94969
20980
67464
46723
21541
39109
16141
27120
35205
71018
57764
24752
52859
12554
64070
36833
25565
48510
76186
19586
39551
9166
232286
72923
18109
189220
27716
42985
41246
46984
98821
168412
152646
150517
51193
204500
53461
151647
203899
15486
157519
186721
43556
197013
16263
195357
17678
21793
55386
32708
87701
55491
95810
19812
7296
69537
11345
158677
159846
7218
59719
98528
36998
37465
101205
50001
18851
64366
96630
102996
198000
160481
27722
94031
39983
148537
63089
84000
2889
191009
28205
3245
6034
185745
96029
81338
41188
89478
152954
81983
31539
16881
183012
80324
27133
73754
96186
39702
178687
94349
5390
36946
58253
44974
152479
180359
8342
16096
107696
88734
63549
173038
101158
53954
90193
102435
175672
33283
26722
37154
64413
21927
28120
18904
21539
25510
32770
40678
50605
12145
20139
54043
30347
45743
44574
31107
16708
49747
60559
44663
15426
54098
223693
41424
86422
57796
26939
23145
40870
36650
59102
54517
35909
46084
25986
24374
46604
58660
65921
162735
7447
3321
42435
19087
26690
54035
32783
84532
74799
44687
28071
7684
63816
84260
24811
33699
40961
35932
38226
20347
28620
66281
32284
33832
22481
26079
39139
50079
35462
29938
32945
59950
243357
21311
56643
56728
23586
45374
29347
14744
91359
40240
61752
2087
70910
57432
15393
50658
26112
32681
61523
31381
54774
28193
33419
45622
37006
76555
29916
52703
37685
49836
46273
34200
46966
26271
52351
46285
23304
26811
40818
22411
79977
71058
74124
53568
52262
18068
4823
54504
25089
51619
35530
49210
8080
1014
5855
17515
16035
24855
28097
6519
35859
11286
74157
40485
12930
80427
35594
46437
31474
10430
25883
13407
4270
24756
53245
32589
21194
50574
33989
62093
30676
59210
29962
35443
20658
45626
9258
33774
42297
28637
37265
43459
46399
89851
43299
21768
10770
39674
31424
16867
31777
6230
85970
29985
93503
148412
42726
8645
30108
38136
15338
64383
38225
12203
12190
15436
16328
16632
235423
55042
48124
17482
8738
64437
2405
80039
2453
29469
45184
15325
1480
53123
175388
191165
181913
78499
179168
181277
221895
181147
157027
179095
82019
79846
233879
179048
37114
188032
177905
174063
74301
42186
175730
179642
216073
178900
176740
67877
187178
94288
78862
108799
97496
178812
151437
128502
124932
247205
189505
190035
231955
156204
154754
160844
149879
162915
160052
188130
155973
154050
203927
162877
156916
156741
152702
41374
177735
179914
188308
15020
192526
51130
64527
72973
202390
160856
72424
44881
27022
44961
46147
196247
62705
97472
97190
100588
43252
100569
96293
98161
109948
109563
108602
43838
96458
96533
101621
149261
156854
224705
220716
148985
150213
161014
177552
160651
198277
188394
173600
197817
170627
192099
180198
177078
166349
158731
197328
150465
155195
149297
149595
199865
222099
152536
244278
154808
177680
150341
151277
168640
196987
182185
173611
174669
233681
177662
237679
171414
219947
195955
242853
165529
198650
227999
175823
171224
183595
174178
182596
149637
172666
151853
174732
172945
181618
64088
233652
152670
242781
155903
151633
190697
150423
73382
240896
171918
198779
150146
159347
149466
174919
149579
181934
213536
170948
196373
175821
155313
175912
151540
175051
171949
177518
12667
50072
167225
161741
21476
236825
213161
234151
238761
231651
62354
162572
240093
203744
201564
233998
238005
38172
162970
183816
156289
150841
183210
198910
149198
159862
157507
175073
159872
173900
184108
152667
152848
164456
224574
178455
152375
201494
153502
180888
194326
152288
214496
188188
209946
179105
187030
190563
206654
242085
208968
168965
179087
193888
244415
156957
178092
152982
177055
187708
208716
246477
68751
182385
28213
68129
30348
1492
210007
208006
187664
160508
67873
177203
80944
79813
16445
46801
209570
191569
31832
175004
83989
224725
63362
181261
49935
53431
191632
193271
81409
86519
176604
195227
38511
78311
68976
216176
202318
74532
88079
156722
201760
61705
31758
75436
69580
185807
207989
205292
68067
53628
32991
54280
242430
203231
74906
177368
86148
65449
101598
96496
104110
97334
98613
101711
97089
97147
109404
96885
97241
98431
97285
97014
100561
101685
98118
98924
100076
96595
96507
96176
97912
98421
99514
108691
103822
99923
99675
98163
97971
109636
96564
97077
97627
108930
101665
97015
98143
99961
109654
114725
103911
97220
112752
156513
116510
108200
232066
159744
188154
101608
81769
96271
179950
171929
238815
149253
171774
171971
182672
149292
246848
102963
155523
107681
95973
247229
113042
96955
172600
56632
96948
150954
177024
159219
174603
185187
151943
176737
33624
161364
150425
161136
223233
157356
153973
171483
219167
173028
177252
156798
178597
93942
211964
156700
171500
202133
152285
196183
152213
181569
148964
149841
180661
234069
185861
175392
50680
173796
186211
149894
170694
225244
180656
246788
153652
180623
203248
162558
182878
203922
226440
196662
177585
163168
224497
181441
175356
154105
200361
181926
150928
152934
162589
149018
197875
161197
181514
219629
159047
149432
188213
202741
200175
179483
163148
174478
197839
222513
174762
204124
203516
200130
190444
231500
187763
233789
211933
220436
152344
223549
228547
150372
182299
200206
186551
149848
151809
182123
157090
166343
216527
218387
182830
175314
225563
153940
194872
225263
165206
197959
195206
175092
161682
197207
185734
162514
172784
222383
231130
234004
174995
197352
153976
164760
227296
236531
172301
211437
182749
155902
193532
174346
200969
246000
191901
151584
179726
184251
159239
172633
153986
178327
149642
246063
230477
151803
155920
151551
181564
162833
176393
151688
178969
64002
79371
187127
215153
177616
68381
183417
186655
177114
85622
175542
40806
92339
99442
110577
99124
96548
101645
97275
96470
95842
101618
98816
96778
99437
109774
108555
98625
99960
111617
98284
101616
114801
103718
108595
99534
121691
99239
97122
92156
179154
149179
155862
193242
174163
159367
100277
183120
109939
170851
176323
176473
180441
190044
151596
57383
181542
173205
185063
153038
188138
155872
74359
149809
185804
35458
165993
149085
66058
167806
224285
227534
195255
183256
174424
235616
67153
177145
65421
181730
40617
184337
92221
179883
181577
183100
187887
35313
179101
38632
66687
189984
47288
187243
80049
73964
243029
40347
87747
180803
28181
35321
81384
189150
112881
205320
100117
85021
65037
149559
151279
113780
247221
170672
212796
155173
173294
192866
149497
199375
198273
63469
159894
151387
171297
152740
152729
151197
160554
182484
149538
175501
190301
175049
170121
175534
229469
234990
149633
182155
242556
177425
244782
196729
167300
204083
201953
2735
242483
176073
46551
90605
183133
52716
213029
82300
204880
190173
15998
165401
198040
62542
32209
176310
163588
245220
43014
69492
95691
183603
4301
48075
40140
117365
96791
98019
139114
100669
98957
101632
103951
96661
118309
96461
96388
97661
101782
96759
149612
177428
169551
169151
110294
153322
101337
172622
186417
155563
99013
150316
187698
190145
179141
189772
178588
162321
70441
184354
151223
236860
175593
152799
34604
231986
189421
46445
23151
188200
196296
45440
193657
44939
37596
202448
71415
51706
94079
49550
108795
108936
128350
109688
98633
96158
100121
97894
104045
96803
97431
97550
109016
97866
96239
96276
97699
99192
96439
109082
108741
110498
104584
98561
97808
188125
151053
171881
176295
173483
174840
153487
151451
176675
96068
109879
204565
164290
174851
174629
108024
172631
188317
246825
91238
155725
159462
173424
148658
149326
202301
179279
205367
221788
177371
159753
181044
151405
148491
225549
80715
182924
10572
183043
52110
199035
156673
160137
194221
181087
177510
180938
69368
93854
32078
15246
188632
196737
178399
187285
68501
61408
46817
184213
180076
90209
44304
65839
81782
190204
194223
209513
172141
194651
193778
175337
186286
181202
189349
184267
204411
205654
174817
162014
44912
192115
90485
62548
180768
188570
207332
38054
45565
200974
52403
99439
112429
104277
97343
99206
99217
98428
100574
146647
97911
96656
98782
101945
101701
96606
104225
97195
99200
112078
108586
101640
127198
110340
191053
161752
177878
154051
96894
185735
58263
150071
169022
159661
12975
159662
247906
234585
181228
226904
108047
151106
177040
158507
109790
176255
96860
152639
96250
105949
247373
156083
99105
164942
186199
181764
177673
150175
149788
183841
199408
81019
208497
230901
214888
188806
159401
177956
235174
44064
80802
23537
90721
181615
96001
98725
109119
98197
118297
96288
97473
104464
109629
109801
99279
97662
177860
95929
99612
180915
98845
229561
150095
185381
175216
195681
149422
155044
218872
153047
187951
218394
175855
154382
58255
148969
175908
176725
163365
149052
154601
207699
195380
185872
187640
71106
206645
56038
72491
176340
54070
101228
118455
96920
103766
96344
40938
113002
96295
184198
220146
247287
98994
107702
153428
151468
174653
99765
96403
185865
169203
168359
188269
187872
214695
194263
155887
179224
160221
194452
80105
34449
162937
156233
179676
188083
214203
180606
158111
191970
192443
162992
194348
166748
199631
201707
156882
204136
228063
184136
159956
180511
157133
219617
205168
148824
188773
84996
234591
66929
175523
76782
179013
111983
102897
96702
101141
131053
99324
99502
97708
98316
113082
100645
98426
96522
99567
96332
101788
100723
96466
98188
101704
99860
97483
96859
108897
56396
160277
188526
148608
152887
150020
184145
152236
150919
157391
151932
163045
151011
150273
181607
174272
148868
155990
85931
198206
230426
180748
160964
197274
189647
182970
179980
153867
191984
152283
225010
160628
180925
192746
209413
177942
233745
181585
211355
184684
173599
190530
220386
215882
66083
179629
67510
52029
72621
85490
188022
193400
67261
39959
79234
185024
182914
87220
108853
102204
101591
111263
97719
114569
98329
98607
97002
98131
98333
97993
149770
228849
152180
185127
177537
155449
86440
150636
182197
157539
87938
170220
89453
243704
162158
82573
93612
230041
149934
174770
173800
195879
187294
226228
178382
193273
153845
157015
182607
214691
212921
184521
187121
181608
161785
206475
176755
161640
161639
154429
189279
185258
190165
201797
213279
77902
78709
7630
176079
195157
178373
83231
244355
90652
64275
49375
86784
77628
110141
96197
101128
111746
119099
102683
176155
175992
97907
106464
171742
44085
96165
174954
246853
185455
174089
175475
161267
173719
152844
192189
203138
203355
191460
160312
162260
225264
172574
165133
151523
217169
31926
67465
177763
180429
85803
194997
175376
27564
182357
39548
195718
181007
59473
59163
205173
195450
189879
231181
65045
166809
90391
203700
216403
236725
87253
95668
211227
83794
56927
24232
73843
79515
163232
163598
193149
217428
206991
59707
226622
18293
226663
47281
190871
174904
183964
52438
174670
199150
199493
61680
197191
202475
21326
202227
219219
12862
176454
174871
174092
117702
109400
104339
111808
162880
219600
101138
99735
151482
177347
148986
97530
247631
106029
98240
149257
99933
179291
149035
199423
150535
180287
201528
153413
181324
194901
205777
94335
18806
156084
183588
243760
184605
208206
179310
185267
51947
59130
182720
77608
193867
233099
182999
89513
78350
188647
181793
161220
91754
165664
188819
198552
180831
193481
25740
83244
66069
84079
227624
220989
176445
73035
177429
104063
99714
102046
109135
98718
185104
195807
226616
241785
171992
156612
213973
153565
156000
153434
227807
152195
188321
160528
156402
164828
222295
93795
53763
45063
55384
77061
85933
178909
22144
101991
109531
97463
100312
103126
108538
101868
99664
102074
96749
96990
109785
200653
151784
230581
172384
150635
170714
240877
91201
196190
152311
184034
70667
180368
149959
153446
217443
185809
206058
225354
171146
196904
175563
176138
168598
193490
160799
177833
187449
189756
188120
148470
63153
214914
154490
242590
191353
176670
153869
162633
173752
174598
208467
170291
200870
156036
188422
215668
154261
152147
169832
166405
176855
158245
173498
171864
153861
212464
220884
201865
201619
156714
183756
196519
160383
151443
174257
243713
153009
170759
173486
211700
159253
175054
159117
172073
157043
188072
33469
197306
224221
181194
193515
191454
159571
177051
149958
148594
148499
175814
191487
159281
185815
150532
151249
177741
172478
180134
170550
180050
149570
148729
149032
186585
160673
154731
181425
172133
213764
238579
181809
163851
158371
191799
152356
188264
179097
228831
55865
212029
82438
192373
75347
194187
20898
81057
60600
201479
184163
6840
224522
228196
180563
85020
109026
114108
96889
102998
100869
97667
160268
172987
159394
153558
179608
153497
179837
152645
205390
155636
44388
170517
22229
159929
207230
53975
90562
193296
182416
51143
44156
9341
180471
63827
104118
112607
99978
104613
100650
153299
152303
150089
207791
224416
194771
34752
186457
18882
214107
185542
197140
97352
104344
98892
99489
118146
100731
97493
98256
96850
96844
99131
96908
193588
169283
152495
154139
171652
153625
200496
175904
158363
148407
164051
176480
192739
178331
164196
69423
189848
53413
89262
185592
66192
225135
190174
189607
82487
188995
188276
217728
210570
240082
97041
109460
104966
98861
98442
98649
104123
96627
104848
98413
98617
97436
95997
98859
188871
149347
227907
234698
188558
198744
149545
194380
195726
184268
194131
156805
200344
200456
186394
206165
185665
219990
162742
198868
190254
212901
181026
192326
160179
200412
207004
157523
180642
231912
149735
150318
223299
182411
161790
194015
176912
207836
156531
219048
170165
93646
192784
45700
157141
208692
39518
122286
115190
99270
174080
189805
209783
183604
243768
84918
183549
182681
203203
86363
246104
72126
59404
159405
174679
213509
71349
200929
96356
98727
128951
96732
100643
112841
109215
105944
96977
119495
104789
96933
119993
96094
100602
98891
122581
108719
98880
192118
172438
174015
198329
183591
172523
198789
192206
246542
47283
237142
179285
181279
227238
198159
216330
185582
224590
204517
206148
188091
84692
160370
42848
178624
51717
79253
56333
20251
86885
189580
161331
190841
222740
67006
148774
219751
153901
239744
239544
148617
100863
109041
154223
155703
171874
214435
176192
86099
47342
104322
217996
152839
219316
231562
188640
151780
158183
155609
182043
238577
191194
189689
233431
181543
224895
160530
160366
160667
210943
194823
226811
185856
171141
208689
179598
205726
234202
161194
228599
78633
153876
193890
181126
222177
190064
171565
96096
246891
151985
194122
241350
160883
229649
244829
180490
160849
239115
162127
224606
218718
151755
171721
178438
221789
193440
193530
173983
158394
186287
187589
152863
152008
156114
182865
89527
189160
171021
207714
150962
190591
237970
184235
181281
173092
152684
240829
187586
208211
234358
199868
71305
203866
128834
97049
100136
112326
219952
20812
173056
183620
179609
153188
159040
49603
26728
161981
23364
227539
78796
79548
183807
231597
199582
184038
83371
43317
187029
157867
6023
200633
114490
96886
105332
209358
155673
198913
219937
195317
161899
201778
224028
187429
149693
157004
109476
160198
172401
31370
212742
158957
75322
52515
196380
15247
242147
72161
177687
101742
103401
96525
109174
112293
109907
195424
191657
163120
185276
157146
158216
156781
181417
97219
197098
221578
152664
151389
206748
219226
152190
230185
164542
115886
116907
161730
160121
161082
162200
231655
218625
184495
152320
236491
185580
210035
194950
161333
226288
213092
161517
36852
185350
174560
9553
200066
117077
159940
247251
176722
230234
78652
216414
210891
212638
65679
221769
182870
208331
179990
130979
96554
97793
95963
247709
169237
102521
22254
223293
183757
110398
177447
199244
208002
243223
200514
155812
238082
5451
84950
5765
71925
83767
59179
60044
71301
11257
14926
8941
41908
28390
41478
14599
33188
28956
33538
12291
33416
59550
47480
92355
42003
81997
40470
34196
54897
46398
19461
40189
34503
76646
38981
53764
22952
33341
53653
62062
63634
1215
25063
41069
159553
6201
12612
12002
77342
48335
80175
187090
40733
20816
78354
11851
37771
46668
8332
3949
21766
13910
3505
37707
18041
37083
35012
65038
15238
223336
26670
75749
24477
32680
58430
41670
28535
64289
3500
45559
71685
50125
53962
80109
77506
18692
10489
35564
37806
12070
32934
10777
18737
33443
43626
38299
27646
39740
26047
65387
29172
31768
13030
35960
94682
37315
63834
39348
64077
8357
14085
25545
37937
70653
71151
81789
59914
51455
14799
32319
44653
16689
36894
33577
29952
49157
58469
85902
14852
21281
30076
5124
43751
37989
39527
31939
81049
51977
19068
11952
38349
35339
45328
14341
50425
22168
79344
40630
34813
34793
29728
42730
36049
6790
6328
26258
28494
26613
57733
84311
17873
18175
31348
10493
23536
22806
4871
15279
51558
46804
45714
11737
71389
56468
41217
47692
68290
78759
22053
42127
28249
93182
25291
28587
64962
6110
8419
3103
26000
10074
5066
1624
16476
38910
53254
31258
41257
51667
35420
32837
243246
36913
13544
90225
56342
13046
23757
25548
17625
64777
56698
62924
78400
36898
17296
68453
48645
30743
6152
50643
213261
30212
64307
73190
16687
17444
2567
36965
26196
21542
79124
27916
47238
80117
68974
21249
3493
11527
71977
70967
29557
12887
18811
32597
10768
54771
41946
30474
33034
13628
26470
8200
583
92852
20836
44498
37916
29487
53326
78931
5274
25831
50054
21871
18868
23342
9167
40193
72606
27647
89050
5278
13583
25775
37955
5399
23097
43631
16295
13909
35705
72401
6479
22764
60815
9043
25351
35945
83934
4150
84282
67030
89348
24086
32153
13271
31296
91463
63144
62910
22904
29077
58655
25453
39686
27532
39467
17474
699
21603
51006
36153
39976
54321
40388
50660
32219
34403
63913
63525
91657
31432
95200
68309
22424
35841
10517
25909
63881
21339
38650
14681
28534
26994
62297
72239
49922
18752
69162
19044
36328
190899
234149
3205
38679
7213
27155
39040
15636
5507
115
58877
53571
248
50763
19712
82931
192406
9245
60671
5155
841
44134
65321
37320
19782
74882
74554
27721
12365
49422
22636
17427
46254
86812
32563
15679
29260
45016
24150
60488
79369
41706
32118
19875
36956
34334
22090
41850
29318
80251
84746
31167
55127
36288
28539
16200
33850
44399
47781
60068
34215
92027
49808
93219
61440
34802
87749
34444
51955
63600
46953
43580
26997
37756
3994
35664
14455
41557
60376
60011
34472
10253
20036
41959
78156
31229
9164
57427
26746
66357
53283
47152
35605
21284
53340
81868
55027
70853
35433
37485
32159
55442
82881
25265
28898
86907
31994
5103
42874
22432
42884
30907
58553
51623
31277
10446
27204
8199
2395
180035
10126
13411
181474
16998
241686
83827
4008
74479
24076
62154
12379
20042
30932
60442
92916
48540
31731
82298
85146
32604
26809
29203
28331
47307
22649
18785
23481
36520
81717
93896
82976
18394
55813
70728
24391
25303
82755
233390
45981
49160
68605
36817
58567
83362
50590
25052
10835
55606
9513
27012
48302
73261
32849
34189
1883
26688
6884
18270
24214
15649
5678
33582
90307
36656
21513
201168
3084
36616
210367
94995
16076
6848
20424
28315
26647
59085
34296
52234
62117
70822
67481
25542
75485
46018
23879
1554
34319
44417
55402
67473
53648
9488
35272
90586
57124
60958
24765
41248
48583
40547
76702
22374
41712
73685
27276
31860
49696
46553
3634
21460
22516
67817
58025
12484
14921
32150
5034
41659
64911
63737
9615
20273
182616
80258
22581
46890
26168
17087
22635
56129
9270
26299
6198
4981
41954
8481
22384
86951
42314
3285
19561
28589
11858
32415
183748
216618
31438
30014
15328
12697
178633
21211
11018
24484
28054
52019
19041
36539
45451
21866
52220
85193
27993
37305
38493
44072
27779
57256
39939
60445
7355
45767
28763
55163
74246
39127
12739
4010
40727
8365
49347
48274
2206
26949
22156
5671
14397
27374
35402
12441
28599
48028
43437
67248
63486
68846
31253
61681
44448
72400
56378
39549
56968
30875
36426
89342
18035
46736
59359
78020
46368
14141
47503
52963
88292
75329
47253
77078
75566
79089
73158
18706
26910
2555
42516
57906
35761
26042
20503
78472
88888
44670
64651
38383
94549
38462
65815
57089
59225
39151
78195
219229
62169
47123
46480
7198
44798
45954
25577
37002
16037
33319
12584
1843
21712
49161
95152
38024
17321
21006
31325
22900
26019
32822
30219
11962
10290
45888
70788
52046
93440
40851
38608
79556
77714
72216
24569
16746
23472
18022
6916
18988
54997
86287
21042
23900
56994
49759
12549
51495
31581
226760
26566
14207
13831
206939
73379
47961
14182
26503
233388
32752
13281
1463
218048
36150
50875
24785
28551
20159
81735
65020
7851
49693
75750
33710
56425
44013
26307
93434
65154
26929
45623
62004
77236
43050
23397
31433
83034
25285
73845
15860
66682
55710
25014
73257
23951
69345
50952
34471
14959
57739
17907
41791
94037
25645
22857
56207
17467
77003
20968
79773
10753
15997
75352
45106
56691
32368
7734
4616
1053
54184
17441
94459
6928
22916
85392
29617
66425
26108
39475
40084
17657
30029
32382
30823
15816
14304
15697
5228
14507
25353
72470
24121
14635
82785
1971
11924
72763
4354
40352
76309
31643
46520
70721
40861
23743
64702
45465
1213
52413
43372
23626
41510
34036
72891
28178
92947
45018
26334
76561
50527
62729
36599
22337
57030
38428
22394
80436
60352
40361
57182
81179
29697
21070
15458
58424
195847
39352
40853
60780
39394
1641
19363
61050
3348
47744
97060
49784
18760
20797
76276
9914
14679
94018
20617
30600
50793
64479
65914
54574
39013
27803
40662
30494
78161
17573
18498
67973
45197
20069
12829
38795
8000
20341
31989
5012
2138
54455
89642
10128
51433
2621
36348
21989
9573
29989
52121
237
34929
71300
94762
78899
39304
27295
48098
64908
9342
78380
43518
11265
21804
46471
42594
16044
70040
54183
39066
25306
19180
47626
62366
6604
53066
39374
47910
37792
20670
16402
47189
30052
3632
8929
27169
60067
2690
36147
14999
55913
64410
5511
17402
33837
27971
17363
35408
79951
31039
62086
70966
58013
36964
63641
49963
90218
51609
76976
71728
24096
41957
64618
49948
17711
29890
59753
57648
22866
53705
62411
34097
56564
23050
53275
69552
80162
35175
60098
41433
23752
55991
68481
77892
9776
77859
67244
36563
197792
77748
88371
14019
52359
24081
4782
42889
91730
49838
46367
75106
47928
60261
50736
29913
50485
26407
19268
50839
71486
10925
51323
6980
40156
80012
62318
25165
25974
22498
30397
19261
83177
10439
79736
27590
8793
88296
36475
13908
29806
45703
43045
23580
37900
47107
40275
18946
69329
16066
25375
36744
14916
93584
73201
38702
84379
78610
32813
26617
32253
56703
31883
25489
68646
5059
31398
13718
29976
15900
58720
74438
12542
52489
28466
618
36547
21780
48715
58068
50104
33931
33866
22855
16897
16173
12541
7221
20425
52108
10041
43129
34790
12627
69307
163803
69716
24740
35074
31615
18202
38880
31801
54015
170458
57894
14698
7789
8103
6393
32342
10701
34939
71335
29639
10164
64182
95324
64922
18042
3298
9699
29234
91496
28772
32979
33171
6665
62949
15904
66209
46251
1854
30355
33484
48778
34844
62708
72915
30062
43915
44313
21449
38808
36317
34591
52116
65644
26965
18809
18238
47776
32877
65756
11833
22356
47315
43461
29842
49569
35938
53276
48326
29121
73290
19973
31434
26230
83854
51390
14372
42458
45347
30425
24028
50225
66364
94370
219001
46652
214818
56367
45432
35416
226817
11452
21900
166621
69153
51746
21528
16354
73533
58498
12161
86377
49356
20100
46205
31488
79046
5378
22259
38189
45306
44783
7335
21700
21155
4540
76787
72004
18586
13404
26236
13713
3971
20003
84952
75869
14190
19974
34613
48526
49799
73075
33485
38770
4175
50224
30227
3747
23489
48437
29346
42246
41075
33382
35207
7278
28962
55471
4780
10402
11147
70110
12225
90691
16487
19655
37066
26293
24231
2613
56848
76739
18043
55171
70992
41561
77174
28052
22413
64494
36148
41260
66651
53904
50823
33264
45287
16613
59309
85091
63812
39689
42122
92663
54353
32714
76535
175152
5295
31005
92399
73259
28941
214531
27610
44875
31119
29445
35490
27201
58459
55767
91937
60807
60812
46396
68466
26706
70732
67091
45807
23959
43693
43823
62305
23219
18385
8620
14908
80468
70848
11022
36605
30276
25771
12849
11814
18232
5986
30762
1941
5011
30949
75927
32096
3020
56801
66713
6867
15323
3806
18907
95270
56082
21333
80893
18057
50846
7379
58027
15941
22324
43510
21953
3330
39503
89304
68583
92387
56679
40918
76312
80974
20172
57618
20071
30424
68207
27380
55592
5234
32528
89992
39851
71287
69590
61398
69017
27980
21106
55321
48244
31219
66308
13970
34366
8585
190312
24015
3450
66581
59056
25664
49316
63903
34919
16592
30481
54684
41605
205428
71420
59255
66761
49848
35325
26940
59728
61516
73704
21753
71269
37770
10197
45123
38088
3100
23414
58614
34935
92986
30691
76293
79848
72609
85414
213056
44249
64244
165500
63633
10486
59448
9497
16115
27858
72010
43036
14137
13778
18524
243
30203
31043
68968
83985
9967
23526
7096
24866
28564
9181
51028
22147
32524
55555
25794
17617
62680
49222
48544
68625
21500
11365
66131
59576
42837
68219
28226
40143
40423
30007
11696
11996
25279
55657
25971
63542
22417
47055
22149
17978
68704
14600
71166
77916
74251
31266
90350
38251
49154
23220
28773
42392
30607
81672
22402
36352
14389
40845
22329
45576
50407
87853
41005
28448
36007
43136
22368
61498
47731
59951
45028
64369
46082
30705
62560
11234
74845
181368
87476
19107
91988
214080
36223
65120
43536
36482
23855
46905
14160
52361
38831
51211
62355
41298
177289
23886
57128
11852
50551
40823
58150
19626
85739
25218
88156
41312
34569
89504
47065
89613
93288
8654
88456
10996
19598
5051
3279
9118
91186
73913
27938
14288
21769
9129
60893
11973
22791
42997
30634
48192
65885
16299
36073
66970
6645
9841
27627
49341
8013
66362
11959
23814
16899
20216
2041
14646
9899
29574
40162
9917
31617
21052
55855
16159
19474
18186
66314
71562
17396
19490
48551
29830
71218
79936
33611
77011
13745
19424
8043
47732
13707
19464
15581
26650
47858
13323
21107
11752
51249
44478
51250
27135
46159
52910
85657
49823
25365
69882
20929
24132
26206
15880
19402
9817
16075
21979
27108
47719
31489
25064
33198
18405
57150
57550
38729
14975
67876
23551
64365
25756
1464
23496
48401
31602
24827
10628
25445
48305
12430
72855
16904
35124
18015
76536
10950
35648
77644
39949
6264
5052
7241
20342
62843
49960
3776
24456
15438
20864
78773
87662
20035
15176
16188
44952
24412
14409
22727
80776
28254
76322
24720
84915
16874
10094
71854
13284
19120
61644
53237
68872
74037
23573
32550
46034
55581
22634
24401
18148
36347
68218
33773
60306
94909
68445
27623
16882
7310
39295
87714
16833
34880
29903
7689
82726
26386
28354
15319
27104
25141
5900
91514
15692
34195
27177
31650
24151
49416
50056
71083
71998
90894
66365
17122
65109
40819
39539
60331
28957
21721
42075
23135
20525
3805
29316
14096
13359
27435
67951
31827
33930
66470
15983
62185
53004
84494
9453
6425
17994
19852
30537
36536
37333
18583
12273
72814
34377
21782
9902
6304
95108
29267
33549
15009
44713
11547
19881
54039
31407
19935
31430
31377
57463
30649
25484
3310
31686
9638
43509
30812
16177
37863
91349
26473
41380
45371
6615
32114
590
27608
18902
8834
22341
93554
31967
21280
9276
84495
60423
26301
18065
24488
24314
22556
29034
15964
10073
12579
25656
28135
45262
26998
5421
11862
6675
28461
29313
35121
21291
7570
52730
71102
35633
74423
5544
14978
29485
80900
48292
49877
3403
21869
8189
20185
27113
3235
84363
52380
12548
16077
47079
9477
69884
19877
51031
37819
94884
53294
16145
38272
27052
5937
22590
61846
27841
11700
81284
22320
41402
77673
34674
17263
30719
16653
12645
14178
67406
54251
75143
58276
51514
8636
25884
83860
4908
17224
7631
37454
8257
37984
25232
24667
85818
9001
88779
15887
52871
47810
23139
43668
7976
29918
46404
66215
16962
36931
31183
89095
95349
36834
84619
56552
70472
47997
34329
72371
22890
8429
27894
93830
42602
4995
38658
16912
73860
11118
8221
24625
19028
74577
42683
19336
9719
20822
8890
38046
15794
75725
60779
20222
23733
31196
86130
47249
18472
89582
45942
22974
38285
44158
9196
54193
52013
21946
53249
37383
26571
8386
75726
24515
92988
82832
9247
33410
20394
89015
34822
19367
44625
24767
12753
8075
17999
32802
39809
93045
83845
28133
38330
20927
10063
4160
27072
19128
48908
56122
21899
49995
52857
92756
40996
71556
65224
89813
48675
14251
1033
27258
55322
51296
11825
64102
2786
26060
25810
21377
46532
38726
12060
33957
45826
85934
87780
78684
26628
33445
43551
27790
25210
22448
23925
35221
26366
57612
31259
21848
26033
49101
16642
33023
87015
54091
16749
31220
33944
21013
79111
17383
60074
13725
27586
34073
68712
52271
38236
15233
46531
22638
39000
39168
84546
43139
78595
21571
1398
74815
3654
76886
28562
27160
29637
20714
2102
18745
74738
79245
15100
31024
89516
30984
30208
28631
48913
9937
45500
8441
32178
28217
71656
19640
25533
24044
93762
17497
19304
57610
19259
94535
9172
25848
57063
41148
46705
31781
52347
56787
59021
29059
23072
19564
93037
72157
39242
157470
170620
13488
24968
70522
46842
89117
25802
15157
93002
11404
24475
70585
29235
22599
61703
25370
4325
36521
10398
28624
74182
36749
90738
67987
17209
52823
46130
22812
38102
72455
17571
58581
23915
15903
38510
66266
11948
22926
30808
90950
27828
37086
30209
21638
38234
60179
80331
18928
24208
72154
39871
55513
40372
41441
24444
5702
13473
60474
99108
9678
42299
55815
7104
95778
43445
34301
23792
21722
13747
44372
59247
84818
82189
17549
13365
31616
80347
6802
24274
26493
5690
14525
44116
26443
25953
25770
8412
47807
78920
18714
7907
24204
1793
29493
83354
17335
41843
11652
31547
4561
23344
30809
24334
51673
75318
18071
53844
12641
42465
49186
57194
67080
63618
6108
72669
78890
50093
35950
54946
42411
26375
93051
18402
24715
75459
72536
29037
90844
73402
28838
22944
91420
66334
46867
51201
2365
39753
58064
40791
79475
72769
36421
83195
54651
35476
15089
14627
41545
10691
36412
40157
56124
84442
50669
86320
37242
45445
25388
90699
81925
38293
39570
93289
82339
49411
51773
65071
51631
94416
24710
61403
80198
46357
77846
64229
72346
66152
61539
50452
32147
35557
39655
72643
65660
17399
27499
25798
17128
29768
15938
12557
32381
29100
18560
22802
36774
52371
6471
33857
25451
35171
20707
4377
25469
47379
5658
44145
28184
30919
14264
50274
17784
40825
9912
26355
3864
19930
27121
24701
87591
27018
20903
59813
13723
251
20716
39118
70368
34738
31249
57330
66886
23439
13972
35177
17743
84603
29478
18805
28760
78128
50110
14430
25053
37413
14768
42475
63251
23637
64049
46594
24735
57598
81873
32897
72981
56539
14269
34426
58730
32817
27116
20920
6889
31058
2042
79503
19747
18842
13957
53101
89531
88115
88276
69561
85547
30267
55678
50037
48766
30775
61809
24629
28516
54590
74041
50818
86291
75625
61130
42546
73436
57673
67396
44403
19821
71921
63873
14311
57724
78003
26285
83431
79510
39853
24356
43146
51300
60654
70152
89827
8251
78776
76095
94856
78719
39487
95437
56498
14822
12402
88903
48459
53639
69237
34941
156029
40278
33807
94259
20990
55450
47541
31147
53325
48761
159034
16997
19696
54562
72120
90146
84134
28988
68788
12882
69819
58384
4214
38778
54387
75114
12027
31738
49445
71075
25004
43341
42482
5366
19916
20439
94630
85627
57559
18070
47892
78197
5867
60304
75801
76977
87995
78791
45496
60420
57592
70057
85266
89454
48399
15330
69451
67198
67038
39369
2931
18742
91968
18362
34486
57814
58153
19927
6939
56743
27395
86387
74996
19962
33298
85417
15868
65229
184142
52865
56809
40335
40072
84137
57206
31320
31464
49638
4286
45872
79628
82397
11457
45953
55640
44325
8780
77625
16486
30365
32553
52928
52919
93421
51195
37379
34399
31417
68534
76495
69950
196307
63369
41749
12175
86163
70281
48529
78703
241728
81689
29043
82038
30776
52777
42518
77059
215531
21124
40309
11895
10634
43227
9011
62218
60046
81397
51515
84919
94066
2142
61193
59437
88925
45742
26157
56168
44107
38274
18893
29968
87984
69389
8076
10385
40988
65588
39577
66251
32853
10316
47452
792
40984
69198
155170
54639
73775
65455
96140
12561
74064
69503
66178
246055
32572
61701
16787
37236
92303
53679
64405
179389
72673
39067
27497
62246
27559
30472
25001
21694
18164
228472
56460
37027
65758
19220
34198
56677
41986
54333
32026
31627
30935
195327
30287
74509
39703
32394
29726
76533
24923
49100
39239
41392
12817
242343
28099
5232
33200
14886
54389
26825
40602
42669
62269
83789
78274
62105
48473
68941
55745
60377
77646
10717
38135
5735
34386
41397
58958
7771
54314
68049
90602
27438
65876
41501
27381
70062
55557
71163
78962
30329
11809
18707
29688
14201
32725
35093
17107
60820
41329
35732
79096
2411
23996
38514
28598
58638
76399
20717
12939
70997
23717
43046
69022
26110
33172
78381
18156
20527
42234
4971
25058
30844
37491
39099
39031
54936
48814
46074
1055
9440
23622
23890
25989
26216
35869
10887
36742
87255
30243
46932
404
189565
61213
17686
17165
59581
29020
198742
23601
84254
29775
34106
67145
53864
30903
34130
14041
80822
239243
49114
177407
56307
39685
66238
167352
52972
33032
65490
60300
178463
23647
32422
8769
161737
84598
22130
217415
63292
58185
35262
52808
97055
43723
67531
23614
19697
51886
44059
183485
50853
16042
35133
61483
12091
50640
26608
12435
42049
27976
7284
67626
18347
7517
2486
54589
15001
15653
58881
32065
5784
41671
49844
29680
93178
36492
37103
9715
33396
55147
2462
40707
21530
82161
93982
50233
88323
4758
5630
46661
52008
50217
68342
47734
64548
57135
63856
57335
37443
45732
18235
65599
90197
70566
53253
90515
72143
83702
14680
45154
77397
23301
89240
15232
54583
55434
75679
56467
36442
42891
27697
41090
28732
41272
44868
31719
39846
44039
44719
75119
25483
29072
88223
13075
212440
71044
12773
74827
48885
173279
68233
65353
42483
78828
4987
66350
50734
22558
25099
43867
6578
10438
21195
18119
21790
15536
8679
48894
57778
8503
29769
30351
4741
60858
53293
23885
14398
43655
18649
76888
33082
75561
39919
37451
209568
157305
50837
24746
6918
1462
64309
39824
28149
9304
51157
76320
39098
21038
22343
29581
11651
35649
4141
3259
26532
18770
4841
33970
8921
15229
49040
37947
13897
42680
55477
45462
46157
5027
33681
92362
52470
70474
41382
85575
51637
75885
57361
232436
25087
44047
42628
35538
62706
75502
40108
25788
41801
34063
44109
56595
92261
41795
80005
88468
82588
77666
57867
61602
89575
77296
66491
84038
49443
20959
27366
24501
34572
36145
53902
181444
37755
25661
51864
207892
48572
70591
40317
17886
42762
50377
14944
66434
55029
56887
40949
24642
91983
31609
39450
71369
180560
32443
36200
238453
27296
25377
22617
18342
35160
32942
49322
64375
37492
4413
53256
39640
63736
31177
30437
7917
69250
25025
33035
15644
44169
7952
7709
84179
38669
32239
13367
247
32323
40856
44971
23341
3726
23324
77981
64532
51863
52354
42978
233677
25281
27164
19620
21044
11990
33940
60786
35851
53546
24479
35197
51835
39360
87531
37629
11864
53088
47828
25329
56713
21350
43088
42992
52274
23678
35045
30550
50231
70336
24499
30505
37291
65098
31155
217252
43015
48807
42849
79807
79905
35678
33817
61847
13445
56488
8054
65785
37741
85719
66307
84943
59190
28671
34951
11659
42054
42930
14431
57138
12899
41855
61636
79469
48611
19320
48661
96838
51290
162368
78762
51894
5060
2550
43133
84444
40529
4857
239843
54782
78306
21550
190000
68850
51822
185919
181955
34783
68758
66210
70437
194694
96467
178691
56574
67443
208912
12476
178775
42026
22382
50710
44781
48988
21474
17671
61982
61086
39170
95269
88861
148772
67763
160680
206812
2722
46763
21568
44758
68841
14577
16989
47488
38127
18381
46443
4294
37556
24582
23012
43967
70097
65977
33069
24167
19153
235778
41683
22071
19855
70626
66160
9139
78824
44555
58904
51690
85540
37694
69942
71387
66370
22846
92245
16433
66319
62975
24502
53451
29245
57277
36555
30991
90719
59452
16004
68561
236706
70446
83601
20090
80828
25127
68855
63581
37803
48787
87720
40729
40425
16898
10357
11758
67774
54081
89147
39755
26932
69289
45183
38936
13696
79396
64442
41783
56911
39488
14092
52092
22399
30290
81416
81192
24075
63839
37389
73465
44416
58359
29286
44163
69342
36461
35466
29898
8592
67079
69067
35075
92913
58710
52663
23613
35671
60733
27636
17860
69432
57928
61155
174554
73917
28705
56894
83392
27655
39680
57208
45031
37332
90069
7653
4172
31736
46747
30604
6913
29646
12859
31484
19843
26588
16985
8686
2825
7862
11382
11599
34393
29292
23546
75743
27403
73759
30835
30152
66869
32653
14909
23419
35712
86918
41078
28191
19662
64738
18274
82529
24977
86616
47341
33758
17832
43856
91108
35251
4020
77094
29750
22333
61923
28940
31955
32242
48836
31427
39138
39277
30204
26410
50975
14763
88592
38276
37589
59197
48248
34487
24689
42164
31084
59560
9060
56340
81379
21668
73090
57685
94261
50090
90140
22827
26914
21165
19613
28774
26705
48420
63064
47973
41977
11567
236914
89317
75418
89799
37631
19062
46265
9416
2636
51158
38782
20975
242210
218093
24329
33093
31340
175129
210550
197556
153474
25200
57780
52084
100814
99172
97722
100713
16582
188585
14006
65100
36640
27339
22629
57903
185711
17970
64791
55270
194820
91996
10311
176270
36132
189642
214485
20095
84146
216505
49822
243164
202906
93701
184713
86107
58026
216313
174616
43533
13110
86162
96145
97553
98411
98696
18766
16538
53240
63865
91271
21123
37176
5770
44917
31410
46008
62358
22533
44525
80193
38531
30921
20207
77426
17385
84039
40378
53466
45012
56369
73744
37582
30576
55148
87411
16348
16201
47133
60361
21671
37076
43623
24489
24544
23113
41707
33722
13856
63626
32007
26740
74498
39564
46434
25349
87626
62922
70133
7467
7495
40609
32966
49491
37796
19223
39923
17291
55671
61069
24161
20516
63171
12053
37157
38568
39144
27062
25372
18178
27230
62937
39390
50162
50545
23252
47026
57021
231723
62405
59540
22437
35203
38710
14089
30723
68542
14862
24244
52154
49857
52449
23170
71702
40900
26599
43739
193372
151110
243641
8247
36978
215870
151680
153686
185219
81960
31774
16057
18819
99045
102976
32797
77229
45778
173363
96510
96092
191981
191996
53457
187737
52762
178987
156177
155906
93016
12397
41897
95942
74501
182047
149948
99605
6461
148590
97592
162570
228343
2157
187269
78241
149225
96480
18431
21470
69607
189282
96223
155710
50960
16781
157463
195105
97199
155908
199297
185958
61800
176797
74898
153761
45651
72309
186491
49902
170075
22272
200647
59280
45575
69624
96415
210662
236884
36095
192225
213866
211805
84198
96421
36081
23422
174518
180357
59360
90098
80834
181502
171931
21611
179694
205876
178255
40473
37509
56492
30321
46388
241932
199011
219816
42356
61040
60049
59476
34427
42103
47726
17633
33051
27248
58344
651
31127
13158
196940
42653
42777
13581
71001
93194
36685
183580
62260
37161
69505
46227
67885
85116
2522
62916
15387
15510
20682
12101
29910
41652
84791
21081
47029
32753
15623
43311
37436
16414
58251
68647
39258
17445
44330
5173
66328
43188
71633
70613
81501
79920
94589
16247
87828
71035
27802
55755
67407
17380
52004
61806
34878
43640
58102
66352
53115
45044
84804
955
64524
76401
70492
65022
91007
23022
69522
78582
42769
42401
48950
15272
45906
21916
80208
61810
85659
49159
34672
65175
58988
20856
50350
26053
48755
51926
38640
91696
71442
45794
95610
77036
54134
36193
80403
55492
62424
8407
54975
48022
95293
59254
14881
86520
41467
25715
72832
24012
70529
27189
66740
56958
34096
24946
44241
70134
62326
66743
21547
46761
58488
17338
57278
7656
55805
15085
28583
75162
54732
31055
20140
72665
79962
30489
75020
7870
46458
85370
55570
45842
91036
47821
224603
11628
39834
17192
30471
26506
67058
203748
21117
17333
50148
14589
45878
15944
40488
37994
29202
39313
57026
16740
4467
82297
43669
71545
30246
48421
37010
39771
53218
67990
44398
32889
55377
31461
36271
63536
64997
32791
85378
41042
9512
6698
28343
3883
23254
249
56182
72725
80885
54466
75491
34019
18869
74399
38483
62088
74087
36401
56107
44515
39799
38347
28761
58864
61842
7855
70902
27769
78753
45178
54709
27539
68858
77421
49709
85255
27949
85869
87805
54215
20132
26659
41366
43605
17704
94692
44831
52365
73747
42149
68124
46385
63993
75760
54534
26887
48876
17378
27452
227074
53026
32661
21857
57563
17125
54541
88868
74582
17548
23600
2454
39356
44464
19915
22937
25183
25076
63949
17393
14718
39062
41664
26969
29409
31724
10417
66188
53916
8056
52142
60146
23466
14157
10270
1813
21118
2338
25568
26408
23994
22929
72686
37832
6624
23120
40494
53343
60286
36205
64590
49645
25547
56073
62104
70208
30587
52272
38125
58560
57260
37289
18142
83273
27237
30515
90971
53627
45055
77601
30456
32972
86718
50985
555
54753
72620
33714
37225
18480
24958
31596
33493
46573
40305
43183
52551
53661
80302
50007
12277
62712
73583
32792
55428
57287
54933
26992
75098
48477
85283
68145
31563
67765
64198
32037
67843
33012
64817
24918
72127
71662
94247
76981
5944
220114
162507
67351
202521
189572
195747
82844
84626
179049
192849
228653
204373
191913
209182
176426
196164
160906
174157
188505
214567
183694
185229
166898
73268
27886
185938
56956
81237
10676
34823
70858
88948
64237
215239
51408
239326
186579
238679
181632
63807
75610
177193
86603
192700
174401
53971
71799
182610
73329
156257
215640
194962
57082
97552
101740
96227
110126
97073
100719
96511
97906
101911
108830
155883
153420
176694
160763
200316
188241
191723
98006
184086
212782
148961
184821
163765
195598
170463
178056
202035
156368
151205
156909
148334
194337
223574
182154
193352
160010
216426
163355
164496
206881
191317
190208
150746
161121
186599
180334
173530
186420
161574
59129
178555
52911
180697
56406
62451
74053
187451
186239
179890
88238
213445
70940
99203
98107
95833
97717
97344
101739
98652
96899
96307
103705
104507
101843
98817
98169
117825
98824
108885
111057
97247
109380
97229
98185
104210
97888
110025
98253
98839
101657
108594
8283
95840
96114
98144
96132
97357
99504
97300
104782
97679
96079
97198
97429
98992
149010
49732
244083
160406
152672
151042
153823
154082
174533
184829
152339
175629
176253
227040
176955
173598
149715
198901
220777
38629
159123
232938
225870
168778
174740
172102
159175
149748
149790
158339
183546
176203
220875
148420
176273
178409
161113
154090
243140
236939
215566
222461
241353
160710
187055
217160
195489
184436
160415
167592
190604
202084
224348
197514
179559
195333
172289
183192
151774
172525
164141
171679
195830
181208
191297
173218
193176
153824
191732
175653
150743
150837
197293
161450
154759
186511
174961
148995
181330
192885
155034
160953
177725
191859
204005
183893
201565
154641
239648
160149
165315
151822
154843
211596
178151
151260
163855
152798
217818
202183
154512
183984
158442
174738
226173
153043
216178
184121
223796
68553
191325
156049
180966
149880
149137
151407
184633
167170
171825
175144
158522
186840
173475
155781
218808
94227
152153
177397
173258
155121
243252
191675
156413
190964
149663
85247
204409
90063
175522
229910
163340
55845
4296
244636
168537
199769
77040
49866
201966
190089
24618
94292
200966
243561
39485
196386
158408
33527
49708
72278
216607
190013
38950
233007
163046
235352
201983
230200
48682
198359
180531
225113
192915
38861
226626
209085
219513
167047
167502
200861
173408
193059
194625
232720
204091
184256
180157
204333
190507
161514
240586
184784
181816
149354
196640
150115
161355
209958
234635
191478
205554
188939
209352
189736
178304
200402
89775
173835
182887
181429
161762
191659
190420
222524
92722
220558
190450
167783
222810
206499
153353
189169
62663
246083
19702
179925
155232
192792
189487
72163
194324
228684
182804
4305
188246
217751
202871
55393
67188
16633
53372
77417
41570
190803
207547
193356
167055
86230
236315
41988
79452
87762
178009
69099
25934
89144
175884
79190
25356
55854
74231
223559
167297
207162
64884
185008
207312
178495
175277
52350
175100
37743
53143
213461
179822
244074
58358
26016
99253
98611
100692
96876
111446
53935
104721
97415
145378
98457
98265
95790
98685
96846
104417
97118
97887
101653
103779
117104
100396
97399
103863
113531
103799
96952
109305
98470
99524
108839
98311
98646
109547
138011
101596
121768
98448
110361
109799
95966
96424
99474
108582
99996
101753
97280
96360
97572
97016
99989
111024
108587
97423
99527
99586
99951
110628
99453
96117
108534
96189
98873
108533
96647
96783
96523
99464
98694
99104
96945
98699
98858
99468
97424
161841
188659
209999
97007
173877
150476
188987
203040
96742
171202
246822
175692
150673
105140
172196
177247
196433
174098
154886
150718
210241
148520
175789
99592
155832
97538
190997
173801
101559
223002
247819
173874
247230
182296
186049
200313
160490
182569
211657
152617
157956
96380
153415
193110
34610
96367
149902
155372
96816
171380
158686
153029
86059
221391
209515
181293
171026
177822
190123
200946
151648
224578
160899
179806
171867
153544
163174
172914
196366
190980
153624
163617
218277
221877
170415
151148
160047
182698
224887
175311
183032
211893
172756
176894
175562
181418
155726
180454
203209
191227
165651
178400
181048
176000
161663
161700
195454
182387
156082
156146
149453
150054
149417
148839
245797
27267
13002
42981
164530
218891
152713
150193
184549
174246
154028
218748
157197
199571
212198
156016
175239
222199
175766
187995
155895
179774
151701
149688
154715
173077
196322
207500
153787
236151
156423
220965
183459
216792
159261
152286
218436
210221
192267
151662
217175
188968
198841
196196
213133
207488
176980
240141
177863
177710
192738
155789
193944
185717
243761
152572
161218
174568
184184
200373
238965
155546
153709
151823
157930
162086
216776
189136
211122
224271
205839
218536
176208
172514
177362
156677
186407
175266
194282
163529
178079
209145
166122
187325
181791
159207
152764
173051
149065
177013
190484
219443
155289
227974
219236
187195
180950
163351
198255
191352
244716
163559
232463
191798
213270
183651
196312
157007
150397
162471
161685
156896
192136
165917
193203
194117
194609
173336
178808
155737
155384
216511
194468
159081
186325
234655
196537
155748
151174
175579
173604
155638
205504
205656
195426
159664
225937
175218
181333
214143
162708
175652
231368
151304
211042
164609
153647
205048
187501
185894
160777
191266
196343
221963
195093
167575
232185
243554
237135
195677
221774
204130
154400
156692
226160
151115
194199
153712
151832
177358
185253
179316
190501
196054
191583
176657
192428
181633
202656
244413
203091
180270
173948
202052
199389
167197
174464
210701
223069
181665
222638
151609
164282
216906
160437
162745
206928
191679
170502
153592
156020
83430
214703
42692
176224
54460
159955
218540
194649
184761
68993
190758
191322
46119
199667
50972
190381
63394
179274
185962
201863
36068
185616
46711
53089
189858
69802
176697
191849
178441
192724
47367
204410
184171
57140
189493
79955
109000
119091
104281
97178
98740
96265
109062
104030
106060
98057
97900
99475
109568
97884
105971
96761
100660
110440
97487
97438
98016
114308
98630
98013
109624
111779
97037
99171
98751
97623
98001
109877
100025
51846
111758
96786
117962
98606
116005
100933
143961
105678
112899
108657
97706
173637
153688
177162
185883
247823
173377
200713
143868
161338
137745
173925
178359
202411
218014
178501
175221
160880
215141
150432
172042
177709
189533
178322
206391
182885
152004
158722
151386
153993
167791
151290
154726
204017
230888
152599
166565
74639
47448
151177
148696
177504
213366
178623
226693
163376
206152
185606
94141
198605
190033
203144
57886
178640
201096
78484
198754
219410
187977
191988
193460
188286
187430
178136
197171
66199
198780
57386
74097
235615
57622
220842
178293
204342
199114
190720
23809
183166
176556
3985
29218
88044
190267
162973
62725
218997
81324
31429
176346
187407
209879
70498
173614
183069
70101
41032
47840
180427
175548
97180
97756
97296
113208
107818
102225
108728
84236
99296
179027
25847
199279
166990
170801
150579
247278
205218
155404
177685
148668
110646
247782
180236
154677
149100
220075
154560
241574
232069
155548
151278
155879
156454
149519
186399
148879
174038
162947
175664
176047
149954
178695
151378
177953
150187
226960
151142
153155
149904
189931
176141
150332
189719
213351
178993
155445
203219
149383
149118
153351
210303
195387
153023
226206
174150
148613
155163
177567
165373
158572
64611
152138
150842
159026
183379
179084
160334
230627
160259
152869
155037
193219
156587
199310
93607
170202
175103
233780
175423
93250
21625
201795
153909
191663
172884
159591
177353
184592
72027
79436
91304
156682
209655
201241
211129
192594
200384
54053
160801
154229
77766
233954
205288
88994
196568
213495
161128
38973
177387
188597
56636
179548
16645
52249
194201
68240
90417
75253
181737
48545
229508
83718
186780
185318
176565
71907
195202
67522
191607
176806
39538
164093
116447
96044
109391
116865
100746
100765
102247
99342
105234
146219
111829
117071
109065
112740
98121
99981
100917
97075
99460
65995
158810
62925
200338
165033
169181
247264
152342
98380
96784
175753
174267
122545
198808
181534
155160
103877
119619
218042
151659
247219
189701
247485
110216
160081
188974
149210
34944
152870
152584
150846
211979
214191
152024
227945
221300
152155
173053
221747
229283
172320
156099
149539
207223
153156
225770
238035
159787
191153
211538
230871
235485
38405
158469
150288
227429
210476
189297
194054
180010
188764
78045
62211
63552
192270
219152
195168
42881
181456
196912
175734
113043
29826
119595
97497
108567
111820
96230
98414
101624
100690
97040
116816
129933
104370
102039
103817
97825
98887
236952
97570
96877
97666
198941
100682
96967
97332
119082
100591
182034
148663
221416
229492
187107
247353
155244
164694
246888
247317
100259
100008
102237
200268
104140
175213
168179
160101
193003
112551
99249
173714
178471
97910
170887
171814
105069
150756
166523
172060
235989
180264
177551
173231
206810
161860
240634
234033
203814
191285
151821
162556
150394
193117
186462
159222
170559
160051
204238
180116
173787
238036
151929
208970
161299
194347
212889
157961
172701
183086
244823
185505
81342
91909
239242
67811
217563
183322
49586
68229
199191
236088
20478
202845
243465
9024
191452
46195
193098
179929
180986
87440
36263
175796
169941
167202
240417
207976
47171
71832
216785
175125
232440
234062
184123
84725
62718
55091
77056
177032
181201
189766
28948
186537
206500
176088
202795
238153
188697
91923
90445
28167
67104
207633
80930
95609
68432
70606
191449
77801
181612
60855
184629
186373
208035
195735
164226
72231
179673
175043
176996
188829
177272
225673
190955
240416
180993
98186
103859
97288
100034
108752
97076
112707
104378
105030
104292
97018
101625
32478
97725
109206
97290
108742
99183
98642
97494
123818
98135
100141
96644
100867
112013
247770
103106
196361
246928
100633
240004
177322
157045
165673
151095
97109
154488
185969
97954
247354
200003
98840
199238
197912
183390
99548
99151
186548
180430
150400
166833
221547
161105
246889
96857
109277
149989
198640
160557
159564
238743
99158
161699
194539
157679
156195
104736
172510
160483
178454
152563
104143
156098
241434
182395
151394
158160
163420
153187
22844
152014
196223
162138
50689
155383
210200
234636
63765
209273
163114
191621
62215
159315
149056
190515
200530
208158
163109
174234
184812
149398
211240
180723
149338
151289
174508
179386
153240
186639
198854
180112
180474
200377
64719
227575
202704
183502
207700
227323
76275
215253
214282
179877
81492
213184
171176
81413
177893
222557
174681
97404
112214
246814
106424
101799
104637
99202
98999
102319
105479
98846
102563
113301
109396
96694
110647
109546
109303
110997
105767
109058
104306
145212
151734
189809
248040
173965
160442
219843
197371
176485
69134
182595
184134
242422
222799
210330
152711
190261
182670
176204
151735
176190
225973
151876
179007
191230
216740
155152
177788
206529
205373
153337
198221
154829
211696
174046
149549
175922
207325
77873
156186
235371
170978
152926
206044
186442
179472
58682
197928
187606
180727
67352
246532
81958
200626
54162
93076
198461
221929
64432
36952
218037
60398
191045
220918
183818
70251
58970
201612
68616
108667
99285
98204
96209
97579
122949
110825
96299
99051
98098
98230
96111
100652
109905
102326
116772
247890
190169
151064
97389
247428
247778
211471
97747
163137
220392
153585
233795
160887
162893
96181
160151
247585
156234
189026
162793
149224
153179
159042
159416
155453
151240
156959
148645
245749
222764
171372
178318
163916
153897
235239
238198
180272
209451
153303
183770
154342
194242
187059
176251
218690
150355
172610
149812
173643
160940
221166
186224
190409
236711
151527
207351
215728
148730
157276
208640
153641
161326
228324
149850
173484
155481
156995
148967
217800
189327
155059
233821
192060
56489
223682
76480
175595
214598
102934
110970
118711
112303
117924
96088
140152
118791
100299
108863
97454
147363
99763
110559
117070
109197
98864
108708
96162
104862
101995
100979
99924
123694
96589
152250
176720
198103
247060
209646
164057
221412
101602
96925
188480
50595
187920
158351
152143
163469
178204
174122
204926
176596
154820
154660
171366
185293
154653
160193
148341
237342
148448
190642
177782
150152
242010
41011
196139
151554
216010
160353
190146
177576
151674
149584
160712
177768
152547
222198
177448
196907
207043
213192
192316
184454
187818
205595
174261
215066
182909
174008
193474
246076
157135
212289
156297
154296
171138
243648
170583
149654
184791
193523
194254
186088
236506
150964
150303
200947
174082
200942
190947
149163
229180
202131
234201
164140
160099
71504
189130
91596
174061
198119
179242
77160
51378
216702
42893
191918
200771
154404
52990
52570
81118
202339
178329
177408
197630
58876
72238
245751
161160
37287
243539
178269
179261
97191
108766
118952
108552
110137
99010
99491
100798
104404
129370
67611
108579
102135
100926
67161
119274
100879
108126
97802
100689
97252
98589
247613
96973
116126
161628
247841
163084
162426
187336
184805
72055
208638
194418
224272
218976
98772
156503
178881
223016
195751
192112
159066
150921
152326
148920
151446
165263
246377
199581
246187
174320
180721
158418
224657
182465
191544
63855
182732
195205
189054
159653
172927
230300
171745
34321
47700
190069
242769
229139
193652
238819
176684
194445
160380
188357
160958
188428
224053
196263
188699
219252
156759
236870
154188
151210
161120
206432
214292
191508
157411
233162
200209
153771
176126
176022
199476
192728
183299
216032
194693
189051
189798
221460
179574
154269
152357
237134
245060
152610
200662
243239
211970
214830
234876
153857
207754
201145
201366
213231
162516
159461
180464
177238
187410
190921
152428
156381
161094
155304
160467
181940
181106
227926
72357
209444
77836
191351
242346
188143
74878
63615
79362
177113
33941
201706
77744
75947
215986
178391
212022
243021
37883
178758
242257
174503
237283
187142
69241
40377
92922
218068
172568
228982
176400
78095
92940
43848
192015
50149
142658
114716
100973
213314
63024
247214
175099
246216
99135
177947
247920
201515
234242
247432
136134
185286
157522
200465
177070
115957
172097
199801
153053
160360
158730
152974
173163
153956
179823
161541
204580
148686
218025
186757
227281
175368
180912
172324
13719
226865
214377
190460
167355
203084
178554
158221
236950
196188
232898
166787
181449
203313
191893
195974
191167
181336
211010
203480
213215
234936
186861
190940
198165
226838
167023
180644
177426
220927
218664
74382
207170
158259
199392
177186
206835
156813
242991
205731
63216
202558
236071
199926
189105
170977
166463
184779
195021
208976
188262
181741
229077
81216
156993
200494
78088
54297
185208
167151
206629
213654
212835
72193
198946
213958
177647
189184
190286
204952
179263
193982
85656
226294
39882
179169
182282
59060
201189
184590
163584
187724
90067
226900
64267
50645
36291
187436
234447
48013
85316
195743
189977
40533
84053
186123
40223
202974
80680
42038
75733
186741
84602
236916
66816
209295
176718
65913
53744
104219
73764
96813
98715
151794
191806
247336
247303
246839
207942
247596
247420
190462
247234
96312
194730
160155
150061
224076
155959
214182
162151
184191
181510
151385
149799
155784
238345
159824
150807
194372
159907
155643
154072
176749
192376
157130
156031
195046
197412
46764
93748
215150
92729
180163
189000
181307
246591
81778
186103
196858
187356
88197
71919
156455
156670
187638
188510
71358
165322
57483
34331
95633
210800
209249
87437
245004
189540
89529
221340
117818
110234
104194
99543
98446
112441
98463
97388
100787
98912
240954
150956
152851
154132
160929
199108
208139
153848
155139
183557
149455
188071
3548
201336
214168
166070
77584
246721
216283
196781
196012
161880
220633
187281
182784
154603
201120
159842
183053
233159
184826
36918
187791
224377
178965
73984
222053
52277
93095
199187
183558
160419
184659
158054
191173
86942
181229
179212
208258
173791
187703
176071
73839
70639
62204
39101
100250
99977
99190
98623
110896
96075
98412
108990
111267
96572
100687
97738
112533
110492
96112
97522
137830
113736
14136
169273
101031
97920
108617
104165
99103
105056
96353
96518
96868
98351
104128
116335
98152
247212
247529
192168
213222
150286
180663
154659
177948
152139
212265
172422
194321
176264
151439
176156
161008
208871
152998
150454
162489
162561
149939
150587
192381
211950
184373
207530
165910
152600
208481
178503
170909
157103
151782
201220
202716
196905
160086
234738
203964
191183
223698
211736
149640
191526
184819
159760
219124
158733
154669
203719
226198
206418
148607
171360
185693
175528
162499
159484
165584
177250
179979
149170
179044
185991
151264
182860
176244
150764
178063
160496
232402
172319
155583
173745
206320
184265
151225
151159
176803
158110
173082
214285
207398
198297
156760
227573
161159
171198
160088
172952
183998
189510
234034
178276
58667
176129
149717
220385
164512
185709
235431
185383
159605
203166
153191
176207
49903
182774
32784
187384
238400
150378
187392
156189
203596
155955
218882
173866
245397
176029
149418
158378
159866
207912
181270
152129
188001
222464
157752
160632
157515
201748
227529
153012
188506
231178
211242
148381
177523
174192
155450
163808
176566
175620
176544
166196
150617
204516
196943
156989
150917
186124
191268
151232
182948
190006
149740
165459
149818
170407
153829
149827
151978
212812
172012
232115
228359
156675
154049
164261
152674
150471
149927
153922
156352
157308
171120
195757
167947
192024
156660
156373
243390
151038
204921
178207
186954
230357
190241
158128
160762
171319
178619
90669
177126
187124
79009
165873
86209
179719
74241
163557
240323
175532
218353
45825
189685
179707
181798
179593
72570
177892
68179
84997
206731
198878
68177
102518
134419
131426
99809
114683
112081
101947
103855
96061
246849
173435
181501
96729
95953
99604
207431
214672
149716
150427
159114
172965
231535
150431
150546
227354
157441
178418
177200
150931
198087
185644
149206
151280
92870
94041
202657
160330
164149
153756
163845
59016
210933
168678
224634
68167
234168
153900
184155
180420
168706
39517
198091
191210
214067
175769
72755
22369
214544
211216
244464
43160
178766
244841
64306
176500
18535
205315
35881
208219
49604
178067
206440
197591
205779
105268
97788
108563
96982
103926
100590
98179
108786
130061
160963
97770
155661
162092
180215
97937
177696
186902
151867
196570
199262
166018
231470
166545
72701
63611
107804
108761
112758
98029
114238
100656
98251
96800
103787
98925
138197
104015
210778
174674
247204
220310
154476
210549
187181
159059
204546
149462
160877
206762
149623
182890
174994
217927
216850
160405
173641
43906
204947
177553
211400
171401
199125
73001
194027
210772
195532
180774
221523
186157
181689
217637
205830
234041
179828
83811
24789
205868
184096
62015
178275
71773
208424
174973
200458
196586
197610
32234
202249
177089
184010
230829
166071
190335
51385
55234
4446
187383
173058
109983
103989
109709
99576
96449
104387
42419
101649
99471
96883
108982
103737
118567
99519
98031
99221
140798
114398
108584
104407
99458
107718
96798
99478
165725
152174
161188
230451
156761
185972
180332
178386
154412
180239
194610
230134
234210
182293
187613
216814
207556
186991
237120
194497
215586
181739
228249
197841
200294
187919
234224
152470
162659
191548
157208
211927
181770
240972
179423
229050
210620
197402
211377
225418
193951
178191
188804
153650
176818
200362
184639
213377
208491
211250
240554
94244
110472
105814
44780
96617
99445
97843
111274
153618
206452
151779
149945
223679
196202
173576
162952
156337
217610
182402
162721
165065
229717
174622
94388
203957
176128
176222
1688
80929
48253
188569
194774
220033
87692
92618
83537
45473
51238
44384
85341
164975
193927
155924
15576
191676
226624
88284
32789
171417
184039
202596
61168
175741
83030
40282
212843
84081
25271
99636
130074
117186
110427
97998
97294
99799
109764
99115
129391
114385
119347
101610
97757
97890
98296
97641
101126
100150
98017
97451
108690
103854
99535
108032
109754
109145
101792
107836
101597
104851
96650
102235
97148
144484
96383
122223
97785
115177
197420
247530
247662
194964
214468
240631
185656
246128
27940
233286
215637
25153
189819
184743
166441
48265
87788
196860
181785
95635
208510
189469
170073
203465
81307
52906
185586
245994
208799
87439
177279
245841
235535
101175
97670
166001
105873
203362
160868
190788
161080
23132
155567
201534
164645
209317
157444
151041
198944
219062
47839
81871
188088
98455
117995
97071
46952
126474
236168
180036
154720
215012
181993
203632
23575
203988
155418
177115
185135
235226
221559
163233
198795
215302
167119
228380
233161
159512
152312
221195
174601
181375
34959
183505
204788
203044
13130
48139
84885
173234
172014
86535
172103
156790
214787
183273
222004
153481
224904
150065
155132
182108
149230
160035
226014
154142
200476
177302
178123
168818
218697
172427
159032
194431
173556
150349
149009
176922
205867
175695
234862
228244
181386
149527
150644
187021
183759
241698
187829
188894
189087
228488
183011
205050
153674
212922
186100
215473
174491
229759
214219
93576
83894
3918
212021
56935
78051
184109
71170
173635
234994
196163
235919
103038
100786
235648
164345
155611
152003
155451
224441
170917
182836
185283
220232
180684
202477
210786
170378
205283
150192
192223
157021
167544
177192
157625
148413
170755
239815
172912
185925
172129
153859
206823
189073
208252
187608
160455
217880
156318
175584
174340
151907
214762
153908
158147
67555
213877
162830
150376
223196
149450
152822
168722
150692
178872
198340
203207
148878
150258
176420
176728
149345
161641
184702
173886
178923
186643
174105
178193
171096
154007
156421
163456
157686
224789
176598
227261
235970
196968
209095
204442
183340
155589
162841
210094
160796
183019
205947
192878
197523
216721
183649
195730
105542
100374
137836
138196
101933
129906
117683
111349
95907
114632
116179
203237
239726
63466
88499
148734
204340
192553
224185
178883
170002
239594
150477
173926
183789
174602
208502
196625
210173
210516
159356
202556
219060
195435
243563
229044
190694
222336
198275
186464
161596
72931
232657
44063
68150
207729
180555
186151
31366
225463
195054
81933
209820
185137
165024
196477
188351
178326
203133
226372
42801
221529
223795
187926
163312
211906
19999
75834
58241
215026
223082
92990
234668
19666
244524
234610
193066
52581
197715
16344
81184
217345
167588
166909
183419
99676
99056
100651
158170
246953
246844
160476
152782
189205
97409
156026
149674
99286
188651
103483
230394
128062
200282
187417
164053
160276
247712
198293
162307
247731
197261
192729
221036
62048
247416
247775
98369
173639
150034
224752
96435
191421
189163
163426
183150
210999
180371
74378
234281
240922
231859
50373
187723
176746
240981
115690
138795
110567
104649
103821
109299
247241
247468
160662
200468
103022
175964
92173
182995
174921
221173
161879
223975
168399
174113
153523
178727
240420
235910
109361
97935
154006
111888
97369
213882
175633
101173
229736
202646
175621
187624
181127
151203
226529
160821
197203
201176
184464
159273
70584
185203
199171
213310
220221
181554
85452
208501
99866
246820
246950
135105
196865
245925
219528
94098
41149
160111
198503
151033
193538
208829
153961
215777
227032
176584
159854
222841
178250
161460
241210
186413
217499
189990
209169
212128
234991
198978
244828
196383
198123
177599
246316
188863
238665
153694
229644
236259
188167
176946
202099
188475
187740
203469
59099
203820
96327
127469
102628
102617
117269
101807
99262
135256
113270
206638
156785
178462
219592
159133
93185
177652
235149
194705
215003
196173
223643
178313
177534
229957
98248
113116
112954
110315
146280
114016
109490
103398
97342
105211
97132
247412
219250
179867
182893
202302
161327
227743
71705
219590
110521
99957
106656
119988
107054
172587
160113
161476
105884
185415
151216
150322
170644
238272
174948
152648
210826
153726
176306
181541
158276
225887
152967
154749
171133
211429
183906
174486
176215
168934
69225
237404
172168
212262
176399
39235
92396
44225
28086
46255
11533
25231
18694
68614
44173
194434
24953
54342
31534
21775
81753
50581
75216
31540
5977
77098
10719
83449
5159
37316
26074
84200
244158
44693
65782
29517
41468
70561
78863
15603
90273
28103
70071
57054
61103
62532
80978
82507
35355
82843
50755
36318
81650
35697
71920
39837
37151
24350
61979
78129
33540
53721
16403
19534
62933
54137
62745
74864
10824
54820
70042
20663
85889
56299
32163
85713
51809
79014
59288
62281
8399
32815
80682
222234
83124
51612
73132
72925
51811
33689
84087
28929
24418
35237
3871
27958
56096
24661
34307
89107
67704
229575
71788
10791
27642
66354
47686
50464
60314
91624
91159
86604
47967
30233
33206
58666
35123
63426
34421
6727
18365
45597
81242
3910
71744
41642
73560
69683
61859
40274
37240
81842
61831
49163
94413
41636
65933
38753
7775
14237
172646
28056
5279
29053
74562
47437
35644
23246
41178
59609
16742
50083
52311
15529
26107
7466
64416
18116
88128
18233
33745
24670
57042
49098
4117
43187
35576
58351
39332
24574
50856
5682
1567
29259
30644
23007
9727
48786
33250
35334
73530
53981
57484
56370
67580
74046
64899
75122
38799
20736
30332
82006
28475
38089
63179
3659
10590
31413
67827
214010
63532
77596
34679
56285
34827
21059
36185
85826
58955
39025
49067
2293
41679
93287
32928
65031
79902
35179
86937
42547
71203
85707
232995
33836
6708
21220
60746
69195
41689
58220
35155
5809
6178
11603
11829
71192
58160
17826
5473
63029
16007
62325
52149
30016
33781
55000
43009
25908
38704
81162
28641
39673
61449
53685
42304
36809
12308
33805
54488
61779
6547
30195
67011
7406
43570
61457
79386
20662
47160
44755
45720
46033
5547
41596
77935
58328
47206
23597
42634
95029
194679
67579
17397
51482
38988
41161
63285
10811
23542
27520
34037
26471
76282
44010
44608
33155
12705
45822
36219
37498
2726
59434
39980
44723
40465
35617
85241
34937
42358
33435
52563
72469
63995
4266
41696
95648
47329
58668
61942
60622
25991
68234
19141
77497
20621
43361
88523
90600
1279
66128
3961
50203
63595
16599
222
39366
42748
67025
25379
43230
49813
2096
14273
27945
212066
56604
95640
53463
26226
16167
69049
52788
69489
48297
27139
227953
17495
26306
54631
26790
76459
243693
64688
77523
43074
27445
89994
65440
75656
44962
61937
21029
79607
74102
93274
71524
62769
2888
28622
67631
50013
65230
34074
55418
15933
19750
60260
35341
55562
36796
87133
84759
39113
72374
67485
41013
78239
49852
78775
66749
47529
58428
86249
42478
89356
71542
36056
42076
27086
11124
188791
41200
67216
89324
53053
50084
40145
38833
45925
87590
39805
90647
75371
45455
37715
80873
39051
60744
65381
78150
92881
194112
41623
245128
72447
86900
70135
68740
180108
183724
55363
166927
235592
61275
48234
182157
66602
150999
148738
81806
87096
76454
5179
24940
34495
20112
35311
41831
9985
63247
24972
45636
33631
68388
24349
34082
30745
16974
30700
44959
66828
38220
32843
74004
36414
6967
82944
74973
12206
80250
29772
73513
23206
88297
45662
69976
25157
81100
6288
20911
70523
16211
3596
238694
33559
46786
21443
6268
27632
18792
38145
21406
84673
23009
59271
29459
92906
50096
56839
47340
83761
53302
36231
62409
49058
59911
21446
35057
54367
20832
28005
77493
4445
58788
43947
42486
38773
224800
22026
35677
41375
48566
95226
23767
43707
86067
11655
17032
10223
75782
76508
71584
27151
38264
48164
85182
85562
67116
75113
95045
59499
235489
53774
40219
85310
153495
13142
35414
34848
38495
165691
5905
27911
70824
13170
56682
43205
27771
5017
44899
171329
240245
23704
33556
53039
34690
63348
15110
162855
75332
27264
31808
52040
47635
44761
61948
81410
56890
75029
85992
9030
72622
245
212846
41975
24562
31478
93541
16602
35600
26519
65672
54920
75286
41641
31352
16323
35143
27817
38435
30965
43439
25701
37321
86406
26859
53442
37357
36866
62795
19997
82258
62040
40489
46189
32525
37897
50250
15591
44164
46715
50548
83079
38096
49929
28260
39855
59489
59097
43621
81537
85782
24598
41265
61416
12519
75013
41909
199209
85631
78386
62577
38876
33266
36676
75821
41565
74675
70126
53140
78084
28996
38001
37220
47593
24995
34430
85010
31109
24029
48396
70202
30610
64444
8918
30586
57947
69547
17052
37036
55019
9895
82838
27119
33158
51862
39839
9079
66345
10659
6752
26388
42051
25503
47241
23570
19133
23030
19352
63119
38972
15670
31924
54109
18146
42507
66224
29039
26231
14363
32560
43330
45320
44080
89363
16053
195508
22358
55691
45128
38345
3304
54129
9010
96292
4813
61296
244999
25293
32927
50336
13179
72861
15349
18505
12298
42183
83331
56317
49700
215960
164837
66585
28161
28091
54768
29875
24343
87751
36842
55314
59064
52624
58343
58939
44793
83032
13536
48412
59685
18030
75299
22597
25941
30938
73408
201069
42391
64446
68186
78121
74610
28015
28593
63237
83581
2910
39498
59332
19460
70641
71530
60537
230515
29396
24259
45544
80896
58756
20796
88739
48542
77269
62529
32465
90779
39368
63636
39115
34789
57044
47931
57491
87402
71374
82854
12100
54199
64785
36331
63656
67106
29348
59269
37097
59127
28223
59555
162600
30118
62977
18579
53912
236511
27760
76035
23243
29339
45903
32042
42085
75351
36211
32758
30760
43895
58713
15392
95462
62804
53736
41781
83844
23790
83947
40121
24571
30145
33789
45930
46779
6893
15390
87763
189817
55787
24306
50958
74280
89768
76562
36100
46004
95288
74420
11748
58930
72513
53690
61170
26332
3126
70726
31103
74371
91570
34633
11943
43098
237840
28632
60269
74428
89352
61245
20134
89383
15256
53982
30729
59402
40173
84884
64931
87742
30218
44124
31886
88947
17273
26913
59185
47835
20026
55680
86674
8126
48823
24601
52771
57857
28623
95540
175454
242876
56847
200667
59009
67160
36657
37400
212429
62934
15778
48440
80606
92486
75334
73694
48218
41403
55324
31965
63723
81837
48839
82795
32321
18955
212654
217951
17246
25267
28197
48120
177815
38832
24886
87578
83901
10369
74496
39252
57067
41522
52183
63998
93708
67197
177885
82707
52942
23633
66356
21178
74264
39565
21010
43147
31759
4949
40579
55891
83174
91836
74224
9894
84082
60533
44411
27656
176178
23880
52476
16553
46100
85355
8783
59811
95287
43357
81854
17717
93884
29331
91232
84812
29752
86127
64175
47696
89559
38062
67071
37438
187714
153460
219611
1084
149851
212422
74331
171961
178466
207671
63305
95413
89781
46264
72070
27198
44806
10568
195628
20857
36050
54219
14986
59103
80615
29000
70672
42637
32267
40479
43952
44075
65400
21183
10929
26195
225882
12182
62377
7610
20792
8378
17812
47289
28105
15074
5825
44883
24022
47493
30731
62013
59098
45332
14547
68279
53243
67652
83376
22150
39299
33825
12135
1762
14987
4738
54551
64941
5004
41776
37365
91366
30439
18576
57657
91492
33914
23950
65779
59035
27703
31983
26654
42960
59831
23630
38634
22412
41361
71917
91796
26491
53030
32179
9544
15675
81850
17513
14871
33448
30987
69724
27969
60110
76280
19442
22528
92137
75580
81297
88469
19919
48345
30560
42182
33554
13906
27329
22499
65983
35488
65531
72913
31665
58122
12226
38287
44090
37446
39813
212169
22630
167395
92768
44229
52561
71937
204910
52251
20703
52397
73354
35604
48716
44265
16137
2045
34980
209366
17311
18464
75581
19350
29988
38083
16778
17589
85787
51366
93149
13805
20193
24639
47456
3792
48162
25172
187375
38209
39642
13060
48402
43220
60478
36325
3671
74072
47262
75010
82805
57692
60693
68245
19934
36176
48797
18605
3828
23285
94362
66413
26963
72387
16748
29827
17358
51616
50633
37281
23398
24561
29907
30028
64131
95069
22087
41724
41586
92108
80498
17140
75091
20924
49311
56419
43236
72806
24435
34245
85413
49372
9281
7135
25237
58709
49498
12381
74472
13485
1351
18982
22195
53507
36339
58172
6595
34265
81428
229703
34320
29262
53272
25872
44703
7765
32545
63222
32145
11464
10945
80791
45216
18244
48767
70323
63774
17434
60218
36313
81305
77940
47327
56235
95183
75784
38934
84032
22096
43695
9835
7874
40878
86726
17561
31376
14972
17971
14546
42901
47293
31558
10890
40212
60353
21959
87456
41152
65174
79439
25962
8982
28896
9926
43304
47090
255
63799
26785
2382
65944
64134
27221
20757
81765
68131
29095
62520
15059
64001
9046
6841
57331
90729
229676
19288
45275
40764
56251
186964
80571
13968
26092
58705
15837
47612
40480
183397
46805
90499
58832
55131
8238
208395
79039
67337
45228
26191
51785
58684
19524
16157
52524
40561
58070
23538
229528
51454
78005
48718
64850
24370
62239
72853
56407
16546
20808
18084
1537
21833
31685
46963
27555
51866
44896
1952
37197
27100
37005
50802
60842
50299
22744
51584
52916
86358
81402
18304
77708
38093
17158
31000
40857
56768
31420
45157
30282
36154
4067
2202
90300
34615
30503
30434
37805
27582
83924
59367
28256
74043
48874
80861
22823
29640
53274
11223
39926
28699
61992
69627
39751
33818
61530
41142
83117
166454
79476
21886
49102
32279
65653
23299
70937
39421
60932
45297
39653
29452
32540
71122
46295
62213
78389
40952
42228
47805
65770
51855
17672
56557
35752
41829
61399
67092
26421
55087
41703
84355
224667
91635
43691
90332
31582
60298
51740
94862
4988
59453
92741
79023
37704
62302
224470
41170
58345
42369
22142
25749
39574
54667
38664
39373
86228
69086
34258
215503
88455
8986
201364
178054
38412
66922
81193
61004
13961
61224
65165
30131
9837
27087
12312
95651
40571
73186
21531
41231
7522
41186
36207
23723
82323
20511
47863
72365
58156
60683
7595
59391
39018
56316
38373
18588
4575
63566
47801
60552
84378
16387
71541
39579
80426
14204
12120
59144
46942
62061
60140
14930
55735
32320
1342
8232
41434
13974
42264
45001
71586
13966
32687
55075
34260
37170
16640
69588
92132
69813
5085
43410
53778
90354
41391
39859
42092
62479
46073
26241
52408
5761
62861
67983
55235
64171
62763
55007
39005
79455
38758
45752
88555
84168
58391
60394
14359
49525
27447
91574
79612
48436
85928
39529
31460
55308
19056
95072
87920
39266
62374
47252
70439
47915
60819
74051
44561
24694
31465
26831
45299
52590
55257
39681
40075
55809
14645
24833
83422
42704
46548
22184
33918
7548
238968
40541
19529
39142
20422
74061
39636
19356
23795
41365
18204
37854
51442
44737
58003
66925
11376
56093
69978
79777
34463
15049
61199
65190
82072
45227
67412
76073
42126
1862
21619
17750
26774
76604
80765
86985
32796
10860
15848
33776
68272
24026
16620
16984
60883
24497
73546
6404
612
31299
55203
35771
13430
37214
48270
51075
19543
81088
17807
3617
75682
66957
41455
55737
38186
27745
77702
23862
33142
86732
19066
18289
67232
86385
90129
18520
64320
160857
81448
244205
23381
176010
178959
52830
45182
28826
76206
68588
31106
45879
68092
11954
60750
41446
56443
4039
45376
81244
13481
39811
5631
35583
12791
6191
87012
35817
54520
74358
42793
9743
57324
46873
6774
69914
22879
61117
75600
35701
3190
7821
47371
6118
60084
42431
28321
48041
46819
16048
13859
12768
24864
21161
31862
46397
14976
34930
62695
14371
20581
26297
11133
18544
26636
10181
34705
15478
12628
62894
28604
49023
73804
9072
68362
28723
24043
28285
26209
36143
31899
28530
60977
24327
4210
48210
12358
41150
14122
59030
13873
15340
11706
46261
13213
14708
34413
20871
87180
75530
9067
34946
60777
56128
58768
70458
67016
77699
4387
79141
32888
26640
6066
13011
15497
43095
57265
53231
9620
20969
60274
14782
26773
3385
61041
28034
26487
75088
60955
62671
47072
49752
84830
26931
17934
35406
18509
24120
15699
40136
58303
44545
68801
24225
13839
34995
73892
10769
52068
46452
17740
216495
14077
35294
45324
91090
63201
5585
72720
38416
37849
93395
78928
18998
16933
61179
75620
16573
52640
27763
21647
28258
12184
33120
30871
7320
921
76366
9479
78185
12876
41000
10004
8747
22028
75229
568
72607
18141
23762
65824
8389
16625
156878
15040
69843
45823
91439
34646
15414
62168
17892
14023
16231
23182
83209
39426
50471
20078
90810
78590
7208
44350
34126
225322
25457
55807
52461
116
17691
66616
48303
16092
60757
77225
86173
39795
32095
23482
36565
39336
42316
45858
68480
35893
12233
33286
36721
33657
61629
75201
73300
9335
42524
12664
43651
24261
24559
49807
92564
15335
68284
70417
21153
16589
37300
206347
75579
50729
56733
11371
45808
76116
55497
19850
10712
54860
45635
83505
94157
90086
77396
67520
70073
95161
175206
52303
9381
48684
34030
70514
30069
30116
37142
11084
18203
29569
89661
13059
25244
9515
33468
62462
245982
11903
88387
25945
25938
225246
27706
56289
49449
88271
60434
25005
4366
24223
53931
1625
61722
227938
25398
44921
37391
46268
24524
94080
160907
210218
192351
181759
48662
34896
37186
26664
36558
8749
73570
88901
69886
49788
232749
34740
5293
14070
58516
33378
34870
17204
64055
40071
27568
87628
41643
65209
5109
58552
75594
37822
64605
88010
72089
16424
77542
40328
89549
34162
6116
34375
13492
8533
21747
29622
11534
180548
32668
5610
42197
58321
71823
12449
54334
59554
50504
61454
50638
41386
61049
16916
39806
90643
16389
41496
91380
60956
22300
50417
47832
24998
49954
64985
70392
69727
58674
85791
61963
23579
33350
54045
10635
66516
47394
67490
63704
21736
44857
67855
30188
31913
60694
36439
72380
62139
57805
70237
82131
40038
42923
77809
82232
52610
66961
68539
54327
47432
59215
44335
23502
43935
79364
42862
50307
81739
43448
42315
75062
19420
78340
36039
28608
37874
20336
42327
57121
87743
46653
78329
81506
67548
74483
32348
82830
46231
65173
65134
35190
38176
33691
70572
82277
60408
53083
30697
18444
28069
50713
84350
33744
226369
36212
88483
177724
35723
33790
31240
74122
12944
60135
80475
24759
47108
95395
62622
39442
89044
75551
26338
89894
27900
1109
87342
28983
10320
4112
17648
12836
17227
45068
5131
22136
1869
2520
18964
23668
46949
19724
40951
33724
18513
19826
27704
48456
52985
10050
163935
189451
43749
88554
91515
24728
30431
201503
156333
152826
54377
58239
46103
62391
61031
1878
61288
42808
152460
21137
37367
25506
5116
71599
178393
15647
90904
176120
24368
13114
80085
45625
21696
23205
203568
75467
184676
94975
63419
17896
53786
55394
231601
33994
57230
213672
246586
20277
4046
48976
94162
48088
53330
9480
63340
80260
13502
82874
30630
36993
9007
8913
43773
85641
40816
69641
186301
62993
39292
55677
40087
19186
28585
32610
54700
34150
24188
68351
33887
69510
40576
37824
69413
223915
32018
94115
6609
7935
26818
233969
75605
30293
86844
36683
28597
28739
76202
85679
22927
187425
11212
53174
44121
5013
12906
60012
92199
8081
17643
19293
8304
14394
13985
26556
19278
8944
27757
27609
41040
7957
14874
40229
36485
56077
11089
51527
15664
10481
80149
118
82932
75576
73938
49564
55666
45468
44529
68412
34440
83145
42152
89204
38557
13847
53952
62206
57959
82734
50648
75952
79148
48500
67139
70507
23045
45781
40026
14815
16648
54209
55488
28892
67056
45409
34747
46163
22478
60390
87325
44531
2546
21463
59537
35826
31385
187637
45535
65442
62069
52193
35544
29881
31822
60696
56826
24612
88604
29621
52606
80375
57971
21428
77603
1039
74499
50515
49221
67875
90293
76115
23143
18430
58875
48423
91436
50332
87052
221308
58445
49855
43837
32125
73060
86792
43094
15158
41068
35446
33599
93034
42171
84446
80112
82222
84891
84488
24419
53069
233326
42333
206625
170646
32329
53057
5791
13031
82799
29454
8844
66333
78278
46698
5169
16777
84633
32650
29300
55540
47412
23941
22768
41093
35159
33911
27731
13408
2239
87377
33666
33915
233300
26568
200642
50448
235276
78076
86559
59920
64641
12274
35513
35737
100330
27912
56700
14511
44556
28180
38132
16520
91958
76265
176170
46090
36783
76437
43559
6825
55312
29808
33475
38867
235673
18319
5528
26296
12466
91616
30915
73696
18350
58995
197060
73417
44087
67667
163309
242144
165223
221594
45911
66502
223533
21739
76695
240739
53632
8924
2926
11251
25253
21591
36759
20566
25796
49980
2214
172566
90258
7412
60774
180758
44111
54955
32976
232816
34269
42690
34513
231864
82271
73681
53002
54338
73640
17804
49324
6766
36835
68619
44407
92002
93007
22784
85829
79606
83756
75704
66863
72498
84770
17136
66179
32958
86088
95307
56551
32334
70554
55417
42467
91291
71552
91841
34859
3358
35548
67561
44053
46286
53003
26132
88759
44644
44569
13086
2460
12406
31393
75313
78740
42244
59731
83243
50509
15435
71497
78926
36320
15851
9026
171326
60895
38522
34873
61667
29008
67638
28790
14029
37393
46121
28487
43158
68135
40879
29265
81359
92292
72770
67214
36032
90136
36919
68732
62743
58145
81725
40720
47354
17031
85174
210623
198611
29912
55704
77627
34404
31972
33147
36980
41360
31910
55122
91103
43753
51405
26729
37112
47381
29344
84811
89006
66933
44254
37476
12220
52290
24745
69299
28227
93484
56284
39714
18489
64463
25878
50260
27005
72060
51286
24550
63679
66641
4476
69951
66540
32946
7778
40983
89020
48827
90320
39618
61355
8724
36300
184621
80471
31952
85284
52178
35642
37909
93532
20637
16027
14963
51624
66044
86369
21297
44339
26472
78247
93295
47279
37099
20233
64282
66795
84001
13474
64829
32472
43261
76087
43401
91554
44610
36012
41139
37253
35811
49914
38573
29296
43899
17008
94612
37502
31909
6314
80809
60351
23058
17952
69253
87246
18886
62126
21520
74206
53317
30618
87420
34013
2845
45026
51460
36769
32646
82060
2104
24298
5444
56606
53226
53922
6796
49374
37048
27193
59666
55465
12514
33544
60542
36855
67052
60356
162183
58781
96071
195918
62309
28644
159909
62293
95206
58948
11978
26070
57326
184245
24766
85504
90311
7750
172708
18724
72719
64159
5660
64954
57583
17511
4353
163325
16525
72836
43574
42167
51728
4385
160719
163368
68664
213931
84645
37235
237491
14450
2527
22034
71602
22593
57511
66065
68984
22625
38515
44658
7991
2028
12614
64104
23543
39762
184744
49165
15924
62368
34144
18735
83575
20168
172554
26018
176206
90782
26521
52579
58673
186696
76758
15761
41140
35244
39354
23123
62342
29824
20913
13993
28572
37368
40398
29180
24956
28278
1205
39315
26711
25399
31126
29685
18486
45086
81111
72407
52157
36363
86301
86279
11432
32907
182612
7388
90397
57151
38247
25223
93663
6800
40852
94599
58402
1127
6539
57024
81547
75814
17772
44827
38488
25926
32271
50679
83578
41184
16717
47575
15032
8655
28798
13215
15334
14928
85002
15815
14123
32618
62344
35385
70520
8583
15116
55788
35980
6914
32869
49277
68893
64219
5334
64513
50575
16572
76379
84644
21430
62158
6334
9235
42926
8237
12110
10389
67576
20521
67212
15702
35145
43774
26143
30193
35428
23105
60737
88699
19521
88783
73910
35535
76414
16921
6998
14125
16264
8089
73085
8922
62553
24976
40899
2352
41288
21704
17819
5526
36225
65648
47649
42651
6553
35895
51541
39678
59689
74995
13216
70255
93419
21050
71755
24907
41578
41582
42065
9363
6358
78720
73483
65117
10819
26412
70022
54233
91109
3224
21510
28513
57425
65711
32743
48833
67042
21127
27845
16038
15945
15619
12725
27080
12377
16191
14119
19995
16875
25002
16016
17121
16622
17260
17532
17028
4154
23257
27540
34262
42123
44396
20390
241056
179093
40475
16805
52357
11201
32129
60323
52653
53152
66775
19430
48355
1983
53323
23207
45599
60631
12147
3563
25236
10394
61375
33901
80421
17944
10916
76615
33797
45355
13470
20993
69566
49170
37381
73931
45847
72657
84381
6776
16938
70803
53882
79627
20197
82531
79732
20299
57967
32571
54073
19635
91762
29879
26038
44091
78919
36818
16270
30504
14071
40296
59014
36079
61405
7581
84277
85935
32998
17275
75880
36371
48809
72666
78347
60059
13734
56097
8083
44862
28789
84075
35369
33646
13744
68041
17084
26675
28463
30668
18338
49175
10325
22562
26343
4251
31403
32660
15064
20810
44018
23832
21160
51843
55342
15189
15820
53562
51814
39996
24748
55184
47935
73911
4553
204019
53873
24032
88202
24422
44497
21985
69397
53746
25576
12690
46586
58485
38829
16756
44501
86779
52838
58248
71110
17314
20724
16502
90390
89091
12796
19000
31173
93615
12457
1659
48072
9703
41618
223803
29928
15827
45801
52027
59912
22933
56748
21225
20320
20851
30422
2268
76130
70685
4795
13588
4271
21287
62941
95156
51800
16537
7144
20647
10472
15671
31541
20238
78159
15978
61471
65940
55519
10301
11685
10738
16825
28010
26121
46220
26453
94381
12881
35613
45436
81123
41861
64224
17747
29129
11539
46283
56721
25041
34157
93319
47013
19703
30824
62049
44332
90805
12679
83717
61274
13691
4685
47617
77594
76988
47533
38402
92681
12868
41548
29941
28192
20971
30959
16435
61744
5696
4651
61303
14214
74150
14951
6814
61282
8728
23387
25075
68173
74785
19608
61453
73603
56368
37658
42388
48093
53822
20062
5627
90512
22381
16668
60174
5665
8757
21136
57048
58106
5003
23259
35758
28729
14669
41261
77810
50461
84635
11671
51834
91546
8475
11637
69625
9808
5822
20124
10593
31057
53645
24988
68050
21705
81601
77309
39073
177799
23605
16658
8033
87444
8926
37352
31737
11198
81034
61741
21366
30467
6014
9344
28456
43724
64385
38219
30270
5935
62381
61899
72890
58701
15825
54212
69393
57551
24006
93764
15615
12544
24800
171759
74095
31599
39054
33902
4207
43292
11855
24638
77114
59597
13709
7665
11402
90868
15169
77607
55444
10699
45677
12165
20063
19266
94932
25412
45058
55769
13605
13354
58926
3846
1934
41370
97125
86366
15329
32880
83793
28397
23623
51914
62128
22648
47200
59049
22179
85487
26326
10626
20764
18118
9115
33332
79751
7259
58254
218043
59985
47587
71866
53117
32283
7876
27040
49806
72767
50120
18019
72601
29013
46316
72776
23231
32712
56817
35914
15037
13334
91141
11820
48143
18210
4549
78992
12700
41464
25571
70069
75015
21381
13088
54069
37908
52734
80321
37088
91558
41378
55170
49292
90609
46773
20056
27665
56349
81585
51372
66061
28771
76582
39202
71309
65597
41971
17585
35018
88827
24851
81661
74042
17543
15888
43835
9243
37676
45639
41695
94308
27143
27682
15211
85518
5502
52315
3147
15662
32516
55058
4809
77524
53621
63838
21000
62985
85170
34259
55213
17594
28065
34734
23150
54964
48754
54883
82151
35218
3188
13541
37993
56860
51794
28369
77758
28370
78913
11949
37463
20751
25499
1717
51091
37813
9069
53173
25836
376
3347
10977
35995
70714
63272
71294
57112
46680
35550
28306
40236
35657
94467
24626
17721
64882
18219
78725
46757
8492
26951
62111
21142
31102
12494
13384
12455
15953
41444
16274
84153
29641
86227
6367
54990
14637
26586
13929
25601
88101
60475
110852
98261
29964
24295
27556
9729
33922
45019
5094
9576
98202
46288
116490
33463
66474
82431
80570
23875
21031
84189
12208
40757
45510
36249
37668
44876
31984
19795
37518
22016
20692
32781
21389
25814
62238
29897
24030
89636
44272
34708
17029
14031
18000
18153
23157
92282
73355
14861
74075
1545
58669
13396
34113
10030
22348
47005
18797
93364
48628
31792
47862
22342
37981
22141
25355
15332
22697
50781
9073
65828
38994
75469
42593
51234
56969
27327
84408
42170
77488
14809
11196
16470
25643
64971
63905
15010
28920
24724
83226
85728
60316
87117
44684
39267
4516
13259
34543
36546
23664
26356
39573
9427
27513
13289
37138
47096
43658
68283
83361
49563
85222
74381
24218
77312
24974
57116
196494
69304
13986
50925
51529
24487
20027
55332
81843
23676
22877
70841
78699
56282
12657
29925
28652
10406
12564
45852
68479
79755
50510
21242
7833
28581
26436
4498
29210
84969
36548
41846
51913
5549
26505
61205
20687
58273
11735
36046
44494
45177
35663
32030
29872
68750
11837
59669
15198
85050
22242
32496
64090
47383
31337
44768
64491
29533
53754
59446
29535
34755
21761
35048
14515
20742
15835
93959
14100
64402
41286
34700
91636
56793
46622
78139
45564
44564
12019
89077
46424
201962
14544
31292
73867
18002
78382
81197
34801
90500
50579
19913
23277
36794
80244
29038
17843
14907
43348
29330
10203
8641
21950
204366
21663
10792
6723
61154
71019
84124
49541
88838
19343
1249
62407
95277
87393
84086
15567
172979
14650
5949
16418
46827
84594
74314
55887
47697
42564
53561
20431
26247
40513
34298
16252
79947
82774
22102
13243
58844
66184
61921
19209
22052
29993
73666
42035
23455
71940
20109
57785
26139
7579
35022
43717
41266
61543
75054
11606
79442
80266
74609
49339
31148
59852
11806
17854
2273
9740
89587
32844
34676
16574
22190
54306
44037
31343
67373
71766
13919
39533
82593
17566
87501
57236
63361
44518
49203
23258
70161
71422
88894
17806
7537
78359
33100
11305
47324
77237
27171
84013
18746
42124
84889
26765
20379
31180
94076
58395
53149
27191
15569
32695
31552
43076
71454
208126
20274
4714
46296
49796
9134
25665
46564
26703
64013
49697
39773
5785
10762
80490
211364
91149
47105
84092
230595
28088
13267
186949
9310
23137
27433
95255
31172
19824
39355
87672
91535
17588
34210
14598
44154
92615
59718
18975
6307
44066
22121
32410
6787
30986
12562
29814
30468
30110
80170
42350
55250
32221
9906
68899
83533
21140
179526
168388
208573
14566
21014
82041
25176
200515
51757
14128
26863
79011
27690
30037
25304
26348
28984
22450
62494
25209
47646
36254
70899
43278
28470
41350
83220
53749
50252
64799
15667
61264
7024
52697
26406
43176
45553
220030
160283
60925
172920
64043
61708
84158
246782
198134
176904
22211
64096
27218
52855
45798
42827
22613
9795
56509
82816
85455
24522
6530
51449
9356
75370
70974
26549
39145
34808
68313
68556
15054
48748
24255
38203
10219
91566
85173
36751
76364
28473
93912
73336
5371
16691
93609
17510
77632
66599
65025
32142
43679
76373
62991
17108
56183
49945
33355
67072
7530
90051
26325
14933
58286
64214
69775
34394
89353
45927
73217
49940
71114
84362
59952
30416
13510
41639
35940
93525
96519
96579
101422
102927
108184
64703
17834
23995
100871
99118
98604
103653
12133
96485
7945
113291
97995
98418
65332
18473
18866
25115
70096
34361
43222
51060
26179
36684
41185
36620
86931
26882
18391
23736
73028
57755
195885
228474
67726
51745
223263
26814
66956
12248
51099
67424
71915
51218
58011
22077
51463
74576
80969
82191
25119
80450
57663
36065
29588
42166
29360
80996
58555
29436
31493
55718
58022
22359
52081
55260
33991
65405
23785
59533
66022
77147
12652
62550
189114
30385
44787
35506
91728
59997
64387
33073
54813
11047
51282
33498
77821
51189
63562
54578
75353
7369
41160
33537
62300
54009
28557
45502
75667
12999
42691
37378
94715
71631
33429
45116
91633
42041
203956
60447
44475
51307
13590
86833
90315
26010
52917
68771
34268
76610
95064
43924
28845
51520
28650
17782
36598
65637
42597
71406
5202
9105
7651
13512
18024
63354
11236
40621
47166
8393
11111
51483
57241
43224
84222
44361
9082
54547
45392
20213
23935
48632
4195
38245
12340
25764
12722
40350
30926
41453
39610
56246
28592
8514
28768
62024
17461
3721
18597
56136
4984
13462
18934
30664
3066
8230
33993
74963
84171
53172
18695
51744
239224
24553
45771
79752
85920
41355
35156
44746
10168
55197
58896
92953
65814
62579
14152
48929
68777
66736
29162
81236
42913
83839
65909
30748
52954
92208
35265
10703
92733
49592
86660
42685
55543
61566
59503
46274
35985
84624
37363
21375
89539
61759
55935
69444
48145
58706
12123
58074
65253
7553
182499
61672
88905
75413
80717
239196
57738
30972
79036
10218
7791
17086
43003
34766
49632
68064
59786
92810
72642
68075
32497
14132
52566
72285
54869
41992
7333
61461
87037
38748
32675
51160
23360
70755
87078
2807
81325
57149
69230
89472
74230
66405
18977
10979
30793
14215
62486
67112
28708
82864
33021
41474
66560
63250
37353
74403
52738
52451
93207
73241
41940
85298
54862
47319
59982
15969
55910
36587
52562
39938
70464
33083
54434
72547
92207
30523
18079
4522
59987
34634
52256
84921
31657
93081
62292
66590
84229
80823
81524
61068
68819
79598
63277
66424
66280
37396
61190
29920
52718
91518
43271
53591
48957
30511
81003
14242
9772
10960
70103
57171
59869
83602
49832
20179
49178
91062
60167
1651
33381
60547
20785
14784
18222
74411
15962
31037
28196
57166
82078
43091
19983
28730
90607
94312
60772
72315
65881
15905
10944
37190
36693
89763
90105
44517
48977
36984
15976
81988
29696
49612
32204
47122
43795
36580
81433
17916
68511
85557
49236
83539
41048
48064
90963
50870
41980
90450
54853
31600
57233
57582
59988
69358
89848
45741
3810
28684
54356
5009
49365
6478
19207
19413
7622
48382
33293
79243
47977
71577
82688
43093
18558
32311
16237
13574
65338
46772
88929
240648
59375
87855
77459
65997
93251
87993
47709
215981
30146
81910
10870
24056
191839
48449
75860
64295
3952
43436
91880
66771
56328
70063
81922
49828
35217
40110
91046
24532
83516
91431
35072
47478
75473
17824
15103
27129
51868
23958
15130
2158
31176
220961
690
32241
18439
242115
69254
64351
31371
7512
96675
48005
61663
38961
19427
72029
38776
64180
41867
43163
69963
48429
90545
77718
75647
48879
34540
82262
67894
59700
56950
57156
35844
86029
77866
39164
78479
67615
72676
72166
76076
4419
72303
61944
58672
62828
69098
42143
72228
48501
59090
66519
77574
27163
28298
87453
53840
76247
39472
85217
70358
36144
52962
15981
63433
63102
16506
66103
41536
53747
16569
36113
30192
24464
63712
60544
60322
73310
44767
230694
47280
52400
20555
71318
39234
56897
66782
47078
43407
40332
64885
38098
94075
53566
14868
18086
64143
30658
21992
34256
21698
59388
14454
21009
77875
84699
41144
93587
67274
7243
48233
50779
14891
84100
47629
39019
93186
51561
79288
42980
42953
73906
78312
75124
60172
38041
62231
76908
59504
94428
34787
79744
38688
54051
28994
76148
71934
15804
39193
68488
39754
44779
11271
23669
53712
62753
53968
75505
78091
95041
82546
71033
39141
17154
67642
23226
29321
39248
54664
84335
29375
71488
59343
38647
66800
42086
25182
74294
26486
3012
3624
86953
41292
11113
69637
8969
84862
9244
18538
2368
33447
45191
37844
41804
25723
38587
58196
37996
65157
46618
14580
41133
52269
65392
46926
54406
23706
28261
48144
33847
157364
201576
2637
20502
12763
20548
73697
5107
43367
57802
16751
12918
63108
55982
214240
182765
28077
14022
215476
230612
87968
73267
153182
42791
172267
163296
49470
161670
32357
155399
160390
183681
90454
202865
230338
82784
40564
225440
50372
65549
79453
1096
75922
3969
75674
33329
96512
168825
50611
10138
54941
2509
75729
92728
18418
155702
76091
221504
186468
92951
180212
65755
160537
241853
16064
51792
72807
11054
89249
49192
73575
27483
81063
4401
43638
65601
60175
52747
212239
53462
60529
57537
206851
10788
57109
13084
44539
59886
78655
55930
83788
206103
75213
44373
25220
42800
59266
76990
200025
80772
67818
29160
34255
55081
222865
35999
82201
27460
57646
70421
56095
67278
77890
5464
17668
24450
31238
15364
76534
21962
18646
95094
64128
44983
92260
34271
46547
78082
30641
77484
46039
14194
32602
11000
17821
41916
48595
77434
22237
68640
32635
48690
23918
17540
55965
52297
26642
12010
44736
38463
48678
66443
21057
16688
60473
59842
91100
16249
74466
61593
53753
85374
18671
56541
213499
30718
34526
84676
74352
39096
31595
45051
26257
53511
55419
52789
88768
17710
43718
29904
34172
41459
70387
38344
62455
35154
34165
34187
37514
45950
83721
95133
47067
43313
62900
40380
77793
49969
29289
39858
79953
54887
61430
45346
59126
243157
176586
24103
71157
23826
40404
71547
95549
84973
56088
86190
27526
8946
64731
51672
8866
33932
29512
91759
48575
52883
54874
28677
33061
32827
20741
21295
8958
15415
23961
93371
31153
4455
53843
24183
17932
30747
48219
21649
17018
50844
56066
43150
38754
70842
5903
73642
71126
82450
63471
82698
83330
163512
64633
72812
68314
58643
6781
78320
50322
28253
20467
21676
45866
12087
54047
79743
243299
91892
25528
13749
68537
22860
24376
44739
50724
33111
34551
99937
96363
101041
4435
60462
51900
18361
36807
63727
222642
22422
15893
4094
229844
24245
178848
32876
72421
3544
14888
20677
8107
65256
40097
22956
7625
189392
95218
2362
45736
95509
32387
46725
22008
4820
37061
39644
204406
52553
16579
21887
85694
84790
243893
156511
41619
32389
7288
53011
198935
18696
186510
84374
226771
45717
236917
94542
42336
44846
225825
244947
177235
221181
164971
37058
174534
41893
93062
72522
161581
61436
32766
172385
228438
211599
200702
45667
164509
86774
60295
59083
244928
29440
9521
36163
99164
97618
100108
95807
101747
118401
103723
100593
101831
117300
99956
46712
47391
33170
48881
74740
71890
80663
56973
44648
39510
28244
48154
5056
55796
44955
79533
59142
92391
74901
29328
19815
38082
89835
40502
32847
33935
202537
82148
68117
203127
69101
79684
67440
35978
70360
81002
45619
90151
47625
22492
34577
26030
19227
90734
61869
36556
210905
45548
73706
63327
64760
13322
59207
52853
57179
52075
14648
59285
53528
43362
33499
35343
82344
91479
42312
33830
82013
43256
86922
84312
44562
46951
50399
55881
28569
68939
80877
22871
64120
90917
174938
76778
81640
63358
39831
86315
26115
37459
59676
83123
22569
62082
41589
35163
68889
59511
74050
56976
94060
43216
73364
92636
73229
65264
60828
65999
46299
54399
49000
81830
29575
47146
95006
46454
39029
68792
70402
25097
69252
81271
92395
87809
28651
27106
32115
31594
43841
72708
77770
61249
51735
39530
42434
74032
50863
50189
10602
78443
48772
75302
36290
79458
88801
60369
63270
65562
15202
48193
93534
91187
27179
87484
65937
58635
202187
35283
21164
51336
93268
56422
81168
55151
34244
62790
55284
32495
42642
51838
71825
59028
54107
82525
8459
18661
25083
46419
47869
4312
14732
17141
34438
25039
34021
16862
69140
35711
213675
72308
30632
45998
33519
9308
20231
29693
41015
22873
47455
37013
51486
13264
78856
80874
48260
220677
24319
21632
62234
40693
41814
49265
34441
44218
56111
38407
31687
9449
92386
38685
45368
55016
93581
94281
2335
171598
179623
96313
151272
240672
210211
21912
213591
221996
42146
153054
73367
42766
77562
210523
69260
31499
178867
176872
31345
214929
176590
9285
159879
110174
102905
78893
195106
44903
216805
64431
11819
229938
96690
13729
178124
83874
64720
179507
160103
232596
52706
91444
178988
222214
53976
76896
157859
96822
69171
174172
89917
17016
153022
159183
50116
222244
230277
6772
185713
161075
76473
198427
210323
159072
75564
45772
162674
46210
217831
224357
205838
47473
45494
97514
220105
79958
96753
97945
91157
98721
96306
52895
178723
186545
83378
159174
171059
192012
163910
101281
243574
71282
16789
89298
85358
200421
96578
164936
188050
53481
197366
227755
214452
250
107670
36926
49694
10427
45856
65443
226382
9836
19237
39367
60076
151982
41345
30849
22197
88686
202839
28895
21493
64124
92588
173206
212718
214109
170997
59644
68100
2753
196532
180872
82273
170812
39650
203326
61615
242540
84560
16297
195104
149837
160828
220680
23749
74101
42883
97058
18960
211719
198372
31748
97753
24841
23960
85349
187482
44328
164238
72246
175570
208040
172738
15075
96350
85226
77145
93564
58890
175678
185050
173326
96662
203420
188294
4323
61420
200173
96992
67634
27417
48118
201827
3263
59191
46221
14188
7902
25376
52268
22353
26536
219606
54561
16250
81612
54961
29391
45922
64599
67722
25492
33960
54665
69662
57477
181245
68331
9027
40040
29924
22804
185357
54714
58038
80305
39012
24179
218894
91808
63101
33780
90642
62039
64533
56996
30799
43038
29678
37895
86275
62112
39214
36862
46830
61863
44603
27808
80367
12747
39259
206813
52155
60066
46975
18177
21238
46889
35150
36897
39002
23358
16165
58205
30386
49488
42941
4461
38733
89798
32561
27732
67773
25362
233275
64960
30532
26917
51721
47831
11017
39006
83990
93741
18422
94934
78265
47703
12799
75770
47904
69536
87395
28026
46149
46310
84073
95042
32727
68882
77863
41913
71895
22181
40144
40477
48759
29659
45723
71179
46716
243668
25969
10061
6647
30971
75959
40563
70422
90875
48328
24655
62178
21421
31405
46973
36334
39238
36609
91660
71779
64574
85573
22145
46148
5485
21072
60670
30860
69021
85144
204084
84325
11828
11705
41340
18786
35216
27654
20766
7073
54987
13667
85943
6950
44986
69785
10234
12235
48594
47482
90765
94082
95334
26754
26952
76289
8959
59615
55125
82638
40821
38797
78304
53406
94987
86272
70684
33815
49691
15577
14161
86045
28356
40651
75125
73314
31871
92216
65114
8811
39275
53155
79226
92435
32366
64847
52037
11016
33323
42230
35890
45414
8812
42324
65481
58230
80018
88390
38198
71853
3963
77931
70884
54526
57020
39410
66107
21046
40311
90479
57762
7274
30650
23021
80099
70912
33386
84313
52848
47201
70946
59076
34098
58765
39492
70018
11975
45595
47979
50891
75741
10196
40589
30575
77907
52379
37709
47698
183163
91497
48816
47921
32183
47440
59394
63512
53007
92313
57664
70645
28900
63282
85214
39742
48893
40813
39502
28154
61645
20798
47743
85264
64140
58170
49435
69405
90656
58540
34906
85646
59940
51228
3904
12914
76633
90912
27373
41809
17494
58631
8927
57290
37428
86489
6448
58066
15471
63371
85439
54599
54433
78676
26289
93451
68065
48819
70218
35477
83511
86589
30113
57686
47015
212866
28198
60729
44362
38318
42058
74872
71265
35426
65786
59073
82517
71803
44938
70196
23229
8188
25227
18715
70531
45074
64596
19704
51119
16727
68529
50386
50334
67356
53020
37781
61165
61785
15252
53221
52148
60566
65956
90534
27344
72113
9414
85443
72978
29776
58525
24860
78870
75382
49499
78233
59562
67858
62228
36885
17551
601
58001
25194
81083
39358
78910
89375
39176
41966
63921
20279
56045
51851
77678
20007
17982
3657
19556
19726
26381
20952
41457
13373
21660
229346
15960
27768
56496
9395
18905
71171
33466
43117
40510
23730
44044
8930
36129
83665
21680
32195
88972
50151
46569
7325
244061
58052
216689
217788
203258
184848
195783
174890
189504
61096
213784
215189
229062
206758
73103
161072
215285
225864
218663
165852
178049
61089
181525
228104
206032
174729
51293
225881
67762
217442
181419
194070
90244
56531
68074
183415
179220
195703
191572
168896
4027
78925
205715
203306
157023
46791
165794
201312
66211
196396
240570
185906
182507
196181
238216
166244
177770
91194
58792
30454
223753
212560
186013
114548
99162
109836
98475
97503
101638
108900
97490
97790
197582
157745
247437
225894
196147
198310
212261
172799
99140
180478
193815
247348
233413
146183
180549
114463
182808
174932
207760
154543
231942
154358
161161
234773
174983
152827
177017
175598
171200
202832
156400
200348
27925
156526
235018
185593
190226
181985
192110
162262
150725
202154
212602
153804
156101
191403
200896
237086
197126
180971
9651
85246
188109
32185
177950
183963
181162
197093
183208
208983
76466
240660
54669
209026
204659
54710
177810
202253
218562
64172
195241
38216
66937
85185
53659
207449
196561
200991
174604
193547
191963
177249
216886
99061
126509
103801
96700
102349
112118
101628
107859
105244
122294
112037
118763
135685
113556
112993
125224
98416
109216
111592
134252
101700
138005
100046
97908
141916
129148
114321
119092
114241
144119
109855
108797
137089
97655
60704
100981
97498
97477
104317
127793
110220
100584
98534
96674
117980
108927
99894
98037
98662
100571
68376
97486
100221
98627
110608
101978
103780
104211
100618
100668
109165
96232
98494
97844
96546
69726
199941
178698
158421
247344
229791
148437
151018
160007
205783
227874
172656
168213
150317
160124
229313
168906
149736
186475
172119
213030
159307
213399
212935
173170
211296
162297
174461
192712
155941
223383
157274
245999
174437
168766
182956
151419
177772
157089
218469
185982
198557
180167
181692
190251
216977
178169
200364
183910
172675
206109
177867
177790
236845
235443
246546
231469
194569
228513
218599
241899
153447
220602
187990
243710
223231
216634
224162
156596
218711
190815
174842
218474
153431
180318
181721
157279
151906
149944
162474
154773
152606
224386
184729
203001
174512
150348
204807
184227
173342
189196
197263
210590
187293
203000
149344
190437
193331
168807
209221
213822
232820
149583
155394
180577
165835
173757
155842
227225
179955
233298
213034
176236
208870
206388
175851
149097
241442
186065
162597
151766
174131
185139
205601
171132
151728
79153
235964
239204
228484
21487
157448
59702
236397
41154
191069
27873
238885
71901
181523
83768
200676
19478
31914
183074
183313
153836
34243
182968
165244
233155
154263
71342
51853
4059
181738
223254
40079
184085
181393
206741
168420
229198
151687
234092
20666
222107
230321
53363
191648
155355
80814
226857
183169
59101
194291
193595
191450
223205
160945
193712
230751
177684
183820
165370
196004
207323
214257
174121
176610
156461
164080
188548
157051
237055
218817
151698
150708
152758
190386
207081
204129
206024
221801
163193
234044
154761
208247
160620
178750
198864
237715
193135
157783
163474
153728
210791
205758
149924
179697
237259
221336
159508
23395
163106
57557
226159
201539
57240
202012
38289
74434
199220
182187
95598
163718
231553
190879
42067
74709
76811
23305
241620
153963
50721
74978
186025
29552
214006
214309
217208
86178
197690
230535
161664
178563
185113
198238
166133
162705
194903
206997
212926
214057
87236
182371
205429
87461
73701
155626
188716
178076
246266
76236
191579
200585
86284
77983
87832
206869
186063
197743
61561
170905
186883
245679
194462
44750
198069
79638
190239
186458
214836
226497
39434
39719
199899
57249
64630
94404
63275
91073
221858
180554
216370
204691
185266
223820
25088
221206
70715
84900
239929
63491
67192
37369
52527
3475
202169
71589
202580
221573
194026
179931
215647
61314
189568
241267
176280
194270
183612
206240
174803
63211
215042
199599
45387
196201
184287
156949
90604
93745
83489
232683
227244
209322
1907
89627
68295
217124
84994
210621
177874
98263
97807
101801
110429
99620
112098
96556
98217
129060
102020
119198
121238
99949
96722
99926
102411
115165
101940
108675
97323
102031
97182
98857
97527
97562
104853
98914
110029
108798
120119
99528
104426
120830
101931
116779
111283
98637
101589
111101
103852
97629
96085
123888
102342
101767
101951
106074
99173
119210
109882
98158
99176
98959
115433
98312
108644
104445
98422
99376
97610
101805
97533
98225
99184
112091
98476
98289
97714
113276
112086
109440
109060
98128
100721
112290
104255
109466
120602
97287
96671
109037
101017
111154
100619
101828
117377
97565
100177
102212
97712
104902
104935
100033
100572
97822
110756
100907
109797
102090
99198
98828
109184
99438
108729
109419
100542
119364
108706
109731
96557
111366
247687
194764
174641
247257
194256
178177
185211
247992
100336
229331
201604
133262
246815
138395
201599
198824
202079
162354
187314
185246
155380
198697
120659
118281
191864
107833
179416
199078
177923
190087
118189
191644
183960
246851
113652
164029
182204
239904
163083
174730
180783
176421
234757
206163
55523
235474
185514
199500
162831
228615
197145
216128
158369
150375
190586
246830
99042
150755
178004
97140
236271
204866
190663
191088
159524
197312
180935
210502
237041
159900
96569
215907
172248
167215
246863
242811
247789
175792
152315
236640
247573
247406
173928
211118
123592
247650
231388
98564
190662
100539
96764
155557
98332
202186
160285
191588
192548
163872
152962
197078
181460
219776
246101
178537
164996
197122
172665
155205
169866
223163
202073
160642
150971
176809
237073
172345
153826
208024
243620
218846
160254
226015
150236
150436
217249
158547
188726
174610
159463
159169
175167
186320
186240
238458
156324
152945
159733
207278
227177
154428
237189
215429
178309
207756
190352
230048
163423
210840
154418
237015
175322
180939
194424
177765
222878
186018
154444
153215
170922
157573
205864
200649
11323
182309
83980
38023
187180
28156
32969
152864
184308
170313
56804
61711
176908
175990
237591
159657
192880
219524
183245
178287
180417
177698
150744
182502
178979
204675
208022
164947
200546
231547
162603
195920
185237
192041
228765
181817
243174
226980
201687
199486
182352
180546
154559
193044
196776
196622
164916
190152
199728
163253
187068
232554
164704
207472
188584
225355
165032
217958
186838
209509
155310
176538
196554
148898
155910
194425
161467
164912
158081
206632
218099
166747
74213
207701
240508
175442
179766
156956
224342
183731
241354
155764
194586
184264
201488
233190
189887
185955
156291
206247
177594
198024
161211
180081
199424
152770
200192
179354
219036
207772
197031
246517
204593
203401
223203
193987
176963
198943
196207
214076
206050
221184
159819
189705
187411
215910
154481
205827
238222
204358
215839
201935
230211
174827
192542
186533
203880
228793
157906
223836
195882
214205
198183
174384
230586
240839
149725
59421
189562
191039
160030
207366
159376
219950
220131
221408
159520
164178
201215
201629
235261
221579
193516
213460
229643
207717
205472
161542
156830
191244
165333
179496
160509
152739
193713
199636
222189
204140
240891
197067
240277
170005
164342
202742
207607
233987
156608
224481
215574
210896
165072
183437
211561
183092
209447
198240
206079
244815
199656
187812
167452
203850
174794
186295
244253
192332
226860
226823
185043
226737
216460
190990
246530
186362
178206
165926
217776
181642
193967
160919
195069
162026
181714
164314
213925
164784
163824
174707
179250
156492
219731
230090
218741
228604
152343
156578
177212
205362
151607
189433
185768
200740
151429
178506
235819
162492
230144
189592
160741
19315
229731
78276
186206
197129
193640
217661
78854
78778
51352
38254
85015
204258
2628
182164
159115
240797
178736
207636
201402
172993
224403
189616
84465
186409
88550
159548
88479
73571
154377
191239
183661
203555
226744
246755
90665
196974
212024
215528
233048
55437
210806
220250
74240
92298
188552
158582
162445
200516
193080
85675
224879
200265
176527
189518
192882
232630
165912
194500
179351
180262
59412
84774
209510
44288
20936
223711
89870
160864
67965
177831
97012
101301
145809
108654
140428
103892
110881
122311
96456
109167
114425
100976
125570
101605
115952
147063
99569
123382
100806
129955
108895
109575
116987
97727
120819
108698
112140
97428
117133
99661
99523
114746
118414
135664
98827
101647
110052
98915
96851
109632
98162
143936
103834
124068
115516
101817
103741
120181
103819
109789
97707
96751
103728
106095
129641
97748
108535
96736
96201
110249
108757
98046
98291
111669
174850
172679
161441
187169
179462
210217
181573
150775
159719
153608
181399
194614
214220
210163
179476
143084
97124
177063
206964
229656
185374
188694
195293
158255
189226
167812
185625
181145
100439
98353
181840
159953
146464
204810
160041
152722
151379
184787
219481
233559
158610
175972
153945
240473
161135
181318
172211
202316
216544
241130
172108
150183
223999
224638
162485
219846
161612
187351
225099
186040
188571
238895
228000
213787
219409
201199
152244
153214
150029
160473
172527
55463
190566
191256
193327
156332
186996
175428
206266
88760
200797
246163
199258
190486
228354
69391
243049
185010
193821
177446
48557
69651
203317
197702
38410
190719
176441
84463
160536
204582
180470
177493
234843
181904
185188
243177
78737
79895
216979
177761
188356
154606
162533
199374
224156
178819
192939
187047
162913
223076
217921
200396
240341
178538
233352
234331
166646
245425
164934
167476
177683
211608
161691
184815
204054
223416
178508
209243
71668
203990
204674
204526
240734
206170
91568
217166
153324
183589
174506
217966
209961
176968
159798
201511
179973
40809
219262
174980
233030
224172
198813
200616
40935
48644
210808
239995
7251
32642
178661
174357
207855
190826
218140
232666
180448
211677
88703
200499
163532
211339
232416
188134
187735
184212
228984
228548
242223
181724
212599
43225
164745
210196
101899
148187
87971
109941
97949
96167
96981
105536
101853
96142
108551
109594
138605
110218
100099
208906
212775
196220
113057
174469
97167
198060
153399
226029
220758
204655
200335
106425
197666
111906
184107
231417
112284
207785
213139
239241
150843
180849
171267
174590
148535
186526
195151
213571
207661
246419
199021
208190
184866
244968
180757
187560
172332
243910
196981
161484
235691
196991
211921
154414
200500
204649
187176
236487
178671
149332
195953
182423
155713
156065
191387
171780
152555
177037
156359
172268
190812
168779
182939
151831
148891
233400
198375
168509
149092
185707
166312
176017
234771
155228
154275
231386
155374
239754
220300
179293
229194
165349
29600
222394
16990
26504
162269
38618
235602
215681
203797
43420
213213
187972
199276
162929
179056
177987
51759
186141
235595
183510
197437
236672
85732
162401
40910
161950
237037
77494
193031
201005
183834
219872
209611
34341
86216
180791
155013
88159
223166
59592
4889
196441
218234
47428
162912
178071
26881
162186
160889
190783
78412
63861
197918
180068
224456
181373
28272
205862
229824
190906
223408
183754
64178
197631
52908
162944
34643
56324
204145
191616
161455
238791
93632
177242
23335
60551
47901
193183
167577
75623
193556
51523
244808
215208
210137
53016
190743
110552
109007
101679
110275
104581
98667
122334
97766
143763
120287
105959
96177
97129
124111
107103
124857
101055
100142
97156
109900
105052
98478
110170
116380
117217
131015
97786
101981
113455
97943
108536
108966
104650
101738
96207
104732
160017
181575
161221
191935
159124
181002
190109
197235
148789
208588
183593
69325
32632
193106
182434
82918
66972
247443
207348
164854
99902
169779
164460
161495
217220
241660
169694
169211
194241
208737
98395
151469
153753
110766
110172
203584
27353
18796
181597
160305
223955
177973
123643
151669
161243
159933
190503
178012
150391
25171
172304
180672
159679
178880
231944
199541
198558
225454
219251
167438
237682
177917
150838
181957
182051
235927
212447
231299
152865
159721
234427
25867
181884
173974
223225
160271
180916
229940
184942
203692
195062
52809
214565
40776
186693
42676
184008
226374
196340
231709
234688
88073
79020
193126
183281
224586
42581
185885
219412
55524
207655
207414
91042
98797
97997
101445
110732
22925
100674
97038
108851
108880
113787
112972
97520
96881
157489
97563
98865
247491
98682
112657
110117
110343
98434
97024
97921
111954
109248
103881
110933
21794
111203
133771
97440
98888
109705
97322
100062
103897
138739
96005
97407
103739
97276
109201
97400
100346
96430
106673
130283
118556
98419
98026
96824
100805
99593
113315
31297
108572
127664
162455
98267
142326
101603
120711
137574
124520
227512
101731
96170
134540
109545
98881
99518
161252
97806
234812
247447
191458
183878
172534
175599
207491
165059
198192
160132
114573
207401
173382
185449
177260
220309
108784
165060
184135
225514
191874
187736
98540
161656
156815
154425
194240
99299
188488
207816
213022
207921
198909
155850
119049
189326
242633
97397
155618
175143
200028
96614
172509
223880
202060
218216
240747
187279
184839
149460
154008
197752
215438
177450
180961
161233
192468
165754
218686
185525
241664
149721
241242
245892
148852
227731
190483
207156
214609
151924
152316
221893
155489
153395
211162
239676
162358
223006
233047
238494
58826
244842
192650
23202
226842
201788
22208
228947
232603
235031
231874
65249
181132
63018
54094
1241
82534
58218
215023
184480
91776
34295
66001
85634
196513
226577
182127
200405
219172
220442
68955
185908
184869
199488
207672
184615
179187
235097
205918
79592
61377
42697
185041
83688
198991
190057
206543
227164
62066
166192
163689
214864
29406
178866
86834
193575
180751
90032
76193
186252
195902
191441
76587
157040
162236
233941
186816
193629
179424
178037
195004
227229
182200
78392
190423
162099
35100
163350
183108
38392
232373
234836
188293
238337
214732
191565
93931
181539
229763
51710
167005
180018
200214
68199
176361
183584
57300
35268
155769
183882
163011
177665
191265
72544
89277
200619
189453
48693
222010
76132
79451
237339
177876
211106
194629
98192
99465
109906
99227
96171
105277
119377
114021
99128
103765
143195
113601
99686
109154
111037
125719
112373
98458
118162
98314
109932
116556
99157
106887
111222
110898
110264
106599
99541
103715
109953
100697
143426
103823
100583
98125
104334
128519
100086
97491
116853
97278
104023
103997
98963
128426
103851
98153
102252
99233
129086
100693
109312
104451
112161
119075
108890
96765
161185
152583
100999
217835
206716
247697
120895
96971
102922
102896
162103
176122
217694
120520
222720
96097
186106
179539
97254
219023
151786
226852
142888
187682
176135
172808
177004
99542
184706
154596
156728
153831
216373
159575
178170
70030
211540
96330
98288
221645
188424
247239
194277
153582
183162
215325
173399
162702
101865
97663
212628
103734
186042
184393
200636
97648
128636
181802
235759
116412
96768
74469
239011
168000
164714
149840
192558
97512
246887
153984
179256
96484
200307
106301
176883
152302
200041
205773
175061
95972
99370
161494
247256
247405
157334
160236
208585
218399
196770
151989
158348
211411
180408
213483
180475
190020
172669
151963
172171
192769
183742
183932
186894
174643
194558
160783
168627
176142
205287
153169
226736
191310
60034
195749
196282
198921
156316
155855
207545
152959
245105
152335
163804
154616
92914
174480
152734
180987
148701
204021
239442
179796
149464
212396
208800
163770
232159
198081
187489
191400
150196
177299
181034
224496
19557
72082
81447
166326
182667
45929
196385
186403
156979
188589
229055
74518
189035
190785
183794
229806
174714
201245
216684
207949
219117
183855
183713
204355
215377
102014
108901
97969
99827
145076
117804
46199
109686
101867
101004
111129
100862
108929
101873
97585
112774
112027
104709
103782
104318
126706
144893
106285
96738
97554
97106
96528
236112
96887
107840
209449
105355
151916
182184
174887
217221
107868
247295
158912
203760
154288
247302
118220
97958
175768
157349
216171
175338
160066
224537
182575
170783
186660
155822
152241
192965
194490
175859
218028
178595
153982
203345
178148
150325
163556
158626
194507
222364
184789
153366
182898
153998
163215
212129
161043
187952
199458
188254
159037
182456
190225
152472
155585
176602
172896
203334
173120
148757
246250
157615
150782
182539
197656
246251
202246
154095
243931
194045
174174
154318
179739
233127
155024
155939
155110
193687
223101
233814
149814
150472
155283
181999
182000
178437
157977
183424
182478
159237
177246
212751
162345
75694
243308
160056
188322
231645
182537
180527
234164
235328
35204
51971
165351
177148
189202
94331
219538
213966
234904
181052
61101
211695
224848
230400
179855
175926
213090
63168
197445
232874
184032
183051
174912
57487
188446
178069
243821
182151
55009
27210
219966
53551
208421
193274
165222
178385
100240
122553
99316
110130
99387
100011
98219
107959
97547
96460
97643
119921
113233
96549
108749
100169
101345
118102
96277
125688
100634
100009
97654
99283
110507
109173
117289
96901
107752
107730
108553
96964
100106
99508
100223
118156
119271
146083
96154
101208
98939
209760
99035
155296
247294
177323
109096
153607
201569
218521
215688
123633
179733
239766
205872
217772
98942
208015
150134
155576
162574
110966
229719
247293
194919
138600
243661
174964
198110
180952
161202
191605
231189
192845
198856
169156
121101
110009
246808
247632
203997
247513
247215
123795
144944
215676
247860
75076
149148
158504
164000
184538
182580
220375
195573
155916
84475
205742
162275
81551
154534
13610
70608
232218
228667
199031
219461
208466
181754
188096
212632
156370
241183
233038
180083
242455
239290
212567
218065
197527
157747
176344
218646
198089
217599
222218
190162
188084
219882
195804
205794
233981
242639
151638
179677
196189
180078
151695
178034
155376
153835
238783
222104
196476
161839
163640
223623
184340
165058
188049
162334
167529
197880
194782
236823
10176
167044
224596
193112
77843
190810
180224
171429
234746
201956
207265
47228
164562
157955
187961
77490
216986
57237
176169
83164
90184
99868
98960
98585
104011
111948
145746
105592
112241
108564
97940
96966
111147
112413
110433
113585
108920
101179
98425
117604
145342
247195
98142
98612
102002
98819
96199
108710
104239
109813
121846
109348
114205
96565
99988
100241
118869
111675
134573
116088
103747
99455
99168
101660
114735
110091
102367
99055
115318
99896
98922
110215
103898
103506
96508
125035
104366
121031
114749
98047
105658
110476
99496
97936
114281
111233
99837
96914
97593
98201
101225
104346
109929
218554
223042
160520
181036
176091
204588
166240
185052
157769
185659
187547
156770
240825
99810
97008
163268
186455
239715
176726
202919
151071
189962
151247
194397
173729
204697
188413
206653
150022
196606
167830
159999
155040
190592
176023
209633
226253
246342
217214
164726
173302
176430
225964
176487
168214
161748
214320
175839
178831
27400
172876
153363
212091
195009
154128
222384
153933
194180
164129
191017
150681
204483
194308
182257
194387
215067
158655
196117
198044
189922
181659
209341
185917
240678
240737
200389
177977
163979
214854
239714
207744
160064
220086
181280
192445
197120
151589
206968
229981
237471
161568
153741
159586
182421
156650
221790
244149
155492
152686
203247
172832
240027
201493
222445
185909
154480
187945
183337
160248
218395
192947
199360
162500
152594
150364
167516
204597
45787
219973
176513
195232
190661
235042
85942
48980
181436
221143
75381
236376
86461
193499
186054
163787
179061
224350
205120
188370
194058
40472
163276
82475
181396
95550
188784
207542
183269
93953
230544
209477
56452
221197
223980
207851
74766
61704
193806
207357
87019
192994
168975
179328
213729
186950
196232
183020
183722
228333
180965
188208
210707
66998
179655
174414
218595
188543
113820
101750
144876
124036
134950
111293
114125
111451
97111
99484
98499
99600
111130
114230
108739
104590
97660
112652
120125
109530
96721
105448
143962
96834
119085
146015
110654
102264
100066
108745
101568
96739
104287
98318
98304
103900
99970
102341
115983
101673
105472
97673
109270
98280
97897
103783
247707
247463
100249
164128
235013
163732
181815
247510
212257
219826
162968
175617
247378
153323
216714
225400
153691
227792
182807
101986
216461
152450
238755
152080
188492
97741
154439
112632
192402
151016
156196
68824
155328
177054
108150
219631
171374
174034
179405
29383
161902
234874
152930
157382
236976
234975
160359
194751
154038
196576
152225
179132
190875
175639
179306
215498
173466
171850
150835
220079
150830
151549
149059
241963
149188
151455
170149
165383
164677
191557
206283
173284
34448
157665
213999
166824
26826
217907
239078
150429
180650
219348
156414
157325
195574
186129
227774
151882
222408
156598
192727
232333
197004
179114
238088
193435
180501
203364
223921
202452
237835
190956
181014
161088
195654
177427
158077
153537
172825
188549
175892
186636
230755
223579
186744
198177
207812
193889
156586
156214
210240
196280
226364
154826
183355
186131
223174
188749
152552
164278
215743
152779
173370
206539
194755
214284
212909
217703
204068
194228
190387
190076
222571
154725
185892
203781
183153
199978
228023
160684
169905
149234
196128
238898
183550
152532
164693
201522
187374
204460
193036
156279
190396
222874
239540
185802
191558
219027
179640
216025
228235
91641
85239
59133
200304
176567
226636
84291
165709
176064
196910
219347
224371
239035
200400
48514
186205
203304
76239
192894
238026
210407
203910
183060
188757
213436
223274
191204
70693
206305
179831
207819
242101
185947
179164
211076
228159
218955
2684
159105
197701
52430
242168
88113
166953
83040
182740
187467
180704
92948
75023
61943
185565
98728
98770
104608
127519
98826
96419
102954
107858
96918
104592
117192
144040
119403
124221
97205
112661
124070
115422
140664
100171
118612
126723
113641
128474
104527
129108
143917
175631
247290
102428
247598
204587
226028
155852
129773
187762
191200
96836
151578
174016
201852
156105
247324
189520
159707
153630
151721
224592
223189
182450
188960
172543
149350
177939
212145
157277
207613
186140
243775
201567
149488
231030
235046
181363
233087
190351
164728
225689
236806
193169
183644
227338
181780
188653
195645
156011
157538
233489
156535
237349
164603
232863
203622
216469
236378
178861
229518
216252
185047
155554
201207
196775
212381
189866
182606
221275
207339
177837
220286
152307
219917
229031
183650
58291
192464
234926
178973
175865
41101
246698
194402
157083
225711
216745
178060
198634
78385
172960
232659
192742
173735
208106
181870
190134
11063
59793
163877
72748
192219
22140
158685
26234
183631
166119
191360
163149
242103
209954
79889
163502
187282
210263
185831
200507
178048
201226
183926
231316
160061
214562
82888
231751
198877
202009
77667
17159
228299
187490
202683
234045
214483
173470
72189
190459
181914
20535
220548
177461
157326
212357
183229
67879
230307
246734
222260
182235
218455
221144
37579
224858
184009
176909
86103
215887
84643
34926
189223
201889
52144
179380
246409
202812
196237
59006
242011
164174
185574
183033
217048
25022
92624
215372
193484
204786
58942
31014
220951
224442
48615
214124
65795
199186
200461
217076
184469
245675
191254
206497
39712
182704
213686
4061
231377
167344
185484
176828
88572
181935
209292
94563
215186
162423
179408
67359
83396
189250
87222
225345
92879
22520
209151
210922
236208
202436
202934
224746
153729
198121
41927
177995
80177
182455
231214
90303
54458
58937
97953
109739
125674
112960
111972
110510
97594
112484
98842
100581
116730
110434
125027
118691
116638
102049
100575
101983
109253
98774
215742
156137
57486
182839
246962
188095
152296
229480
214773
108127
217485
150452
96929
152766
216777
172590
139476
180613
98504
108072
222828
172930
206213
98388
180394
174556
211000
155982
209978
172783
161731
188067
215163
219863
159992
194345
182876
247315
243028
188061
223841
108048
203472
159804
215088
193039
99057
190692
199946
195588
164863
189917
195670
103444
170219
190052
152983
190315
224807
193412
178839
209481
223029
196731
160521
171183
195648
155983
153606
205039
177061
225833
178780
173416
193830
150813
212692
242431
165583
163748
200689
150641
150595
243888
197458
219867
180518
214442
243908
197345
160590
239434
215860
245524
149704
208300
198601
218591
185956
208523
188019
189190
162473
85147
193610
201505
206568
44766
184215
196086
54506
69712
84036
87925
201566
191429
187930
94577
46232
82398
157531
95458
240405
163999
225476
244434
233415
191865
89779
223666
32598
203975
164061
157372
210321
195934
189507
57141
186326
46644
223515
71288
188435
189586
201067
49188
198129
23242
244364
194783
28725
191789
183768
214966
213380
182964
215936
190551
47361
209255
206749
208210
206296
231771
215977
221476
51892
182061
204224
234892
22311
159758
8101
191296
174696
75514
187007
184710
177679
97378
98160
100594
97787
100606
98863
97801
124294
97635
109268
97074
107165
96852
121321
101668
109336
100717
101793
108972
98271
113907
98493
242744
95862
112374
101180
111231
149325
160433
190882
235444
150438
215044
161712
170217
225419
177341
173848
223126
219100
180274
149318
157012
218666
203888
196964
198215
236388
203183
194487
179566
240827
164951
16043
175086
167846
173784
71338
246576
202188
37748
224840
177333
95251
191176
193696
154648
199106
242670
154423
198235
156778
203841
205477
182230
175977
156757
154013
213504
192530
180851
221773
241058
191542
199068
242776
195154
228148
242541
231439
207437
190512
182298
200725
85616
165430
59935
231666
95020
239768
167122
190653
166780
237064
180128
186603
207896
84764
183099
90962
91299
184840
190916
90588
241005
91856
215796
184301
185619
165736
228367
225671
167200
175616
82624
214172
186138
213990
56786
86670
65483
64280
168037
221880
65617
65167
185422
186656
104220
96668
100847
117371
97408
100304
102668
108589
101977
98310
96610
101046
119705
98175
115698
111717
108875
104772
109869
95969
104081
103759
100702
96752
97595
96432
108796
119124
109643
99231
114642
108651
109583
109364
98273
97615
120718
98509
104384
62818
99254
119387
98901
96033
99940
104992
98841
97941
98018
103748
97879
101714
96827
96993
183716
153705
218156
156487
157746
196209
154813
213417
204229
171243
200625
209434
201472
170847
221084
175552
160734
154758
155544
191505
150785
173647
150945
187063
240718
201937
209528
192839
149553
219323
232027
152651
154740
174835
183406
211139
149404
205883
190573
191154
151399
219356
180085
196148
149213
207753
171377
233554
200024
216833
239129
196962
155084
202629
198164
166266
154514
218523
175360
176853
153988
194661
150473
162836
173627
153851
214735
228933
158466
153622
214881
164909
154527
152130
160146
187434
171431
31921
201281
170594
162443
214872
219725
238932
207076
227141
170946
170188
150368
178906
164904
234510
231754
158365
221861
222180
149340
226781
162459
208283
237155
200700
196557
218896
168313
170341
222663
241517
215546
217219
148557
159306
159092
180827
189393
163739
186725
155148
165028
160154
210162
156451
233948
173620
230994
165257
151730
154484
223324
230813
230741
190043
160683
188613
63698
148508
188124
149541
172943
184628
214841
182433
160232
178396
242193
201095
204596
172337
185042
214873
177802
188064
155268
240719
181864
187618
200095
171685
198772
187709
164939
163270
190203
176992
192422
201513
223491
192481
155599
173178
194908
153906
196330
158294
195022
151970
171472
228243
188041
161100
182138
149868
196835
172061
193655
167303
215824
223317
173704
229444
222307
158338
149622
233703
246425
171388
152953
198847
190467
212412
177539
175601
176784
173694
152381
155427
185993
156010
221358
179888
171879
152406
158291
187973
227140
153454
168931
167918
155465
200950
234737
180543
150246
154739
149098
189886
181829
151062
242106
149913
48771
201657
187215
154044
187502
151459
201013
149165
156687
240933
223588
158559
227626
237861
237678
172877
163517
172786
161018
154825
158732
185715
157928
179723
200523
173711
156125
201374
228642
155295
175574
225104
168937
161242
156685
154535
176599
158672
222277
194807
157541
151961
184432
229106
150652
232680
182023
149238
216987
201104
177239
230672
160569
59299
184370
213480
159903
171785
19931
190080
196509
162576
214747
172576
175430
233481
246222
203369
154463
164741
163219
166864
210044
208972
166858
192852
215311
204904
194340
192260
206416
185688
175510
63012
90488
196246
206412
217786
197948
243419
189028
186615
162814
75090
85954
78895
209849
82303
185298
235983
182425
64147
202229
246245
162946
199589
244957
188626
152501
216821
62010
226890
155562
227911
93599
192902
168278
208953
223689
15601
163940
52898
196743
29181
187753
168052
235115
95147
90131
185147
185533
164586
160504
161798
191711
85793
215855
157884
63624
245693
230420
190881
196491
89888
3630
199319
188644
196815
244881
48848
193341
60206
91017
183206
80679
181715
41215
223594
83897
176247
65520
240078
196091
114149
110335
98274
206737
118654
104077
100570
100435
111258
112206
118958
110866
102005
132377
110128
157270
152072
151570
238387
206297
215293
100097
108693
247779
134246
155482
243053
156313
167283
151305
152912
154713
179744
231720
156123
151775
209707
153013
230317
162978
213573
153954
174693
179854
166415
213218
220452
156843
195374
26680
59212
85980
218644
173844
217359
202907
166109
69941
176019
82068
243396
214183
224884
158060
87645
176817
230159
201796
84913
30695
213841
165706
2281
224614
39353
172781
240218
203371
184730
88312
188133
189084
42278
212386
208185
181284
5050
93135
91897
206243
196268
72644
179436
95712
185277
173545
175651
191257
77005
64363
222519
209558
240104
92889
181187
178793
88878
96004
98620
101641
104076
98851
97088
108985
98710
111671
101722
127475
100119
102094
101857
222414
247469
118462
216134
247488
183262
82561
179080
152750
187573
171633
149718
159666
223645
150158
190019
172595
180946
193673
154057
162176
153645
172308
236475
62450
14138
196642
216584
71579
195841
179146
50267
204301
76771
190155
208549
246753
25239
222731
181669
163176
88369
65080
36968
192378
175458
207882
177997
190761
215316
187515
200831
75241
133246
114500
117699
97824
108703
104841
97905
114458
104124
121448
110357
109290
98491
97154
132907
100014
119298
113528
135887
100630
112358
121071
102079
98119
101634
105033
97891
33862
247824
98069
123602
192469
219057
96677
211658
180904
247254
159990
139106
151334
188135
62186
225381
245309
193225
210449
151558
225417
188381
159422
151666
179565
243336
152882
212121
191784
150947
190478
172532
156389
156124
202515
220187
155206
235744
165797
204958
214281
93924
201660
156457
234917
243179
184052
189678
94922
43885
207639
237446
211575
202232
178984
47531
178539
191217
73101
197340
50064
226483
186910
225185
177660
236246
190002
163414
198338
223497
93279
177737
56868
215454
186895
80918
201961
222527
215825
178376
210552
171995
63817
175863
26633
204027
214480
200475
191286
192617
55228
79468
182198
201913
70293
239741
214241
165210
162649
177581
79422
75280
227038
29932
156422
184960
85428
177402
182322
244352
53308
46887
52218
216762
183251
223722
188953
227883
14186
185095
194739
160575
205141
218424
72660
92968
237152
64071
227888
207100
26959
72140
180405
219052
81824
79861
194352
67912
59186
175934
91578
214669
56249
60949
220614
214907
82467
224673
54876
231855
93236
127722
100747
112353
98477
120290
110662
127375
96718
97927
96923
119838
99487
111461
112452
111050
101904
97695
105298
131045
99555
103875
144276
115705
140991
98087
109183
116481
109099
98319
105407
98660
108501
134033
98884
109690
131468
98432
100107
104088
98437
103847
100654
98166
98485
97917
103308
99979
105237
97421
96471
109227
97405
117711
109597
103972
98830
97036
116912
108858
98777
97892
96481
192047
234251
203682
160363
247460
183142
197233
154518
218702
195236
132676
197828
238841
181923
214640
193574
241522
209168
160465
221857
227359
192236
163885
195032
229999
194101
153774
235852
161046
193741
177543
154663
151114
186766
210547
195225
214311
205392
225533
178648
196242
212551
165194
162602
170754
161777
214329
226229
206257
215303
156270
152621
182517
236311
229178
153907
189435
176137
164273
184532
190050
192154
185154
176297
224676
240201
233973
178603
182833
155911
196854
228185
157020
231159
150751
220508
152641
232594
242571
177846
160922
190127
237734
234665
199886
212032
151812
194753
188063
186936
178685
194076
246388
31271
80882
176384
214558
195345
179300
195724
93610
235490
242926
65115
50909
120233
104788
113408
145507
113745
11080
127680
96464
104531
103802
101127
140418
115683
125348
102120
111052
102265
100283
41668
97250
122691
98216
57221
98526
136682
96495
99007
99830
105938
180463
178756
161119
171634
177592
241441
180648
172556
186922
183181
154840
212053
164011
163184
160376
191208
171547
215407
156294
175271
168548
32016
185980
165597
218128
234546
91381
188982
174786
63845
187083
154555
198520
186515
242256
223033
213661
220640
156169
187316
180729
220173
162728
30681
234989
223153
160243
84220
236087
214251
78768
52198
163159
173200
223961
90587
185708
180863
93157
176752
182560
197659
175694
190754
194343
240081
228495
180135
27333
182019
204435
199275
64786
186925
235740
179252
194274
179746
77287
228363
232876
156217
199892
67075
185855
206433
93939
17222
165518
160619
222946
23385
230621
163014
91248
81509
198042
191917
238598
195523
194208
197397
178577
180955
45107
213054
195322
66417
25913
187101
180383
177324
118811
98012
145222
126143
141159
141039
119581
145691
98008
105806
147550
131823
128353
105449
140724
97445
98156
98610
98624
109648
131980
99237
130389
110809
121793
105815
133673
99476
98028
108772
104083
113040
121663
104550
117485
101331
98321
96149
103251
114259
96261
118451
98844
96734
101652
112784
108968
122056
102447
112812
114317
99964
110876
143462
97128
101858
105672
111270
99941
104519
97723
101804
104466
117180
97816
109054
96374
105194
96141
99938
140208
101751
98835
98020
108671
119876
117883
116205
108648
109581
98488
102471
108984
109159
121987
99002
113187
113645
98723
97253
97434
102070
110751
146301
115001
111539
103949
111721
120922
103866
97413
109708
109696
100756
20919
101296
115826
153430
167281
221215
203338
96724
153151
155614
175155
13014
94189
154407
193209
162379
201398
231483
158395
229132
185806
186128
73503
178951
189423
86631
22032
203058
189391
192407
216263
221061
193878
181666
47585
236609
220141
177631
204381
231836
49103
179339
72452
69347
74802
55651
191205
73328
216760
211578
70743
182789
94991
84416
196318
204928
52054
44382
78696
211363
223025
197288
77311
190537
29274
179199
49229
213867
186052
12927
89096
194517
216150
78240
196269
26300
86333
84693
29173
191348
201310
72752
218239
96628
125036
109679
107678
102955
101206
104248
98189
132055
96829
97617
108808
174298
191573
162141
219028
235062
212823
247362
112556
157220
224836
103521
216115
170369
190079
241101
156477
217866
235487
224718
221686
76063
215748
179689
207518
202846
163917
188274
166289
209065
177432
238538
234547
150362
206937
163522
75205
89904
166068
222921
201105
160317
189292
219548
177026
175539
187268
78674
233750
191125
235224
36338
156994
65519
85107
180106
203547
79261
188126
162866
183959
184083
181527
67310
187006
137296
100545
113687
99473
101614
108967
99572
206304
95836
234587
227964
174499
242474
118636
165845
196061
233158
158580
165524
208334
244993
150340
203762
152467
230210
219096
156711
46822
203716
23217
231497
50914
177339
177405
196751
198163
185150
211784
204467
177719
202348
181140
222897
217478
91802
176536
195249
235843
180771
238663
187130
201464
237926
182713
234670
90047
189690
216880
186906
91080
49466
205955
219930
201267
219368
161013
195434
189615
173453
183721
185255
151051
154326
171421
154242
240664
179989
162157
166634
151713
152709
205511
202491
150827
165454
187454
152910
238016
243858
220278
193390
215915
157675
234996
217731
239988
189706
157991
181085
201985
235327
171523
152840
154692
197548
172854
164822
203252
150711
76367
205606
216543
158231
54616
159084
527
90538
43743
207253
154270
184242
210676
181435
196490
182946
159088
192578
193711
180964
163574
194720
230188
161711
165469
167879
201322
185683
192645
204374
158092
193954
165741
193896
210326
205636
164981
189821
155795
151749
162672
220151
166736
179404
190493
222300
226506
236014
154578
183718
160444
173538
218914
186376
239947
204361
178997
227317
160560
15502
32601
235553
219630
163524
208511
182249
151531
151747
178729
195760
162786
236033
230150
204159
194645
194019
90113
194791
222035
210986
224258
156988
182700
220743
171531
209666
240667
179264
92427
18262
150003
218848
162756
210230
183659
162228
200178
62018
202502
203390
244742
227817
160812
198251
182261
57025
174285
191437
186613
37798
221973
54663
178697
59893
202258
102932
199756
163322
162784
85610
224771
209142
194272
170889
210383
231737
233542
239859
212659
152715
153402
215906
175844
156211
191630
180399
192717
168567
150757
158042
242250
234775
175246
199239
152333
229161
231275
162504
233890
197571
200131
183039
156968
235514
151909
246070
186172
177361
179357
152021
210216
192758
149454
162684
207313
212579
166907
208960
189898
196675
162546
202689
185738
159696
174856
210700
212099
168062
200023
177270
246072
172844
162683
204171
221708
159142
221987
232146
181391
158475
181144
184887
181763
232467
203048
235179
154178
186228
196449
155100
182242
179344
152179
163898
245922
156589
174689
190277
168131
176260
181639
197368
200388
201346
194772
149563
190864
220659
240374
155524
192155
153595
156585
155871
74176
235221
166576
173991
149089
152595
179215
210370
161426
203589
162902
155997
173836
235234
174507
174315
219330
203375
243920
167465
213942
164514
226033
151292
203999
198731
223314
175949
175402
198884
171688
229142
185617
203068
202554
170077
150052
236566
44110
155421
164906
192879
86817
201995
245507
177619
230089
208783
159974
153847
159258
162054
213603
221444
214441
207532
201607
205256
207761
206590
150145
156730
219303
149727
231810
241991
150583
154181
235356
198633
227123
152431
182881
153692
201846
161506
163246
190289
151479
176404
244194
201628
167038
197370
172366
219246
179166
183697
241087
150788
185407
219424
152414
196393
155878
197887
161776
199378
212203
67110
192779
208079
229956
231221
33221
202305
212238
56884
212020
180304
186853
191973
88398
178507
88691
177211
202019
139979
104465
122488
110377
120726
99390
100838
104575
129965
100628
109018
99927
132365
101648
147639
97922
100167
98693
100564
141204
101680
133795
96331
111347
114619
247489
105637
160854
159087
165307
182818
164158
175630
218439
39600
211698
240914
184013
20982
227686
58971
87510
57470
156271
214726
215463
162542
202560
92126
52409
41922
48094
208310
172946
178799
183084
182629
157066
193192
238393
243256
173201
239422
178262
173607
192837
177749
227533
235720
237984
161163
219357
221435
153914
176136
188747
228030
207052
158413
177565
164658
172054
153672
157553
159765
186079
193026
232329
150149
204067
149899
178953
235799
158303
193228
170334
179162
241953
231862
183598
180250
198696
213438
171950
161124
170266
190455
238027
222291
216395
234646
65625
188860
179461
234479
94417
48103
193542
243036
221452
175130
203015
216660
40546
192516
173941
223291
207600
90793
243519
189168
79580
223993
188796
44095
206361
236653
184429
221957
222602
84094
190296
225812
159251
239739
163925
208714
210010
237426
59135
165680
86857
56959
65613
239536
177522
8108
173123
83787
214751
239085
87850
208659
242384
203875
162537
185015
195931
91545
187333
199844
75852
203909
209559
181158
161175
174222
174789
86374
165739
212566
208498
216164
209346
177821
235977
243092
172183
194456
192759
189612
225255
187531
231680
198739
184479
31115
242020
86593
241420
58936
203115
212768
162626
211359
238011
163936
230978
191892
245129
75255
196553
181102
109851
114741
126485
104232
99533
111066
114208
114753
111106
108861
113110
192671
190529
230893
247263
219294
246500
98354
246895
159674
161923
187206
192875
184036
97962
96937
203646
208957
211303
97870
159711
197805
187592
98555
179171
178150
191189
97960
216250
97982
220722
155263
221005
165101
158132
160515
247759
246933
247546
96744
156111
96703
160806
220888
148983
221069
245440
151267
222341
30225
193277
151798
237345
152880
225425
160663
236762
192263
149542
183315
149546
183367
166276
98381
152279
214156
203599
246206
242134
197705
246960
183027
150118
235577
96818
190521
185623
110730
173723
97475
198290
156475
242812
188788
201212
100503
209441
227150
150647
180179
219691
209047
211398
218408
87148
200053
191440
221900
180351
158140
172459
155098
175658
184769
244970
238674
154166
182733
172740
84606
201039
228385
76449
219687
184860
235488
176025
32330
188352
37977
175842
160274
223646
162231
72438
181589
239534
93958
64886
68685
194740
178853
176028
212266
33623
202963
192515
100428
110711
126992
135009
109161
86402
133713
124500
121980
110370
109752
109811
96861
108588
97680
246817
185018
104424
201722
13650
96509
190652
162118
239274
159476
20688
215165
218511
246850
113230
217518
157834
151683
194716
189118
203341
194064
111548
184955
96969
155651
191875
179834
155070
150419
151453
196067
150580
182030
182168
236589
149490
168777
159759
218420
228930
159147
225072
243826
234433
173964
205255
242702
150268
192083
162543
196458
214068
167016
200542
153820
209991
194202
179387
159859
222449
181345
61087
197675
36702
24914
202755
234261
170496
208553
227439
86064
194932
156868
194173
185793
79026
78362
185166
229073
187370
203350
233629
130845
123496
109650
101627
98601
116502
209616
160936
173031
100080
108769
96418
109558
109588
173548
131843
103293
164346
104180
247716
123545
98364
162371
95866
247252
195868
100495
212741
151484
155439
101166
97134
208969
189658
204886
192555
149346
160846
188542
177747
237284
160018
158330
179064
148915
217989
151078
185949
177965
192062
150437
151275
181636
179703
207355
188910
244096
232461
195630
239185
209894
197657
242169
164604
216294
246362
163392
165766
225297
186223
222667
161984
164547
163189
205140
233641
57990
162555
201971
184353
174299
240227
161903
189628
206221
234199
202303
233447
52289
179558
175427
48174
24955
64996
176254
185783
95290
53544
100179
114309
97731
104980
109155
110655
96706
100810
99545
108531
103749
220307
247253
155127
110189
247301
98966
235138
98089
102895
157373
99009
247715
220521
151718
152786
203308
231474
184570
240358
197225
161452
163756
197798
36091
66906
181042
69740
178904
207538
92797
193675
26991
211937
201026
92462
189050
177635
222396
173923
174761
246539
189022
196959
96431
105097
98193
100558
158847
230070
231045
208958
211447
186366
247326
110169
247571
160306
223849
173289
180944
176888
180575
196709
204600
155637
245499
223830
203140
177970
159395
159749
232194
78179
47728
65890
154353
195083
221425
242754
178931
191951
236809
207868
177866
177517
206608
209222
175243
161808
190965
230923
174847
241463
208880
172696
244658
210039
209676
227779
205314
155674
246563
178607
220213
162411
208014
225598
156060
189329
201164
245464
186673
184687
229622
161279
188122
199774
219452
222038
207303
87735
164692
32808
57144
236363
206435
195254
164197
194207
185818
170664
46272
71487
65424
159431
221098
205548
79405
236617
194722
218413
205246
180825
25777
180521
223230
91748
166692
112131
129213
98643
140175
127730
99997
141252
97878
126312
97566
113457
102236
111217
125991
96108
99260
121866
119995
102492
121772
133018
99584
136389
109136
124859
117210
110116
96680
96516
96636
131522
111334
247233
206692
116820
159501
181095
186701
152490
153197
227446
192586
167485
183341
155617
218714
195998
200343
233234
243316
86612
173409
219653
233725
196859
219004
228237
198302
80982
56476
223252
64995
216049
81690
230257
175300
68400
105942
129879
95943
100750
101188
103793
98507
104470
104599
104703
101837
102206
121524
99179
98211
139493
96359
119437
109235
127471
97989
101479
122879
118286
98750
102430
100213
99701
245333
175437
210396
169016
247679
98237
18525
99388
107750
247382
151919
186747
149232
205931
164365
161496
153574
194300
184426
205441
217082
211193
233892
205463
208284
234911
191897
49587
184889
244199
189567
199515
65047
182702
91792
97376
100537
101744
96660
123555
125629
99246
97665
105910
126546
162853
164056
121864
160708
99058
149739
124051
149156
183334
158249
227799
219961
154691
241592
149867
172109
164392
232189
43326
75774
157213
207802
224166
226222
243048
151914
205240
240589
171408
241418
199316
151169
153002
167568
176479
159477
210814
173468
152137
218127
187604
202848
228240
215641
218613
240564
192339
196016
182494
232689
244005
198947
240992
219704
170398
177349
162547
197469
221634
216295
184950
194116
228405
199622
238886
176583
152759
196841
233651
188835
180962
213446
208544
246456
164524
199480
237118
153202
203312
200668
151626
181820
154080
175746
223522
152487
153185
201808
206125
150559
176214
246346
157830
71108
154627
197979
214055
216267
46047
178782
75084
178666
204214
173076
235596
206396
219328
171023
187420
57661
72993
13097
31612
28507
57259
22573
59339
2247
34886
80024
72602
28575
86961
17640
15227
63109
2079
56732
59618
195936
5567
46922
12593
45746
53150
15855
12858
6168
38827
216292
33440
91887
55868
74105
76036
92285
73727
67559
69879
45517
29120
211666
77604
44299
92213
24836
64715
6870
87871
25556
45615
14819
31279
49031
15117
41171
73352
46112
76866
65088
21875
15164
93948
30306
9517
67781
42519
47450
80097
24197
18808
37679
28189
27908
10506
32035
84793
36534
82443
73877
27415
23154
83868
72777
40642
25343
72949
63947
61538
53072
29153
74068
90629
30501
47680
32050
178814
33495
44936
58118
20930
63096
28387
34233
26496
62311
64404
29553
51676
44208
43373
68951
47362
43710
10805
24366
84358
36932
49028
35208
89329
30155
48844
83222
7679
36055
90290
24784
92554
62298
61909
45860
27095
45692
45511
20343
42095
73737
57409
13557
23237
22595
18556
46170
73716
29701
4804
43722
94773
36487
70834
24990
39251
55924
42185
76969
91852
31083
32054
24383
80548
66407
15961
28007
19941
85070
27486
202429
62416
81094
39457
48043
75085
48596
47357
44457
32865
51502
68994
47204
40258
88977
174050
42210
72118
214192
46866
82503
22103
6540
29231
69638
70573
56174
30129
79383
38757
61931
86156
74129
45322
82024
7671
42812
84747
50692
67528
54060
49941
63203
68154
75948
81286
55703
77315
61789
75277
50301
47276
87843
69449
70229
68635
35747
81578
26784
71116
54136
90252
22776
51102
14841
58652
48039
22863
54880
83817
42477
30143
45359
50039
20518
58872
46499
29509
67501
61393
15988
49340
76899
47344
78246
60850
67604
39627
68866
83541
86773
57363
24775
79900
78911
6084
87643
32566
55699
15192
211627
92509
94650
82961
92994
10313
94997
27256
49795
25724
91253
67102
55304
71266
60292
50538
49479
40501
73597
30939
94971
86191
65594
56332
25644
77747
49399
29363
51575
24742
67385
89822
59724
73133
8792
10193
76467
32226
79654
22834
90813
53858
16147
20939
88244
57861
88417
74961
80630
51974
47558
89687
79518
67118
88575
73826
84351
34180
36510
57302
65180
64249
50283
21623
78575
67229
10673
42269
88473
83366
57960
47836
14169
46767
38202
69031
71751
36845
92218
90821
22084
88380
52840
61327
51701
69682
50173
43948
73797
51924
92345
47932
66726
35974
33999
64106
52783
65369
11643
54326
48525
76592
57080
44275
66609
83024
95539
63421
40634
86224
70765
80831
185090
61028
57244
85715
18052
58399
83976
94564
55977
42717
40528
65269
22030
52392
60157
40064
64386
51784
52372
40201
29010
54477
84287
41653
86235
82642
74880
45973
82449
53769
50137
55705
62946
67803
91811
37564
63011
27338
30538
67955
33788
83436
18174
54390
2219
81270
77135
37684
47259
89903
77880
34580
63162
65345
17645
19047
28741
6151
26609
17733
76211
62964
71674
9760
51544
47212
13202
12807
15324
56570
14179
93422
26346
15532
22973
20086
43260
16440
47109
48875
13881
2705
28974
3219
15107
7912
65858
59994
27652
26025
77682
62631
88301
38205
92549
64678
39136
16743
58304
31187
24843
7943
79717
36064
56268
67195
44055
44126
26099
43254
34294
33718
51000
30513
57643
59157
44303
23155
60476
28421
32435
32317
42895
2698
72560
20573
229
207433
69417
67953
88680
84685
55717
75914
45893
60224
12758
52342
30626
36983
10191
78645
1282
65501
32417
33591
235777
85558
36157
33869
43783
22041
21184
24438
22423
9720
58063
10972
76248
29787
36617
68086
213937
18409
36140
16463
54756
87418
60018
64701
50105
70754
51194
41484
13150
41479
36947
46930
70798
227613
19426
32437
84761
35078
67444
43434
60847
84175
3040
92465
45555
48752
48370
76111
54784
75969
60004
57549
87796
93171
36390
68338
53656
18424
63328
28380
90152
44877
67671
27614
55662
59392
26865
14322
34546
67041
11913
18189
60471
31546
27584
24423
34373
36463
51461
94492
85650
14263
76351
51850
69013
51304
16902
30262
73991
83580
154228
32473
51231
57400
39395
58648
61315
68103
63360
45959
59890
5973
25768
53419
20181
15867
24082
58509
40505
32262
40293
79174
15714
23041
82474
3857
47579
57671
41896
49967
54119
39456
20487
47336
18131
18647
44966
85265
61633
27846
55761
40227
22277
24934
48963
82145
26129
65181
63044
48504
71518
69488
51826
81875
15257
78250
80062
33998
61389
24820
50133
69998
45479
25714
38549
91377
63926
90345
30768
89596
87098
16431
73606
70526
73373
53531
90430
50514
76586
24413
55378
90012
64401
82150
240524
222091
68967
61198
50630
24393
73348
53868
91575
38957
56273
89054
46088
70811
75208
62036
62955
52786
92872
43070
4724
93960
82718
81081
80774
6809
65420
229617
94780
91676
71087
53866
60479
56519
47177
66360
58392
81438
79265
19797
56738
19942
55068
33451
81206
35142
29092
81295
43063
94327
21995
80508
43287
53005
85781
24268
27583
47438
25045
47468
19588
58911
11578
28667
53347
228473
85275
46448
50180
75940
47077
92736
47291
93488
45486
49105
6854
54022
82261
19043
53837
67489
87459
54602
47739
53727
34728
83066
15316
73607
80913
44499
59518
26087
76493
71860
59119
8027
48161
6947
66781
11296
22236
88373
45378
38456
74437
49915
68991
32281
79047
79434
68917
89220
10376
223616
19765
53732
62287
72942
58133
52678
195613
41388
80072
71143
65616
93664
31028
49769
82180
37064
51357
34103
91991
69248
74578
54761
37837
32841
43696
239748
41476
88255
80248
68059
50240
53518
57224
54244
13068
15260
64348
86070
41031
93542
52239
56035
4049
47763
85080
57881
69699
64814
58963
87994
41789
67019
39494
43316
42753
160686
78361
46051
69737
79401
61228
45805
64301
51654
39523
63430
65892
70609
80307
57284
43515
71666
51554
80681
89532
46290
30033
162217
82193
82889
57835
82745
83404
59998
77841
59474
35734
94123
79844
76837
72975
95127
74543
33622
41716
57765
57189
150988
179418
92517
87156
120
79075
81621
56320
60006
18316
54320
80439
50858
94323
56627
62546
9498
55320
38103
64242
57935
46355
80167
62174
76127
54004
22753
11090
71698
74564
42153
34885
1561
26144
38070
24810
72572
94102
49986
64610
80754
74883
42630
63226
70090
94062
63809
47393
28967
56598
33334
152299
34480
73129
66860
34057
79601
65633
60422
20933
72405
66986
87760
67358
93698
80962
26582
14576
8510
20758
31647
20814
94394
19536
6005
80732
53379
17503
38694
65883
47214
1950
40671
3770
1825
47590
46035
76947
64708
77684
25617
48482
47993
20146
46824
68417
43315
69644
48743
64974
38391
29666
30060
39512
64459
33680
70827
42125
75414
15465
37038
90712
1195
7885
216213
21876
30605
193335
33849
51054
160014
19956
74406
92695
85751
12326
57448
84995
85550
29078
57062
37075
30925
41525
55602
55747
55866
242907
21776
16182
50990
25128
8438
38956
91896
39070
210058
162148
24344
19784
160474
2304
2850
159582
31660
50204
28522
18048
52023
10240
20850
52584
41542
183094
43733
26704
61038
192129
168552
90385
91410
15832
61390
160597
49368
30500
64917
80762
83285
64855
34965
88137
83093
74459
50326
26302
37473
39970
67055
45092
52773
45705
42033
38301
41462
50272
79230
182181
3352
30663
41728
76849
63418
16612
91089
32800
52816
23116
64776
37057
55169
39677
6815
22268
55740
32131
94179
82851
66568
52686
4521
87317
15444
32044
36434
32372
75412
18241
46643
40391
50016
11729
43636
57501
49070
68080
44198
39106
80010
36192
13178
30966
75374
19396
65493
11994
27481
46061
14586
229570
47677
30369
42511
52386
7351
35887
48438
30813
93154
72847
58225
56944
65162
48877
42907
81084
30117
84966
53378
24236
7453
84853
25581
48808
73388
84246
55060
48315
30265
44771
42422
175862
33212
36579
41262
34330
49172
11221
61642
42386
26392
39338
73766
27531
79709
238256
38952
9551
23804
84991
57319
27454
55464
94783
78802
21317
27809
65922
58739
48902
42927
52118
29007
25036
48408
42735
70592
80141
22703
95249
76052
42199
65693
70648
49395
77218
27036
69442
82771
232364
152
33224
161746
87576
54309
65326
64341
62237
23564
95262
29248
38215
59808
23175
58959
84825
92079
61237
65372
73410
58098
83988
89134
43737
61845
72961
74168
81006
62140
19154
61811
72101
93332
89299
56198
3415
39063
34235
92244
24883
70973
49051
71829
220500
54954
168266
41158
90533
79296
36800
44440
13658
46353
81461
77376
68360
93144
36070
66248
67210
80306
52264
93637
45901
47278
70256
37496
91541
55656
70543
48494
31090
37159
13901
71458
17968
61778
60739
63479
53158
83292
20756
65306
41851
82723
52012
84726
69364
84859
24744
87840
46407
29669
92993
18461
66768
78733
59384
224851
44833
68405
68714
193123
62362
93169
33655
63113
79733
21358
81918
44040
174177
64929
20955
89115
216315
69184
94408
71378
41122
64336
95350
80129
5797
29608
23553
75645
200911
55831
26535
71684
44900
68241
61552
56545
38012
24263
59845
63716
66544
16118
234105
38152
187310
32255
66146
57435
38137
34178
41625
9534
62625
72207
31365
32308
87135
56055
2837
76511
10591
15813
31858
69604
38105
85364
81430
95720
72109
8786
95370
77083
32091
68191
4912
84293
63001
90468
12844
67319
83351
50065
15125
62294
86412
82988
65169
84879
40905
44201
92781
58723
45461
72723
78067
88217
78975
67379
74622
50183
89754
76250
54163
33265
32278
76416
69072
62951
4505
5310
66909
54498
21758
58763
80734
17387
67519
90777
84492
71176
66438
54702
55561
71680
43945
11015
47517
15617
76859
58169
29458
87235
49394
77554
26127
43370
78885
95401
55354
92042
225487
70072
67546
233187
62592
189804
6674
29422
69569
73629
38818
31982
47418
75677
44086
48029
64662
79887
58415
84984
45089
51781
85260
39962
76706
89667
34457
69023
69330
51954
94944
87629
59927
49481
72451
72909
58110
56785
95679
54279
43807
38292
76898
1255
69484
200733
62856
56000
68166
1991
229976
40969
10475
90342
15445
88486
84552
86319
33449
42432
80485
77957
42684
75094
38003
65638
32994
20205
13127
56166
80566
39443
44866
78439
8113
174365
65499
83545
95685
76396
47148
90000
57970
76770
52061
54097
38470
27277
68526
80291
49392
68194
4012
86379
11219
15391
35107
86499
28359
18375
41228
1706
51032
11216
16583
45309
67476
23064
41119
14737
70484
61700
10789
39132
25910
40016
17377
27599
68770
11764
41155
36472
24318
62014
59017
18397
21024
73394
15575
73126
75376
57431
186167
22212
214019
194356
4436
66938
58047
39984
27895
68843
33467
28323
45265
98375
87055
34898
64676
6341
14657
181546
230697
70618
12712
231513
67172
79249
183585
6003
220348
25508
51057
23449
82302
17991
56750
1614
39905
41183
242402
5779
36890
29334
15418
39350
223443
65263
23413
160227
31301
45775
46840
4376
47292
64151
30090
60495
10715
69453
38586
47584
29991
70325
20947
222254
65441
185451
41790
52112
64136
2606
77932
207775
1087
63854
66965
75755
65463
195978
12301
59678
79678
65223
59643
41774
11334
69787
76877
20788
31649
29529
53672
37475
42120
12537
34303
80259
67304
40591
61603
42649
52677
21735
30953
35277
37795
57732
10230
68737
72115
37942
55619
22380
69773
34038
38732
65552
28733
30716
46342
35715
64800
89082
40917
94063
27233
91112
70382
59923
39359
52976
61468
22294
49815
49147
63080
62786
2740
67944
34573
48856
60644
47066
36251
31267
77090
41274
33245
63352
12149
18395
47265
19692
29602
14381
29970
34378
42060
41926
45788
76179
35013
23386
32040
22940
84021
51854
36009
5850
53012
42820
35689
32004
22351
49716
45707
41513
41702
45513
72056
85117
48536
85110
88648
33956
76019
61444
45164
201811
82583
37617
24309
32246
61019
43859
32805
36168
86863
26615
51958
89345
15286
54814
62258
55833
19769
227363
59429
85103
54991
71394
65285
36332
46985
52894
61265
52391
181751
11831
95493
36261
37847
88447
71641
56501
63798
64316
22905
29243
43082
38636
61230
39893
230242
70118
31674
81917
66418
53147
92102
47398
52763
62274
21176
76262
54872
88785
62813
33968
35545
31242
40409
46981
53889
31754
46052
66910
34924
223089
58676
205890
68522
154667
80329
53296
20023
74516
46160
170330
170890
48630
95297
90305
60428
33246
71465
85572
46962
59704
86207
86950
68634
94203
54965
59400
95037
83156
53230
35495
58576
84849
59661
44504
1252
94207
56917
48224
30712
84682
51941
36735
92929
83656
66100
86327
37286
28559
224708
28087
32573
15496
193928
52287
91603
64329
47643
83851
70130
94772
66153
27597
40241
47548
67844
59761
6024
79760
74248
66884
88851
89520
81201
90030
76346
51542
39733
57985
62797
55643
86185
51670
34968
57725
44212
85874
28144
68667
62657
30777
58443
44925
81523
95075
55037
5959
56692
89426
55615
56435
91522
50552
90836
79859
186312
200679
32194
53188
238029
59846
40308
50371
36874
50560
22887
63680
15201
50081
40762
52126
89081
76208
55712
42665
37567
62859
74454
91818
16041
74308
52479
9713
87282
18897
78660
227236
84681
217533
83150
78544
70630
79748
23176
40266
73549
66011
39328
46402
63356
47411
20148
72415
11468
70386
94494
47749
75616
14821
65191
59895
34687
1842
12369
88093
91367
89950
42964
210101
83600
65374
44786
66992
56696
75794
88527
81042
90540
84535
48220
56502
228866
74933
76797
87670
67512
237511
78986
23512
42825
89910
48961
190657
34219
94693
70683
20211
68073
201886
50230
43444
56245
77451
83337
47157
13710
18039
80497
31096
65244
88026
36564
49201
25173
14940
70363
37505
54252
38406
26930
45891
57922
236362
56690
94924
94437
65526
57380
49743
83265
45222
72649
180130
68187
17881
85390
36259
74965
206255
11890
65853
88405
2903
158034
57499
67450
91460
52074
58397
92251
79682
76110
38288
78825
64271
91956
35809
84840
67981
194549
72044
70744
75963
48018
15632
33076
85960
63386
67731
54185
87408
54166
88450
83140
69135
89700
222426
81905
18328
57892
45233
61146
35081
25626
21101
71677
67163
29465
93229
45090
94146
219244
74445
49987
93115
179395
82427
86876
68213
84014
39911
72546
87406
39091
57880
66457
64881
67565
20131
43587
90906
199214
55201
19354
5783
78961
50639
63412
57804
94501
83672
43965
55368
27384
60933
59760
76082
54108
41461
93317
37802
83491
44444
20590
28769
80420
87494
66985
47602
24772
77346
25751
46345
93121
64186
240955
46015
46449
95272
82833
13832
2890
46694
66031
11677
32614
89865
44172
55097
227920
31895
94511
58596
76434
37626
26687
62651
88472
78685
43019
80735
32825
9401
86696
60152
54216
83699
13018
55690
37860
45369
81154
86176
4223
68343
37444
64113
61534
22488
71660
22979
54230
50859
55420
63481
30661
80066
56602
33764
23193
82968
75945
71034
80888
64161
78419
71727
76814
34739
91083
72383
21329
23777
33742
61144
70922
22416
9556
45621
27923
3794
79552
11072
85988
39950
44800
91967
47512
44465
177478
22706
25217
55834
50937
37024
43886
858
32962
85596
53478
73977
60783
55668
91491
30792
81475
228899
14501
60577
33367
70272
33423
43303
45148
18013
36400
86521
59600
7119
67394
31788
94174
87310
26557
245587
51203
30254
24635
5795
180476
23082
83021
18134
69723
61482
195870
9594
45229
61432
76675
18862
50983
43029
32158
34431
66055
15308
210734
21674
161687
52446
11430
81133
43779
236296
71340
83678
31136
187616
84487
30142
75159
7969
21334
39599
192709
36023
51239
51516
25028
159050
11805
59918
36228
206525
93829
2900
84620
61500
82913
78357
49870
17318
32894
43395
91324
12470
39758
61112
22286
63582
35685
52383
26111
10139
57074
4167
46113
9454
45258
233700
89192
81664
228625
21429
32977
172178
72762
42459
41669
58210
24980
86243
209062
87097
74348
24597
24587
42946
65210
32709
46284
35891
54685
29264
210554
5006
19124
33214
32489
51199
30362
31824
56932
43140
18211
77463
47791
33877
86794
49379
41935
35140
44993
55316
32339
51755
6048
242128
46091
55800
45698
17575
31066
41001
25874
4279
32957
85346
40386
90241
23213
33489
35888
53192
73916
59040
59469
46393
44054
26541
76195
55218
67740
58934
30746
22321
26437
28978
69739
63705
41022
37763
91092
38787
24206
60289
95588
23183
21643
55448
53790
70403
33330
83291
62336
18149
69128
81344
29576
42345
4866
54984
23153
80201
81790
45105
46022
20067
71057
84138
70729
86198
37894
91259
66177
42943
227797
66939
58188
68462
23389
20260
37812
66095
47659
35094
55683
84871
76428
82713
43485
30585
54416
39140
85949
38844
83497
79324
31791
36780
46918
25552
30993
68334
26823
21818
19195
3781
82036
36210
63309
75086
56903
51610
80649
233276
25920
35779
30222
52903
50592
70774
40863
39413
14130
25326
44822
61692
38870
17791
88651
62085
56514
76172
58312
64744
76777
5002
75416
27067
44741
91457
55743
14571
24783
27500
28793
180522
54211
88438
75546
53141
45193
77253
59945
53058
39784
61400
73142
63645
22133
81027
38029
61955
35076
195397
59800
36647
28628
83338
79063
73285
56296
89127
69609
76532
41568
66594
76135
39727
39698
68085
75405
80714
84294
89702
21684
32390
55190
62896
17324
58745
68886
54717
71704
81314
40455
32910
59835
53009
64094
64579
56075
170375
74288
71435
51602
25699
81593
63796
72826
88534
57098
49943
87755
30040
45095
48837
52548
52439
68490
60417
60211
78506
232857
73485
48898
174154
62878
62446
66110
50610
93974
5377
40115
177460
40914
74228
25627
56140
87891
58078
63900
35992
51865
78471
32996
77904
80238
37517
20328
39679
246684
76717
31986
71706
72071
43501
69528
63720
67966
76038
88254
68973
49572
66515
51830
90504
91093
23043
46896
34088
73428
597
64792
78738
94484
32956
12327
56412
50637
25532
91689
84881
35597
33985
162182
64916
54558
170253
48179
68723
90987
53006
26619
81257
201413
93502
9773
83616
61356
161795
216402
46781
91499
228734
206129
62940
50447
42618
11438
49506
72929
33177
59848
91824
61158
211323
75272
63802
74029
51985
23210
54003
27007
43496
86703
226367
7691
18425
35393
19114
33520
24808
43877
91610
56255
57983
79470
66633
69924
39726
39274
63849
95231
69892
33080
61060
208954
29760
91853
30968
60151
60641
31778
187932
49722
37145
58846
71900
27685
62624
25572
61555
17528
75568
93633
86098
61169
79128
38020
62996
62144
77453
71351
25830
62153
54595
58455
54152
42727
62781
64443
41295
68385
84783
55510
65981
43639
63670
92212
55256
64450
83691
34339
65953
76342
58880
18585
50547
51481
187431
65016
25873
50695
61947
86297
58961
56351
50359
56322
39493
224769
189681
243253
8411
75873
59154
45762
24301
49827
39131
85873
48454
69219
63755
35989
63399
44337
74982
48373
71366
94887
56533
205012
32269
94106
62643
45526
76827
81249
72810
75069
39247
24520
81641
84831
78474
54518
7389
40820
3532
55146
47557
20388
16492
7050
24677
74416
78291
47384
175970
78998
59648
40568
66635
9255
66804
41224
60418
50277
2472
49437
199987
81341
38603
82732
49497
84328
92765
80644
64054
76021
95433
13100
33097
218059
211385
182705
81333
87306
224245
12451
202363
230622
57037
57529
71348
90595
9423
21616
72006
68437
9022
3848
83356
24011
166775
80920
50994
202495
21503
55012
12732
83001
58718
77442
163212
52852
77938
86106
81046
58342
81141
66468
53913
205166
65435
157715
15437
7781
85427
79735
51756
72788
79201
39964
36312
95579
19744
79531
73042
44613
31884
23485
73729
45093
55221
50659
72250
193649
71909
9347
90812
87014
41764
55155
24636
65818
64003
64559
82885
65106
88708
47851
50576
242100
37957
67263
78907
36258
90914
47308
88899
2731
82808
20110
61359
2155
82890
70497
85488
70398
86935
86408
63143
53099
235833
48804
77051
233522
155487
78522
93117
19617
85624
50625
74452
37150
27781
59883
60834
46782
69749
88584
92420
22529
86002
43298
82777
59230
50394
19194
5738
10159
13458
30535
15129
23311
157931
36042
50029
51578
40290
56485
65813
75583
20728
39311
1776
93874
19636
23799
24583
43900
51588
46466
42532
93227
41290
60240
65397
35358
25261
56576
58197
31079
28722
29062
37052
20596
47092
41547
21200
73346
54993
82073
61240
9231
26812
75911
29425
78643
43344
68336
79655
104
65728
55089
34094
61499
40624
39478
56899
90282
37850
67355
27242
18307
59871
18187
80559
4712
40530
83629
27470
91648
21755
64254
75695
44972
11492
85379
49156
82568
32182
90758
25580
37447
78636
32433
49577
176013
74345
68184
94354
47232
70199
10013
35533
75788
92541
22998
87557
49704
73187
35740
67175
51154
56143
20468
28766
49482
7609
26214
95371
54323
177437
10525
54462
46921
54896
58154
79480
25599
53776
5220
65788
73005
8539
67570
90767
45969
29900
212691
193879
203204
75343
19012
56238
55905
19329
70764
22153
216780
14184
78303
87516
31185
80338
63733
246389
88356
55227
186988
25123
21606
34065
166354
12625
1348
17568
14495
65920
48730
53137
163282
26174
32671
72476
87373
64831
25722
17695
2227
45845
58243
28248
66593
212414
79896
184196
94667
215329
84750
85401
16804
32654
11272
33732
19058
72991
165547
97524
246166
59868
77622
69781
27725
11266
45766
46441
58497
32652
73260
46768
31959
34276
61300
33719
41609
35374
65225
17825
49744
24657
61822
73189
62019
63425
72271
34560
81981
79291
45827
32383
42325
94902
89242
77650
12197
19337
45442
41646
19104
78662
43021
5648
244729
1221
20606
28934
64262
64389
79652
201343
85945
94363
224888
93565
42263
48724
63836
40376
13400
33891
10330
33986
30637
62611
62392
25354
75913
15974
14299
60013
82589
58242
67205
30840
52900
38280
61914
49964
68763
46820
32512
93509
21228
43377
50142
38728
73371
35173
207940
87634
65028
92478
61361
51600
90156
36386
94242
59405
74170
34742
83144
82552
69502
80819
25056
22289
51376
30240
70227
22313
93173
31854
62584
241475
32146
43687
18268
32577
49166
9979
95117
37695
73853
71028
72502
76341
42397
50099
39671
76924
65851
52983
28406
63449
82455
50502
92445
35425
71319
75014
80641
45525
68142
41209
20411
48906
67815
58341
39508
59891
84875
82051
90997
91096
64252
70188
42286
42934
203065
41416
1750
72588
29161
43583
22715
32891
27726
90582
63918
56187
67178
35329
81299
68836
19984
6783
9350
78729
41939
90572
94476
44651
28686
57039
89311
39341
69181
39657
53019
28908
17601
52766
37487
78876
28041
20404
21030
88454
56265
70263
61133
29441
37904
47194
36167
78224
23483
40751
66371
72146
52941
86965
20585
60404
85205
58139
95615
31156
86399
222220
44341
242
228011
7693
13482
198798
18935
39590
81559
95510
37185
93732
58382
78421
90679
39460
47592
186642
12017
91839
79149
95208
29170
52964
79346
79247
86047
29303
33607
81476
39441
91560
231557
53510
66377
39023
93743
15523
236464
38057
46138
79091
75483
32036
69987
14148
65529
83168
48152
26490
21506
28040
35865
13214
57525
22296
52456
57010
36514
87069
4317
48134
83319
92321
83661
162272
26507
72883
10570
66487
84195
77047
24290
79065
39072
88443
74796
228033
231777
68982
47218
18783
79835
85469
91885
32778
37342
87013
17738
45915
73025
34080
32148
199633
59488
77884
160784
89916
4742
85987
25621
42138
76238
56448
92745
69267
3937
63841
23659
47219
93589
164289
52328
93801
75899
48601
84614
87754
64250
39668
71627
51675
89170
9905
61384
88596
42028
94643
62687
41991
65254
59904
241435
91485
58556
170161
36030
56837
88563
32261
24690
62590
173293
207177
52510
33924
1451
174659
149863
189686
180232
150226
179631
175615
28627
31282
62711
209683
203684
47853
72541
45928
44929
54275
32412
90752
39557
80976
93971
82231
41537
65247
31962
72798
62563
89012
86728
83317
92134
94601
63792
29934
59383
92394
78681
79866
86542
62379
31630
81124
61000
83760
209681
65261
81199
17437
92815
76436
195016
46812
217247
47930
162560
84010
24297
171460
47349
75111
34491
42789
54227
84074
35919
13226
32830
24549
78515
223655
91986
18037
174183
68235
46462
62619
195753
71262
92811
74482
166336
201825
91534
60248
50241
72094
179398
56387
92051
45503
244085
27821
9700
43267
64352
13175
169056
30601
40549
12057
26080
53757
31812
92219
57690
65358
39897
21598
68121
13006
15345
43544
53532
91823
91074
59557
15799
87421
68392
31521
73021
46678
19502
62732
35792
222551
15121
48389
37960
25419
67101
47271
93061
41998
206735
53327
54982
83896
53538
74197
47435
71376
32247
78004
72782
39777
53784
68352
79385
38895
2986
25879
36911
74700
87425
63541
71930
80442
200994
83862
37901
5863
77595
61723
86364
85472
17182
75512
45474
18613
43610
71118
76642
94680
22751
107949
96913
106548
239049
89257
203811
35491
76884
80597
64170
59814
22007
22319
4316
45965
177754
61939
51694
48700
40476
56725
73265
41862
15155
86802
36201
65806
46238
26002
72892
85797
63127
52140
37925
36418
67260
45892
89079
55204
25006
21921
59074
93527
44602
14636
34129
45585
228753
84240
76431
28247
93349
68077
199587
80255
72298
66441
39688
65539
199501
25662
42109
57297
44911
36530
22665
79770
84851
55876
70145
85602
198717
92110
49516
54795
74120
82182
58978
30640
25320
12259
95109
90208
40755
28000
13256
222142
92334
179875
36513
60443
72013
13410
88394
14302
25855
88490
60055
53264
26184
85154
39850
87071
222017
89202
72515
94906
74875
5948
29949
23314
88357
94562
22902
39181
47028
71456
52818
51322
31085
71040
19029
38806
35757
32900
89534
188074
196891
42014
77645
3005
33055
22755
77900
74059
175032
179249
55396
78194
41520
30414
24504
62265
92557
92225
87990
240976
52948
76927
82301
64209
21825
60223
46360
82152
92437
90004
67964
34925
40048
83800
54613
50188
211714
71958
74360
157537
67026
41219
38697
62674
88627
242126
61435
54112
42611
84272
56177
94198
38774
48750
66098
76527
64285
21544
73009
25137
29670
70553
54269
46020
50197
16214
78140
17929
68550
58420
44934
19869
56986
43845
65663
25897
48489
54511
204716
81248
29003
31368
6091
66087
41657
47566
40047
56377
73097
33882
84640
54288
43283
85043
177005
66977
64500
76960
27686
93410
21514
38399
71892
45913
31447
44596
31819
32899
24445
41743
79545
71714
78934
13318
34077
38159
154591
7173
245720
78774
192327
61481
80454
84126
10088
41705
22170
188984
67937
81529
52681
56355
71843
234390
165628
36851
57456
45759
80931
57174
8915
32376
90650
93461
40272
53793
178091
94503
85097
58858
16619
29133
16207
68633
51827
73798
94625
27914
54698
22721
40397
46946
17829
67119
24312
72787
89709
41412
52341
39351
60723
177556
186200
86959
208822
73777
81870
54627
47874
62081
87429
235154
40913
63945
64475
65842
51113
85434
56764
28912
13476
76124
38999
53826
12577
67360
73316
19590
70380
91747
54378
74956
70200
199349
29729
29502
38930
39189
85746
48964
8778
49669
44672
84453
34277
64211
60952
54972
51580
20105
62050
58529
77126
19951
40558
54555
59173
64084
43028
46118
36356
66401
86975
31946
82957
62865
81646
37456
68430
47470
8549
2023
35423
78603
31551
241234
38419
25382
22414
50900
74641
42084
72474
76882
79916
51182
234872
68730
88562
18843
46606
43904
169246
50443
93218
25778
95119
50941
35322
63952
20127
50703
243068
41860
64734
28831
60382
64470
90286
75827
62931
30680
226185
54580
57760
56153
65535
82048
65702
211085
57105
49213
63066
56290
43240
20860
163103
40964
91142
52541
79181
31925
235333
53409
46001
68476
53991
40206
40652
32498
18136
81887
223943
228177
67767
4856
73193
91543
65704
64205
67327
86215
68061
244462
43630
82143
4135
44366
69889
62521
62545
92903
30694
48664
199131
62351
28423
89873
53176
40100
44697
51451
45551
85930
87305
12467
20030
49512
78196
47321
60838
31664
73705
91763
64207
40897
59382
234481
48397
56599
11593
37079
87538
91301
11548
21293
51890
29491
10441
32521
87779
43917
82015
82378
66671
192200
11091
14059
38364
59695
211035
82532
41447
95130
52014
83638
29777
89707
193386
28018
54546
44032
36203
90437
62774
56002
14602
80832
236451
231595
20734
50668
193385
35494
25269
73698
40025
220687
220178
91673
162997
39143
70796
82953
40985
79129
66166
50370
238381
231307
161284
15524
188917
58533
174952
11245
17288
48729
24256
36373
71311
61635
51018
3093
94000
44673
3823
66559
3333
64978
37930
60623
81510
66484
52638
10985
200275
176986
204160
79322
166028
210100
237585
83943
85033
68107
57631
38937
30444
49513
82197
88186
94864
69472
85814
23718
74657
15114
86934
78470
16174
37918
165523
84518
40007
61077
19968
91300
58859
77514
59837
196845
57952
89607
10812
55997
41327
225293
48044
17692
72737
59246
63315
80147
50618
179784
50103
61207
49934
18978
39894
73542
15708
92876
80172
34045
55262
54256
58044
34850
17938
32491
55153
62957
23861
71952
66482
44795
31571
62214
61235
33297
95404
67795
92364
53619
43314
50706
72704
44149
155542
75979
199385
79674
65904
78212
11982
66980
19954
83992
81707
77534
59547
29420
63883
40598
18815
92825
36870
16646
61716
43620
70489
239723
35570
230123
64234
59423
22427
72849
74820
39264
92606
14749
33325
79258
50061
90627
58166
5778
23867
89234
52396
7269
60081
88061
62748
75477
36808
80033
65846
61042
53432
95392
17114
43327
73360
90801
58819
95322
51923
44920
35910
53717
80214
40284
72088
41810
196693
60619
181215
37344
56147
76056
22271
6904
43468
10510
66949
10162
81300
79620
23731
77775
46467
84433
196712
45659
30979
81408
209218
208598
82601
92709
13515
63343
187339
38386
95354
229538
163981
20372
27205
10504
58873
172555
232697
88358
64294
159365
179429
91166
156458
38982
25321
50738
73384
26815
42502
153710
52637
88169
187505
95253
151708
160251
155596
159542
208758
78025
50820
54746
76134
59203
75727
18373
18635
25434
235190
10180
50451
197219
67999
87263
29781
74660
58134
41763
78015
33929
44240
58416
193553
47267
67728
33568
58213
37926
43827
17322
64179
28075
29261
81864
70254
57604
56040
79219
92580
16288
32173
45452
49164
81357
80369
68913
970
33552
11299
9420
89052
93788
72184
5609
49211
34066
3468
42500
60137
3007
41544
77105
45522
57078
35282
44776
49918
39821
26643
1976
38563
84728
30551
24951
32838
70283
83739
18679
214812
38333
41061
12051
16221
23095
9097
47511
61601
4395
30784
5463
56900
85249
60598
61176
27888
14365
47596
80299
76168
69504
204466
17223
32011
164369
31149
171454
21473
45543
51325
75237
49835
44487
53624
20450
8284
53270
26923
1468
59036
21274
185541
78205
76650
61535
65733
49141
47775
92226
71709
34131
78571
48861
67683
69290
45418
62466
68021
53687
55698
66479
57399
67283
78700
67942
80456
81941
90811
48129
24801
68268
18821
6002
82907
193288
231885
75876
38983
35368
91224
33661
44014
82337
85802
5105
53113
67215
19351
30880
39741
222641
81980
78434
21432
210373
93363
43319
45940
31224
155999
22588
55479
235838
30396
217918
86193
91197
40799
172185
188020
92854
191355
23938
33749
56139
29889
37974
216896
16080
22824
53098
25195
46828
72441
244
48593
58940
183197
182228
59515
67094
183363
66503
53447
41921
46909
17131
215976
173191
40500
45627
73023
73460
25753
15112
6767
19911
59217
37042
202242
43064
21492
89730
21810
3021
72494
10863
23232
201294
20494
12488
27308
77943
189047
48153
80075
14670
60993
182563
190683
42868
47145
49673
161974
1689
84524
91595
217402
25712
19483
229021
166666
231875
65994
90020
14786
13991
29647
226098
86144
67181
193591
42404
44153
51911
30490
54024
82866
71079
69115
240806
49487
207515
74571
62125
55271
197410
83509
42258
1493
37747
16235
53180
21516
52670
185836
17576
69953
188362
65267
208975
89683
61227
23003
229145
228271
181110
55198
75773
42362
29136
19065
231194
61612
92049
203849
241308
201663
36102
50597
42178
74300
44636
20161
30924
161705
81605
49468
67948
55254
216211
216184
8564
75664
171386
58408
30475
19531
53162
19735
44979
170248
179776
19018
192959
197289
59399
168130
47675
208890
24133
41626
72617
40782
56178
62943
59815
68554
28953
72296
49419
8945
77099
41613
40593
44500
42119
42770
84043
69669
38885
87312
78909
22109
19090
83148
53111
48749
26342
17193
75736
41780
47224
77388
33619
24272
58458
28899
19698
74601
33912
33958
80672
29146
41928
60263
38079
70248
179842
59237
45708
49321
38438
74092
55600
61065
51700
66887
55664
42488
81855
78512
82083
62923
46482
39016
27134
32921
43457
43167
34876
21883
84814
56222
79952
39028
41551
57961
45534
63205
4295
12011
23492
67689
20945
3368
53908
35541
38252
63713
241936
72388
19375
42873
65386
56797
70235
66347
31390
174347
31117
65662
57873
48293
162482
79179
8077
33465
84187
76422
46596
16331
40303
76560
86266
59736
76911
83597
64041
30542
60104
40968
40614
57585
53706
59508
31015
21173
72014
70942
32378
69367
204042
93118
33921
17235
78728
81129
53605
46924
63717
16069
61105
41521
80256
71403
34678
38199
36330
61021
19533
55367
70276
221010
156095
60688
64725
41173
54919
74910
79991
51098
49091
33734
68581
71587
93342
35254
9250
37677
46438
41803
11117
11641
50977
88285
51722
88344
68711
199724
209985
55085
70020
57406
77695
71979
75050
35331
224611
74602
55946
38348
40641
79317
57608
58117
84288
76994
71317
5162
75768
24289
87489
226997
72102
45311
10343
94376
69456
214303
77347
73713
86239
54375
43694
81050
56430
40478
189552
45968
86381
34522
53454
42706
55358
84356
243220
20443
90214
47870
85827
46578
41208
73861
26684
40216
58008
79485
31941
94926
55240
19317
86160
49650
87170
42700
59062
78732
12222
91466
45545
95683
50024
13126
87651
85884
33486
58641
74422
69176
91170
72073
45070
172388
148883
13530
5401
55545
200696
61634
11540
8670
67347
15574
28019
59810
36479
78716
13143
23703
50236
15681
9465
20290
19260
76531
7557
85636
2401
40342
52352
16842
83223
79084
69499
13935
21990
8932
91954
65307
38298
33665
35959
19321
9075
12042
65305
31056
22765
30405
4164
35885
39890
55370
72872
81588
16532
29369
19409
15735
16205
13123
14050
81235
24750
47941
3207
9292
13316
54826
85393
75275
79218
78001
19833
10844
55143
19099
84982
2189
40182
52682
24609
45849
16033
16782
59141
20559
40427
31228
29723
37356
162193
6318
10464
20671
60467
15184
92910
67100
57898
17293
20092
2591
18128
33431
94391
93355
46928
65841
237684
34818
220057
87110
64358
69777
37294
154352
15177
48325
230461
96240
29018
1770
96708
4069
88367
82908
86204
33750
82115
22048
39218
27043
32645
41177
53595
73802
41567
44860
89384
57389
76786
26422
87897
85188
11699
30003
13310
66490
55667
49195
65161
84528
10511
28973
33530
37482
75441
68650
61646
19007
8496
11976
44865
37609
47509
9357
50893
32666
49418
71253
31013
67582
62251
76080
7747
40283
41085
17155
91204
73440
64028
18878
45071
52429
50807
23876
64874
27833
73136
74731
85376
88104
25979
55723
94733
9390
37028
56172
61920
6232
30317
65906
40948
88805
74480
36784
63758
34527
17078
54391
79161
70004
46616
72780
49240
82118
65675
24799
72122
92992
26694
38790
29619
71987
80645
27223
9932
160646
210660
28858
186259
181876
197452
46670
152183
54798
239350
20801
72712
29510
176563
61529
11441
55411
75380
84056
36869
37292
182573
36876
23372
26433
68773
229615
838
238328
46182
77276
194336
35911
44195
224837
94881
94802
69235
11744
98599
86113
59031
64284
80017
48277
65689
19015
34109
85432
198324
160237
188713
172605
17877
84028
95439
73392
77116
58265
107682
47994
79868
55724
209906
22050
62735
160311
40932
212025
27740
48400
186669
33317
81496
59290
37923
36481
7178
81912
19188
41334
56200
66697
16423
24364
153403
58203
73432
8051
39161
74220
209696
173067
68808
202705
48788
153819
220498
24388
175333
7790
81180
69332
202326
52265
49359
64612
81014
62267
66406
51763
55746
51412
22186
88225
48231
24073
157216
227477
41528
38716
191567
33471
36419
63457
36878
31605
53238
94706
54903
163373
1633
205821
65573
94853
52870
85318
14270
209446
35101
9399
44791
186648
8860
205817
14937
171432
50315
24917
157348
64452
53187
82679
92417
235389
41932
4999
155837
244231
32592
94187
185952
89731
224235
73778
23957
41978
174695
186784
38037
20281
28673
72011
11613
202733
171970
75712
71929
161421
46067
175273
107671
70015
74686
16422
76323
176742
2969
21332
42553
96067
187652
26980
31093
57148
13615
65620
205330
199859
15088
48953
188521
57006
53526
52036
194828
55365
77121
55123
181784
242840
78608
71009
76645
43846
36466
176070
221624
212097
163166
197055
159726
204377
84581
68250
208710
43601
64216
48955
26001
68496
29638
9604
90796
78295
77431
40300
61897
39194
34489
47571
15065
76296
67553
18306
21223
45326
53567
245457
236218
9824
69460
36969
53247
41066
29967
39978
71479
25826
76740
33783
48826
170653
57989
66063
69036
64008
35729
60575
179999
43676
91310
60885
207299
74431
64770
34032
43073
52862
60714
48411
94358
43099
39957
58746
57848
86778
68002
12022
41131
42251
53540
47898
60158
64797
81004
14704
33828
13527
45854
37177
81532
46124
63574
79720
65178
73309
50161
87553
29810
94907
179779
77589
52621
41232
34940
87622
19215
28206
64979
15295
83551
48681
90636
45238
63137
87862
12062
32238
53724
74597
37817
55872
77085
76283
58407
66310
65189
13148
60504
46739
33973
75144
191615
15989
29940
25462
58870
27820
91847
63004
94033
9510
75399
50815
81676
74806
68244
84128
56773
34359
205394
70757
71649
62796
34667
26173
65987
61396
70862
53495
78387
38550
48584
47014
82413
51375
23454
76559
44223
89086
14804
27425
39902
67786
49554
17883
38564
44721
67301
40123
85444
73321
51413
25703
54287
27294
52125
86676
39489
25816
82634
69144
23873
13164
63331
60523
18223
48112
80296
38580
35876
53646
61368
28296
56536
8543
33953
51922
25997
39195
57992
68938
53499
49369
43374
50882
63424
21656
48659
164293
46632
33450
15786
89887
50242
59121
79313
28802
31513
63166
50118
15011
78313
82092
53589
73301
93855
13580
47494
60019
75676
56699
92843
57411
35994
35845
29097
88633
25582
32735
91698
30253
77176
24853
44754
232940
67628
32520
33514
45400
42151
62052
48223
203311
67586
7058
191145
40655
20825
74173
32039
53228
92905
39544
57586
42370
83202
52850
19254
73830
41255
71207
37054
68676
83687
64834
26902
65202
87073
67370
49063
89621
68613
206104
11972
82923
155954
73936
234078
57352
88105
24059
24966
203408
67203
63444
62171
8171
82769
55238
19103
34156
17354
69100
71206
47502
86132
81041
47678
67196
55414
237830
43908
27451
90549
66109
68266
92802
56877
88126
69598
35733
28882
168300
148982
77095
40869
40734
85721
60485
67792
41892
3261
13350
15026
63267
38091
211136
16813
85221
25638
65963
7682
15512
93205
42626
94811
10955
154127
33392
90797
93000
77281
61335
93747
29193
52323
44902
26724
69654
55298
68689
59479
3398
83778
9955
46380
64192
180859
6457
6289
70183
67155
20048
65103
47764
26708
26457
57672
56610
73166
2672
9312
6782
88806
67852
193493
18879
40203
65150
52415
24584
44872
90967
17624
174188
47216
93260
183609
57414
79114
93403
10656
38155
54845
18434
63299
48896
34842
26839
62942
13829
25825
18638
58627
47624
43233
16029
56938
15834
21273
47426
58521
84628
68885
25918
20646
91664
78407
40711
28127
84963
75918
63396
44548
13472
10309
59480
59866
15993
52261
8316
16936
15151
18025
62723
19741
18332
85189
214550
81225
55995
44626
51489
57644
27173
45910
42355
55092
54079
60734
28531
55243
5483
58616
88401
92146
93684
11172
33380
48585
64486
35434
85262
40519
59623
76529
38987
5594
61487
45552
67305
11498
8832
48433
23013
58463
64240
15674
62912
6732
14306
48905
3164
82978
18487
43586
32906
41973
6482
11901
8445
16150
6246
26063
51566
24942
84590
65627
14528
9748
23581
36021
18390
60093
59397
89682
25426
59804
8314
16192
46629
39965
15300
84279
79049
29567
76295
44845
17878
37423
20679
42882
34936
41777
53812
16704
38468
36915
22435
74332
90599
24010
71990
4538
49438
63609
13039
76752
47038
56137
6026
5273
13025
83607
76270
81936
14473
67994
42548
20579
54923
68035
47476
25658
14860
41560
74945
80562
90624
65471
7040
25841
9529
5557
23591
57763
44898
71502
67807
67923
26987
81434
57255
37020
55773
23347
22027
66254
58088
32477
77953
52502
59470
10133
21112
49905
55728
15168
11270
24510
89482
35962
53596
49724
60799
16896
77134
65667
40424
22684
95356
53268
203673
91011
25246
4854
34348
17406
89821
62059
7759
72633
63375
52844
23721
44662
14902
79138
64160
27588
32000
31869
28877
49268
20076
8690
34973
10935
32581
53450
7215
21843
42790
63398
68323
27956
44513
52594
43494
38642
49871
19110
13560
29215
23141
14423
35624
26579
33555
23846
5368
40638
34171
70860
57450
25103
5756
12288
76421
7933
42272
25131
94943
42695
62932
75495
57513
11688
27443
86917
88251
25129
40260
84513
40633
35489
34943
66473
68036
87819
34956
63731
58752
16472
19616
18515
60532
42728
33066
39724
38681
33753
20250
29033
155793
59999
3465
84948
16644
54383
77654
10618
33182
37782
28017
46291
11871
37838
47023
35070
24247
48092
50725
38613
42598
32995
38322
27274
72427
5496
30806
54556
28843
38478
26278
4515
11824
12550
37799
37358
16268
33455
63946
22970
31307
83321
45876
7195
49999
33192
12207
74468
67306
20948
49288
21636
4539
5633
50877
31339
11209
24498
65193
34380
45444
37585
9352
81639
7518
12040
30889
24034
77830
32859
31205
42132
68802
37180
15759
90359
81930
51184
83698
169629
24363
8669
30349
81714
56214
58785
49882
28617
70770
77573
28496
47762
41028
43875
85723
32685
12582
47925
81985
19412
33289
183849
24960
27362
77944
10928
39160
5186
54723
40865
64913
73922
56613
81418
54138
15585
42679
69977
24213
70918
39223
82715
17096
37319
76776
7445
38648
87710
38619
29293
12322
44886
52305
37890
53782
78976
37249
80285
60687
34015
45750
9062
79690
90247
53435
93516
40516
4380
34587
27386
26024
39800
34424
49056
69596
11762
49007
26649
75809
34473
12626
8681
12294
65990
23722
31243
38769
62901
19323
93225
33874
89572
77227
26105
29864
63154
2163
85983
41111
46524
22843
24929
38759
19991
85961
24221
67238
19718
80824
55502
23144
39105
58423
27573
25420
25380
26185
45288
41143
63983
13167
3740
55036
48310
15548
88372
51625
158148
95215
87256
74204
56208
13687
32332
55847
41419
19859
41125
59204
3461
15301
30545
78105
22464
43831
37388
52462
163119
26141
42723
56130
29149
28230
18053
222659
11143
35258
23367
21415
72194
22080
17861
8829
15925
69400
11374
95122
30421
76781
8010
17336
78338
17062
32673
31462
53412
64679
54668
53265
31954
237528
51400
74128
15645
41762
27196
11518
34024
31209
60111
44679
37534
60712
69812
33827
85881
7847
76901
9749
74441
73058
67850
37047
57523
50897
22930
18573
43408
65832
50848
79302
65159
56652
24109
26921
21279
26150
53124
49798
46351
64196
32736
5628
40645
41888
36793
72314
63734
90897
64958
88881
42000
37732
56803
26933
28020
24850
5895
59660
16516
49245
35867
38505
26287
33344
27226
29975
45395
77773
8263
64809
32304
72645
48067
49671
60995
13688
15171
12333
23323
52975
38129
36717
53433
11442
22309
14355
23976
34410
30997
43296
20115
50583
25150
67293
12608
78979
28785
33130
2108
14220
26736
15857
36724
2916
6169
33648
80221
19849
39024
13460
26561
28171
26715
37696
60339
21283
22964
78530
62816
224218
8519
52685
32462
22523
8849
50123
91907
53389
55387
75618
10025
45415
83052
26574
75810
79949
3373
23509
81060
34093
33609
65444
16304
60337
39801
37245
40758
51467
43055
37128
26972
48062
32280
22070
16260
13478
42629
68470
64927
30399
41944
14592
23732
44551
37399
62780
7048
28874
39873
80111
59986
73228
15366
45648
92005
21439
59145
56949
21925
4957
45472
22747
47601
18918
56953
69245
89958
34537
75002
78406
93840
40086
77320
25631
16815
32073
25811
53170
57227
67592
35000
46660
63668
31586
29739
34224
41063
73150
5636
46848
4768
9737
48631
139886
108622
115452
69191
6189
63990
65908
58992
41929
25093
78670
4408
30450
61171
31080
21971
70052
74119
10767
2457
81108
21732
80744
23434
79102
7362
11877
33019
8271
18719
45835
62710
42137
32440
28208
21964
33492
6759
20719
55072
65882
70620
46581
95021
67480
10091
31917
27420
49378
63501
8865
38676
69544
36816
63186
2547
12097
6929
22965
64753
42214
82480
43910
16769
67185
32639
45236
12048
19957
31435
36864
20852
36109
11572
71601
80132
12018
65368
33421
67572
38703
93553
3962
19986
38315
29665
1333
13756
71408
38045
64197
59386
89676
46792
46841
5535
10200
70908
15309
25675
66359
64484
1749
39528
29178
73637
43678
61829
35083
25597
32506
34033
71144
7676
22910
91332
41086
84178
44392
58932
36265
39958
49162
85632
29434
9346
44404
57242
193426
36591
19722
7768
84078
63165
37752
19011
59308
33687
21567
73081
24676
25647
26763
25917
62047
77106
94901
19739
18195
16397
58943
7880
43290
27289
19199
34060
18201
6336
35765
64164
64945
22876
49054
49657
54677
19777
15467
31412
4940
12969
94878
54056
65533
72505
18800
9088
7118
76544
30642
79199
41103
31843
32364
56901
15318
40457
53073
43390
32425
15557
23001
22711
44369
43355
10027
29797
19463
25591
86281
75128
76951
27856
43156
72641
90109
41377
59143
24952
74683
47688
32205
78638
22530
18894
39651
61332
44646
39095
9805
22532
65094
4151
161867
55117
53701
22838
1967
80037
34781
6347
12275
10310
13882
35308
83599
30699
14548
14568
218989
86323
195395
18215
857
28297
14305
42968
55333
62581
59059
74465
81800
42205
47472
93243
39347
62836
27168
85649
16934
7231
37427
36040
214302
40669
231213
165256
32355
41970
28431
55772
90923
88218
71969
31556
15710
3306
67511
42647
88257
62945
40752
46979
34204
24970
69558
4320
91890
91959
15741
75958
51815
36035
24761
5071
80014
42544
72079
23727
24675
60653
41667
66739
25877
54467
85736
40220
78245
20118
58138
26495
45420
77167
69256
37068
78605
37869
61116
9702
29944
54167
66162
41794
39278
63597
42022
32811
60344
5800
40770
81329
101963
147483
111330
114381
111734
36706
59403
84609
61442
44773
15490
64073
7329
103996
7675
50599
11083
26852
72493
28931
34419
43762
71715
7825
77947
12819
51812
21824
42111
85319
12952
42142
35719
38431
42802
41587
60493
41534
80350
61769
65419
16321
70278
74922
41499
41717
22389
44137
36557
62096
38631
82295
68165
24168
34586
30340
18757
27124
92266
87275
84748
7863
88110
66730
13797
54195
48300
23015
31030
31820
73380
40945
10859
81802
25731
50348
75457
68891
19216
15118
25283
12132
25667
31619
77142
69876
88478
72624
63711
30561
57209
62595
37303
14332
40894
49012
24721
47368
49571
91413
95482
64560
50535
14983
47290
34362
33662
19645
53306
24291
68599
34933
14064
80841
15225
89316
79073
32707
38673
16154
57964
26044
71651
21275
27334
88049
27528
86308
25636
83176
23895
13606
27518
3698
16212
79641
74876
36086
23788
86313
46191
27829
39761
91694
51212
8898
28949
75200
8648
85238
58574
13575
42268
45437
65751
41128
4898
75520
50803
68434
52935
53557
78677
73387
45580
10315
21714
8458
80463
79390
90102
67600
50561
13586
93504
11195
57292
87719
87008
14883
64606
5740
45286
73539
85703
30427
81298
70037
78570
33251
56761
47058
16356
69228
66522
50531
88872
34135
39717
8611
32615
31991
7660
47774
78349
230105
246262
46383
23313
88138
75127
83680
79858
38148
33584
88149
16285
89422
75136
25140
10362
33210
11425
53788
16772
76235
22986
90276
21941
26821
8955
10501
55906
63573
46204
48042
48087
90788
32711
43735
37705
49237
47196
21859
88332
70512
14692
82049
42216
11915
61009
24283
26414
40331
63880
47328
22884
17768
41017
38372
71471
22401
55360
25609
7710
50808
15062
44889
67988
48604
89099
93367
32641
16768
20360
26735
27401
50463
17476
55537
17123
55114
29326
32923
54821
26651
51105
50845
86872
10294
48891
60436
81653
83501
37726
49966
38828
191771
42133
32191
63099
2475
7396
92869
19355
37681
50971
63577
6622
43433
12498
13757
9516
27479
53033
77107
32084
29906
55595
9547
32021
78649
71097
66862
84152
54837
14303
47159
27592
38680
92942
81051
67977
24786
34578
47366
66533
90984
95309
11210
66282
35318
63616
46519
70381
45514
89975
42021
76507
187221
31713
5852
56866
59653
43511
78912
46105
90612
55046
88278
55955
43959
2949
41529
16775
11922
67630
14439
90635
15831
48117
92495
40506
9478
236161
26313
35653
84301
58795
240475
26727
42673
71302
199296
59162
59675
6068
29486
59442
20981
199592
94395
181698
94709
58215
71681
60862
77367
59860
45350
40496
28016
89392
19452
40635
65454
12212
20995
87666
21856
43414
38496
62162
41718
40619
38847
27292
13027
26772
56194
65652
3365
53606
90940
27972
22367
14556
13598
16351
47505
66821
17112
33403
8701
54027
13463
24038
65072
76590
38532
17535
48860
25801
85261
83853
20256
91158
38581
71236
20552
21868
70688
72210
66848
49705
80165
54621
38935
86389
17418
79731
11260
56689
59422
16477
34506
65749
95260
54600
83106
17462
48864
13279
35853
49899
73908
66659
31114
42617
29046
14460
81527
56335
62578
18063
21561
6428
4985
35680
28565
28889
16294
12385
18824
66447
23801
10437
42529
55024
39490
36500
65480
61797
3132
47464
10089
51448
87781
88318
84364
86570
24442
85544
86015
35395
25516
53622
26621
85127
67365
12251
46079
46983
92893
47841
66041
67775
70735
84273
14664
38538
33154
66454
33785
75027
36955
78792
18545
39289
50944
18927
24411
75396
5080
28427
45165
59944
4867
36036
81899
92209
2159
37345
184050
26417
79957
39249
48430
7983
25550
55120
34771
35118
23520
31118
16258
21811
18689
36934
30969
14153
19473
80517
67871
44790
58362
67680
32696
19429
22650
63008
6104
75185
19364
64531
45003
53893
37653
25711
84194
46421
91059
35146
65507
13826
74367
43929
42288
36333
23592
49733
49898
19517
81851
48872
86365
24751
68738
51288
92813
64355
18512
35419
35110
14415
215902
29595
28706
210855
216248
17320
61825
71528
17470
226661
65431
58124
16598
54866
80699
16690
14011
55189
50508
13023
76819
4608
88634
79241
43189
53132
68890
78442
32929
17463
38196
29770
25073
16972
71448
51156
57540
19740
93375
92284
155029
92096
201975
35127
221522
37014
5970
37826
3783
2816
31814
43004
18651
34970
32603
75048
63281
57696
58579
26489
79687
79266
38194
76806
79404
14354
37416
51733
70629
73416
59139
40503
41244
48564
18751
23559
63077
90766
2666
66517
74581
60100
50933
73276
39232
47309
2021
41311
16132
63553
23997
61114
48165
55839
18010
7826
83753
39757
17565
14654
8651
49193
19910
24470
8521
76226
30916
39084
37109
22509
54437
82980
60922
81349
204369
62505
19673
222352
240599
41770
176881
69902
92677
6186
22123
200272
227997
35799
214244
65799
89739
70619
86019
34570
11476
31992
27860
63475
19734
63964
52533
4239
46032
84418
53515
3664
48549
91939
36369
92201
61556
70157
20460
26807
79946
27015
48625
29850
78923
11357
34529
78341
83714
35787
55951
85749
49285
20308
49262
38810
26067
27737
55145
38294
35718
70092
91993
44100
39461
90266
88952
4763
29868
44987
246561
9929
47010
55627
51509
84430
72954
57196
35683
79740
16955
60522
14080
4358
55754
25339
28395
41746
54265
24730
76230
53977
40486
57200
31063
73695
29143
32985
32157
26189
79052
28068
3785
40581
66246
71150
63068
17737
52615
51859
43155
80387
57449
62116
58467
37488
82206
33488
17126
34531
74056
223865
202034
171220
177669
173291
87937
43391
43649
227343
7965
186879
207176
164497
192137
181065
33974
234697
74391
68298
162987
218377
187086
165582
209885
245580
73942
159578
206542
46682
36250
158215
166309
203709
40314
79403
170472
173878
74133
50033
48671
192811
189402
156510
82470
170367
172214
38485
166033
5322
177485
162590
168723
46031
49440
64057
58142
45174
3351
36393
39282
31997
38374
20988
55293
70321
88379
68920
30154
82059
79707
11478
76494
6740
93719
54620
38442
42200
27587
33871
46700
90040
26362
14997
21572
81970
16703
25369
16900
48757
61857
92689
42613
21299
93616
9797
53353
23712
50613
16565
20189
67095
30174
85186
41606
90939
29279
20475
4629
13151
52189
6164
28104
65737
89370
92278
83568
4198
74464
89845
74718
23357
76991
35044
66428
95017
95580
45811
72983
22626
28837
25573
33312
91629
57890
56670
19384
46517
79018
242490
205061
34497
47453
76345
59333
31436
17751
31392
77882
49776
67149
80989
64074
191280
19465
7482
9921
23458
79164
46365
60684
56567
28778
54638
65198
79220
19746
67526
22331
30568
75188
32842
87076
89638
45082
20246
94446
49761
56165
17130
78513
42012
66786
95529
30722
44542
93244
87207
94834
88108
44842
78083
85366
88283
69355
87882
61932
43409
59229
26889
22674
49830
37986
57851
18205
68346
64349
72858
3831
63754
36188
39794
55658
66561
35050
74724
75222
81872
93490
7600
11836
43424
27341
30758
25034
26502
45850
93618
29609
26876
45429
80785
19921
48128
30595
27208
85350
14035
26159
77044
13423
6274
18514
16272
13129
54889
35153
68293
16497
49906
16404
36592
11075
62879
6717
63749
56638
48548
100226
95732
96008
103526
96422
96027
100449
115437
53674
70631
96334
96164
101462
95769
96666
95803
107896
28281
95861
5994
58207
31278
7150
29467
59572
54978
21879
56064
70604
21773
71655
89434
49349
18127
26512
36433
18410
95756
96054
162
34914
96338
21454
97232
99817
246
96362
95777
95747
103595
108033
95735
95985
96248
97107
96118
159146
95956
99403
52741
13317
42601
54172
100900
97909
96585
16624
111388
147343
55655
36424
108573
141817
4969
101772
98151
9234
21399
49334
39305
69041
48624
2300
83212
60477
68066
51492
20775
63961
42326
19884
85031
60676
90034
44007
40393
58237
22455
21481
49972
17176
57807
34283
87636
87140
24403
73318
44446
66322
37785
45035
95409
68527
58697
66269
14764
21080
83648
91340
47380
66724
48887
12986
60607
27238
51139
18376
68411
83484
8584
95656
21592
34557
40912
92967
48821
46348
11231
8531
52340
67179
502
60917
60133
27991
61358
33387
70536
15753
79177
13708
81079
69336
66237
25480
43209
31793
89029
87151
59795
18407
62007
95149
92007
68659
45343
77461
32088
40059
19444
21420
58426
73693
11093
23435
72186
59898
35889
36117
9216
42797
19732
65268
49096
91251
11259
30567
50506
18837
63681
33476
70271
27628
43922
18874
53548
92614
92909
39245
11474
11941
71120
51503
79750
50810
80816
94696
61421
24462
48484
9242
16345
79512
79894
9802
71761
38464
26255
175267
84779
60513
82149
84754
52136
84877
76284
69658
59445
53597
76520
15140
43323
50642
20943
52657
13712
33161
90268
36027
41798
56588
7666
79907
68699
55278
90027
95457
52062
74745
31485
57735
83729
77703
43527
44635
76101
81247
32896
14964
9725
51171
6196
84098
42425
85155
28094
90771
55018
61072
35807
46435
15006
10733
87128
83372
6123
15053
37657
50959
48455
29370
55794
38115
95168
63440
85612
76003
59713
69705
67537
13896
76151
53298
16837
85269
66169
6976
29664
19575
12809
87419
19297
34866
70791
18357
43137
53390
46412
76852
72809
89254
60782
32775
45753
64313
66038
8657
39982
14863
77999
53524
90551
31356
22493
69599
15779
47530
88723
47975
9418
21906
10093
82418
70290
56315
53415
74363
22981
34991
78994
95427
65110
65042
59281
46247
62143
94355
85303
71534
14685
64032
52279
38353
40610
82739
53483
85286
56007
37336
59735
7245
32751
9143
23515
223487
2975
29532
86037
39448
71962
70243
19943
13843
70987
38076
50342
43310
24173
73140
39822
94976
85027
27523
87534
9148
8733
24887
52326
38008
31262
54139
89597
71615
32819
23594
36241
14980
32656
24628
94194
4136
37527
162281
40884
93997
46595
8622
12188
16965
39880
19145
53503
65608
52457
32578
38779
72824
87605
84142
79853
91925
3966
61458
78147
16336
56684
55882
55647
13337
53291
73576
55138
47264
65753
36962
75440
80257
71842
57160
10238
46096
79774
26369
88106
80243
78817
30153
32986
55823
41212
56543
41425
75835
51191
95479
61036
31672
79377
50265
88844
54374
71299
70948
62095
49501
62225
82625
14373
90222
69447
13623
43565
32760
93370
19310
26540
36315
19307
65414
80804
43698
38863
76753
11170
21303
11309
67821
22637
46656
68962
75807
10522
53878
2711
90164
24624
30084
25009
43352
60610
16095
71516
73211
54392
58606
92382
38049
66751
21390
92904
82428
30484
32169
90898
10847
62992
21272
191833
60154
38314
42625
11932
15846
65447
30851
43692
48812
27229
52805
36495
52486
51748
77414
41848
82699
92924
58046
33014
11565
26308
90593
85576
23046
17526
16341
14033
56427
239735
48663
64546
6055
39068
47661
41357
72355
71154
170057
69992
22675
155322
24736
212256
84903
14105
82212
28433
23494
200591
70147
88719
186204
196264
31823
233399
182326
27789
64982
28527
177558
98979
201949
64735
235357
42774
45665
163324
164488
27105
13647
65041
165472
90165
161910
15966
47538
89133
29652
219620
197378
155884
180497
206817
242203
52675
165765
45030
11804
19542
39319
21697
108270
177897
23044
87337
189831
195372
208653
163307
233384
24145
4122
1771
96743
185287
46589
207550
8249
155023
63889
186866
180398
64857
52419
52055
60705
24696
89389
18339
42648
188023
49624
19408
194072
152412
75218
148916
73411
37643
6182
97363
167073
245787
100383
87189
49785
87571
54331
237309
70602
65740
223525
98371
97541
218979
35220
71095
56634
44178
55154
233472
72984
90375
36779
23953
99019
96427
100412
103151
213015
193828
191042
21271
48560
206921
99313
247393
174176
32151
209861
69111
69673
28290
228749
54141
29522
198070
37749
179343
69975
203500
90630
216131
36278
222794
71167
176193
89300
193825
40542
39915
24070
158936
226903
170693
155415
218454
67866
94427
39117
181910
26663
49045
43349
157085
225387
232188
68120
189460
202383
150163
161592
167075
159053
78413
151243
43535
164377
96623
96385
99335
201555
152657
231244
71733
161274
199406
199730
196856
82612
81867
68794
180023
27990
90061
228783
95216
244090
52254
187866
41962
16961
19493
27581
227761
40170
51381
199982
94705
177483
10256
6975
30732
59564
65586
234330
237114
84743
165928
3452
53076
244960
45932
157898
186421
64350
174481
110449
166019
25114
65623
33390
80619
7248
215273
35778
36582
23624
21741
90675
44043
164840
238266
62459
97845
96453
104139
239872
42957
68506
65924
92687
42048
88280
66205
181013
50522
97609
62149
44477
219342
7799
209638
46506
238572
164033
36714
44622
190971
217980
19057
195521
92867
19035
201123
74951
189375
52033
212224
90095
77295
45683
29649
22840
34985
31146
54232
93510
212069
217266
67993
221636
48398
156983
81148
61766
209876
37301
29846
89637
213454
39535
84080
88594
52795
45777
47740
201365
54603
201308
243013
47747
36613
56874
72827
27282
236526
156780
243518
175815
193336
81383
49683
1823
59424
15427
40673
221046
84957
86341
17547
36704
36507
19994
36633
225807
39892
241045
10961
17088
189373
244941
75073
44932
75759
162619
50647
204581
203573
33106
22209
34402
204959
245058
82353
41014
3917
60880
72417
161224
189424
83735
71010
78089
82901
81221
189123
187787
65970
87802
28098
161092
103148
219174
178599
211710
160102
206664
45119
30342
154170
189260
27488
24915
48254
57684
59924
61518
99893
160013
182094
184760
73235
68579
46172
153468
83280
157526
234918
116685
101306
246919
192398
14578
243643
245889
23534
33279
97831
193381
194323
75928
83724
161157
69857
37845
79295
196499
84636
96433
160950
56404
20437
48308
189341
95491
87885
24507
3271
79205
8325
81616
163364
227991
99276
107719
154330
49720
195121
154532
42287
84023
208669
33151
15802
232097
152510
81878
30426
56146
72538
100291
155511
208707
159182
175827
74244
92456
14420
45002
12093
54499
78555
89699
44947
48391
91935
58811
43592
90383
37807
82995
57655
35983
70217
62981
64076
71984
81590
56507
11387
38257
13944
56354
7764
30357
54671
56730
224612
171253
26702
15598
57115
38706
154572
87451
19147
27770
46224
18861
6965
217915
69169
56784
75559
19176
59941
92154
46536
13285
62488
24865
13355
31721
38813
76356
39321
77483
9916
47443
18953
64961
223302
33274
4201
27683
58928
31111
60507
49530
43089
25378
32874
63767
23134
54779
61010
210529
28350
91424
67402
71129
197062
21040
12407
87539
43398
70851
94295
62189
58662
84724
81368
179126
33180
52443
238913
86498
20293
56325
51175
218800
86131
79814
75024
41692
46968
67186
66414
70628
25998
46559
18778
43250
50931
69859
35619
33632
73148
21382
65003
43736
57706
91805
75890
64956
10773
65259
93013
78588
75570
89349
58192
30755
43752
66412
91400
38896
25654
164010
40891
81728
87368
57809
95151
91409
28719
58194
55311
66420
84333
80019
40233
75509
50663
33311
78705
31574
59980
43866
81355
81485
50320
25174
67505
57376
62193
91006
71850
55205
44307
30696
51337
19796
56403
44990
86046
54628
70207
37122
53772
33038
69493
84292
40146
21431
45034
65084
74512
32542
41306
51237
79409
75038
87118
40174
47130
44367
55452
56239
34517
15608
55331
27548
90495
4352
65105
49386
59224
93258
54225
231830
161076
76458
185953
76417
23936
84647
82488
38803
46877
95547
6996
6446
25977
50433
83399
57996
88497
56995
224535
50558
68302
42942
236084
59589
52556
46964
89944
70329
76330
20598
40940
59295
86174
79309
90060
51004
42949
27917
36680
89258
72391
58656
67664
83936
80194
64263
68028
81521
91174
55084
41141
55185
13156
10044
71499
61253
70180
8450
66171
25192
46676
44120
71594
44081
218229
80087
79042
61075
88130
93574
28012
2237
161774
89543
68072
24651
41931
42974
42004
53682
32102
187099
69143
72896
46257
9744
42290
25628
32122
60482
46338
48519
79212
16329
74694
84976
46344
34777
67566
47374
45102
85665
94935
57902
36220
42672
48815
80555
73608
48322
39484
86932
176585
161847
46426
53787
82551
161931
49367
82266
150922
55076
235016
73791
32893
77328
225732
216374
15113
18637
55560
55789
205129
194827
64487
72866
69468
44214
214719
37104
79229
84259
59892
75745
174648
47718
64281
180547
242574
42638
45902
35542
4232
48282
72218
8360
27804
49463
61732
189852
26227
29960
14734
84776
78606
24983
59605
21947
48369
89562
67828
10001
20449
13403
71065
45592
37969
83835
54867
79657
211614
77704
32428
73299
82956
32143
57077
91240
21706
31388
22177
4872
94246
89538
44292
84992
49052
88989
45838
69898
74614
17410
26026
66327
3169
93435
84457
89784
83312
34691
53050
80961
54929
61649
28856
59365
19932
37326
40432
33441
12054
48409
73993
31762
16378
24390
244315
42104
94527
92749
231969
50436
25020
42332
19939
71475
196349
30413
63256
74667
59188
71976
57933
36641
44098
28803
93655
62094
21189
75515
56031
52434
56871
17331
81362
208489
24947
39287
44841
17949
46742
52483
69285
51007
27831
81987
70820
74863
238448
9821
28881
13903
66918
74189
12902
21214
42373
14622
55687
31494
4657
245527
198905
182444
182338
24599
232050
165817
224104
45520
164983
199163
225746
88548
209155
7636
195112
155645
55989
94598
184406
226326
214955
243134
226415
189454
236341
191773
184356
213814
159408
208047
84276
62647
33374
218292
241910
236550
209742
201159
157233
180384
194728
179209
201490
84448
196778
185391
217439
210601
186146
212148
61821
196542
189814
205950
45381
179412
231667
208235
194249
166645
212978
184172
73264
206222
85689
162822
166625
187908
213992
84096
176897
188098
194623
180307
211527
202289
161932
225961
193434
187862
208995
34715
185421
204555
239249
203883
176991
236197
45695
85834
187164
185290
110894
100068
121707
139203
113134
99639
139034
101725
142349
109541
111700
132491
125846
130231
134421
96417
109134
123198
104961
109626
15540
30918
104204
149956
243881
236061
231208
212554
181992
110625
185832
187217
247343
152622
191608
222955
247717
108565
153190
167090
189957
168460
204002
190412
152000
234782
240801
206006
220472
225717
188055
179589
185254
188081
152996
224655
160257
39468
73594
31766
14004
166800
209058
151189
155931
211899
226611
168507
238070
157863
205629
192890
205235
246708
213996
238188
158293
166878
186388
157532
203845
161313
176081
184428
155938
197095
232782
180251
243150
216808
216215
190028
198415
155572
153799
162072
178402
199151
195076
155747
151162
244110
242613
24901
185690
43164
239588
178109
242164
185073
79594
186872
51354
181349
218290
196255
162744
240162
197766
163970
214756
72478
157640
224694
213379
200051
235624
175312
4510
239623
220695
214594
90579
243480
176934
191870
81028
199050
81195
135326
100849
99974
98054
121762
129501
118712
99965
119608
123618
98512
104753
129613
100017
100110
97780
132072
101190
112317
101819
109002
115105
122037
117767
142705
101928
138763
101428
96226
96202
64056
99096
45557
110948
96989
110822
98866
120012
99621
100061
116002
120918
109428
134272
141520
121103
99688
28392
116796
98548
145188
103807
105499
103999
124973
111383
112000
101360
100708
98005
111465
102202
100595
109787
96547
121287
104135
109407
126920
101630
109314
96425
99547
142153
125211
103948
104492
119073
101856
109403
109346
96928
114334
104021
140580
98947
100758
118805
101631
120398
120126
103352
101849
117385
112775
96376
144611
113145
108777
98712
101399
97260
96535
112838
107821
97295
99021
110125
110171
135443
111981
96303
20828
126791
107672
97755
104723
96855
97951
220021
202064
186107
166593
23640
202438
160786
150679
212159
239206
159757
156129
200960
170674
195789
213668
199548
192978
179392
167472
155053
171946
148656
235996
181661
209485
234784
152175
181847
199463
212369
206838
237655
158674
154317
152703
149745
227462
213331
223104
222417
214630
246627
157892
178543
219197
219032
152987
193818
154635
152933
153680
236525
213385
229088
154836
173346
239056
161059
244279
231614
173271
172390
182032
166284
176108
207397
182412
204541
174249
161457
224542
174583
176952
180666
222062
173891
153545
205858
192416
185531
219922
150805
223381
200972
183440
210650
149014
176066
231624
230714
221475
232298
158574
241494
152754
222986
197664
239505
168664
197996
191527
150365
217934
158663
224503
176509
178747
202670
37246
158168
156119
192173
238602
206317
150338
240844
222529
206802
175687
185702
212979
183823
159100
188398
178217
210106
179713
204643
210107
232289
191032
176107
221466
200320
186056
238405
157948
241512
181498
220296
211485
148722
160482
228296
220671
217382
209246
176291
198609
209925
224515
245399
197576
190201
194714
191978
193488
163022
182576
209969
201836
230010
192037
217819
246109
186255
183874
198867
230296
162084
177919
163030
94930
207014
218869
185297
163971
78669
165782
54223
93523
74810
198537
224994
176439
68814
166678
166901
56587
89792
192063
156639
153152
161265
185194
245810
60308
172174
38963
199051
231158
212223
9470
3360
186530
62523
208202
54676
171762
212932
229166
57226
220804
16925
217982
189164
33885
237767
155375
217395
165251
237241
174672
157281
209361
193038
231587
200720
209308
176293
178885
175939
179353
164347
151091
224161
206258
198360
160157
196480
156172
192909
225645
154876
240585
179763
227158
206623
186109
203382
224917
164372
210224
180914
151048
230540
211175
161993
151894
91239
195866
91749
235984
182246
5993
157299
193086
239612
195566
38051
87434
193413
185380
235336
55212
81670
12257
205663
244031
82920
1329
242479
214628
213124
246276
16495
192317
239605
242373
207434
156544
205122
86413
229988
66693
164031
157132
223971
244683
199176
35802
204030
194506
224199
53884
203300
205651
41800
243789
231724
181430
186186
164864
204167
179292
193910
217281
208097
231014
179089
87211
182349
59038
190724
68425
58689
169023
164559
228465
236354
230537
206236
85788
198992
203388
204760
239474
180256
194556
215425
191698
178142
210377
59371
188965
188178
193504
196143
75254
175899
199901
92138
47754
203158
217508
57626
23393
40133
187907
154194
77582
224983
240246
90816
163875
195910
197427
227981
239187
173429
188745
72482
227868
215127
204778
204103
225573
189306
207750
228491
224169
178141
216391
202850
176003
59937
173352
37736
47239
176707
74160
93537
77378
192918
212253
82012
227744
94891
27798
87561
199555
198133
195794
174945
90964
219286
199764
154198
163644
200038
188472
238041
57157
80200
240575
40750
216672
215371
235236
217971
163489
237338
183283
209258
78849
185602
193109
218352
237605
190065
84467
244502
167598
210349
181348
197460
206395
56221
55236
241887
231697
203440
178156
73793
197893
206774
221827
87638
81516
100113
105043
109455
112164
104012
101615
116245
126123
100621
98465
101609
141624
101795
96216
98645
131082
102239
136241
112265
127749
110909
108800
120818
99207
109178
112318
109043
103187
118260
132772
98893
129952
96593
100045
109844
127910
111339
116806
123717
134941
108887
112056
109421
132777
127975
116259
109258
146137
113567
120531
129262
108702
105460
104162
136088
5768
144697
95923
146339
123262
109587
144343
110544
137879
145966
112106
147154
96997
110228
100611
96302
108994
111297
112213
112721
98897
119717
97624
108571
124418
100065
131520
115902
108600
115487
108733
106330
125101
110928
117680
114844
106338
133966
122986
104168
118683
117369
143417
140978
96270
142623
143879
142065
111088
116461
130805
112119
108959
97070
114794
127412
118119
109057
131158
246897
103804
110799
100807
113172
103865
137159
135170
120027
121407
113280
126533
116123
109453
132085
96059
113643
96683
97435
142804
116122
108663
103857
110531
104310
104402
112330
139508
97459
97065
112435
113129
109843
117329
132570
98657
113916
112878
111942
148048
125362
128416
99122
119161
115337
138169
112797
101836
110187
109502
102187
103814
114203
145562
116962
112433
101677
118983
99577
112987
125313
110506
115775
121030
104480
105915
100100
102764
111823
147631
109050
128825
109034
128393
74299
98420
146366
106442
126832
128398
100778
131346
146605
145051
124808
109326
112280
113214
125695
102723
122390
133737
119900
110270
127584
132861
101092
103815
101786
103774
96853
96576
112694
135588
102230
128532
108753
99429
110075
110953
116305
104661
138391
137046
108641
123752
99156
112620
98934
139155
140645
117412
112220
109861
98279
100744
125086
122388
115726
100649
104712
113667
114374
111901
99980
119883
109706
138484
126862
109888
108608
116154
98277
99240
105492
106689
133031
109310
116855
97813
124595
106799
97855
96635
46794
109276
140242
110076
109147
110139
128697
100018
113790
133027
109832
104799
108580
139392
113148
105988
116325
125702
96502
143071
108840
113054
114504
99205
109617
130380
99204
116109
126465
111278
104653
110374
141004
113430
123017
120048
103974
112256
120650
111603
117560
112680
98081
129753
118324
116093
113871
116903
138209
114081
141790
104957
113650
110617
114294
112270
139045
125971
109875
99490
123437
141421
120521
137749
108896
100769
130536
161680
207889
180257
210091
198385
122340
227747
125845
207079
99069
96897
184221
247618
82749
108154
200544
247390
98654
180515
198396
197141
185600
192691
184307
210607
178781
211252
239643
102978
235697
112040
247921
210904
229431
213254
186524
189952
247224
156633
130814
210895
200452
243880
130130
194010
192995
214790
160611
247227
192485
191220
159930
147440
237815
176429
97312
190873
171937
193478
146571
236743
245939
100620
105016
248027
98058
111247
218080
202332
140692
199549
247690
97245
185634
247552
243096
245275
213611
168185
111577
246932
213224
204232
247954
233561
248004
162247
152724
210486
207272
237822
96157
212680
193466
238059
183924
126153
215558
50795
118306
247730
177791
167137
99814
242041
236175
247877
188387
110860
200976
247986
167701
116442
206013
155362
207224
246845
197072
188872
152293
157626
179576
189824
187471
167560
164550
218442
247007
131172
246819
99801
189614
183729
186337
175440
206698
243547
168764
177941
181778
160827
243329
159063
214024
207424
225966
198593
220342
183875
154371
186557
221736
182062
223596
184650
149628
175861
216661
156630
209309
220084
160776
234728
214768
220071
150831
158068
153626
152593
179686
219977
222354
178915
168913
165343
214767
181846
156976
185796
233150
154126
160396
235631
154776
6910
224520
245219
204501
161726
193824
195961
77922
80446
198956
155619
209418
244537
237414
171555
166056
199641
196950
198186
234274
160968
224760
189275
194634
198836
191238
208565
195124
230696
224494
210461
194231
167618
225080
231488
213817
163984
210001
177466
159352
193455
183220
221687
162496
229013
163793
232955
211982
239746
191826
155555
158087
197044
150468
162907
230587
155530
195952
201839
156929
173389
204922
228886
164468
218655
227431
236466
205691
219321
222507
167102
243991
243313
197006
164453
198182
181227
230625
158508
215017
218630
218501
228780
204236
151181
166247
162768
238622
233586
203403
153358
183680
188867
220534
243911
181662
75400
199512
165381
162964
199797
163974
243685
183675
227031
199843
196132
231936
230860
219212
223534
202987
177441
19686
197949
180372
210002
206278
245155
151470
173502
238843
186826
184786
163182
158636
246240
211226
156557
226150
178911
212486
77289
184188
225607
160498
210151
198655
11267
66381
242690
218720
222165
164764
170921
195792
221627
209161
13028
227125
226094
166075
158493
233125
157376
227973
180852
166589
203984
218757
245880
55157
152793
201327
82321
205552
245863
205720
177475
153041
217600
242561
158273
176741
213651
191483
191882
157965
225339
221863
189256
190014
162781
164127
209204
195634
157812
229504
194792
161728
153633
160031
216555
184965
222535
196124
213361
224905
211704
187085
232615
210464
150935
208344
165941
192741
158119
168565
180749
224910
227543
227574
234628
223471
218860
48520
48674
59221
75756
71775
222654
205188
24941
176559
190085
212367
77314
186110
85879
210060
214911
191937
70234
43356
179615
161229
159788
222429
61225
166963
238902
158050
175395
216558
175559
174663
195571
206880
80716
157346
7504
56346
183141
89878
161811
201771
167428
204217
198078
200557
88487
35722
9256
151580
200230
234175
29068
220473
218828
183360
223678
224498
189211
245242
202050
196614
66455
221045
182947
214420
56510
23338
235262
161315
179247
202200
231060
226632
10272
220617
242851
187241
45979
23069
184366
245345
202499
239091
180098
44205
6861
16939
63602
61011
212743
227021
28355
191669
74200
156669
242383
186465
244394
161648
173099
239996
238461
75231
212062
173021
178700
65776
211327
220881
185352
58535
176743
202307
204970
218375
204803
167763
177237
175533
238980
79792
93216
236616
38804
162795
71473
192960
74410
194317
115291
105206
98113
143291
141566
124243
147670
112868
97589
145214
112550
100772
108764
103755
96755
143599
103161
108725
105979
125648
111807
112150
97185
128653
120343
98803
102314
123015
115340
103876
110496
104075
40131
118821
134167
97238
113680
140684
104372
121782
115660
113675
100738
110047
101644
114215
142162
144272
110461
135164
112628
131006
96747
125019
136322
110265
110500
126315
99091
132008
115125
119446
115795
110204
119943
120586
100677
120911
111390
141556
143191
111472
132010
146146
135701
135937
116319
126860
100684
98460
101593
133748
104504
111507
137205
110606
109458
108642
108681
118448
99566
139328
112248
108964
99043
99134
115663
113773
109388
112233
128758
111608
114054
142516
141678
101661
121373
110613
121311
131137
145861
131252
106481
127769
114799
133983
119832
97507
121818
104810
104078
117941
111173
103757
113190
143510
123671
116568
124066
147615
131994
100771
114266
124599
124018
111437
108634
99305
96591
100951
109821
101874
110383
98869
120639
98471
103792
144545
126848
97258
114926
116601
110824
116424
104104
100773
121306
96835
97842
113366
132693
124180
182550
184656
247153
96802
195446
180096
191066
99312
160670
211768
240688
219719
187941
244997
183481
160472
237524
109763
162152
225057
104369
112397
227692
120228
186987
189323
184093
218046
219618
196170
161634
121528
180874
223728
173215
247358
247880
198979
221354
193180
202642
165367
245420
156945
184884
173204
173679
159277
208787
229065
165031
245419
241226
149907
226676
167664
170335
185424
238049
234222
155239
176534
152928
180411
150810
240436
158474
213616
91537
206191
200114
154785
192805
192735
88215
181491
240970
188479
232426
42238
157846
200781
223175
173138
238948
198407
224801
41089
179370
192259
183982
197946
205385
214843
49454
161953
244122
162847
213962
162441
198863
204849
245417
161321
221782
217878
210517
236018
213868
80220
76285
208133
56278
50440
205176
94068
214405
224483
202354
227672
58107
202304
206943
158705
223360
35631
182966
209367
200867
229449
180924
231329
217388
218240
155655
221365
227142
180641
200366
95264
212165
220354
165969
211451
182311
235454
171601
92979
161349
161281
56523
187368
192653
190427
195277
195519
182241
240472
219457
245027
235467
183931
161334
233279
238101
194012
73577
36954
189916
226386
234090
47207
170658
239431
220847
185273
177508
202798
164842
226116
234008
80738
214759
231992
214704
228193
162043
189668
234999
189512
173047
226679
202602
48982
177781
224252
178406
63499
200015
187049
180708
29849
203424
226008
176580
16638
181100
203149
61257
102143
114596
99936
146358
100605
113975
104285
122628
98063
121013
108852
116375
100091
110963
110431
116054
108932
129586
107676
110626
112512
110624
96577
101105
136335
115729
136064
97837
97067
103879
102293
101818
113175
111379
99966
107819
104195
112814
102254
96938
102126
98159
129822
101699
98510
102145
110441
97696
136980
115670
123141
110388
103842
96555
134263
100576
106643
200920
229805
218568
229275
155767
247805
246852
210872
117861
247941
164151
160514
232490
247425
192454
159478
204040
247423
43864
128799
203973
156925
207405
238686
163245
152815
191540
220308
125459
162109
216122
228341
35413
223217
101268
190660
149000
188447
211353
190039
189914
245997
159214
230530
153040
159234
196179
205008
177133
159056
223910
232166
166532
194750
241651
170770
152698
201158
157368
157534
158176
242172
208805
182438
155213
162119
233543
173345
177733
168333
234277
238117
234783
181156
191112
161521
158590
151218
220715
234245
168553
221677
205208
164898
240220
150786
184765
227597
195471
162472
207933
230203
225707
196110
194439
156206
171626
221151
203535
154297
196031
220017
157755
200119
200008
197545
226187
222102
218583
182669
198174
242249
210363
184088
172200
165897
153260
204074
165460
230225
210834
151844
165851
199755
179699
161141
222246
178990
232193
156908
211543
185755
192353
206909
226317
182074
197969
198810
181175
240134
156935
217112
246550
178381
49775
150434
242374
228955
53610
182748
237945
191335
193850
217523
57532
64959
201887
71423
166651
199668
70963
244913
194146
170651
227548
208740
77366
81470
194742
154351
214001
187956
188870
206498
166973
208993
154461
177190
36122
163866
208522
183688
208891
209387
161102
177656
202752
182620
179466
232468
233193
208348
93878
192564
225797
242523
242823
171368
183983
223129
219677
166500
156694
48554
233037
186012
176131
225872
186379
232831
75059
165070
173503
22882
219865
86695
239443
156138
187855
157496
203893
240297
80926
239671
225181
175381
155389
237904
59068
90124
242230
167041
183022
182864
59907
24485
186653
89098
192364
154815
193899
216798
35830
217785
238680
191368
157091
51802
168711
73291
218522
243226
183044
187623
189856
54846
211204
88553
161379
213069
215619
65811
13922
218094
85125
68504
221410
180933
168713
177091
93211
164381
79351
228727
178430
5890
15791
225279
23162
36222
124085
148031
98655
104207
122402
100162
98856
120441
110511
108910
101098
103906
99601
99517
108632
110880
139865
105106
132314
104319
99565
102092
126664
141311
115246
142641
115969
144082
123926
93555
103924
100944
134548
113843
128486
98878
114626
102203
126811
104147
125389
103850
114277
110677
108704
126277
222678
136504
104577
115692
100734
133875
115031
102270
102348
133249
98177
102334
128312
135339
137233
108750
114976
115393
138597
28312
169730
232133
97201
236789
174906
169579
193303
60708
169095
114084
107932
169665
161181
185173
247748
98820
247490
247497
164395
203830
216428
147602
223201
184782
219748
187398
181243
154831
31498
211178
215408
151825
167096
246874
188194
209457
178800
189662
220943
149329
224791
160546
163060
161887
227391
229190
156226
79611
156623
45729
20011
49520
224318
163613
163659
161740
165882
188761
247417
179845
170423
235507
223115
204294
239550
193882
205164
190095
162687
242034
226686
244423
155398
161624
194280
179874
176802
203410
232812
168419
191130
226558
200540
159465
177575
174892
183582
197608
159194
187211
208924
204698
92477
74344
7199
4453
78983
72771
15093
185816
184827
41422
231940
167208
229003
16507
179121
188780
70137
223322
240511
216435
235598
27361
231293
206867
188639
64658
190190
171748
242078
182119
167831
84017
216847
90905
215666
207045
189747
207709
190504
168446
239261
166126
206695
208942
95128
240411
198281
86467
59650
235556
202388
209578
201910
26796
203075
198011
58964
18741
72728
203034
148223
129842
113049
112428
138235
123731
96434
99629
100666
116070
109339
120812
100365
121258
134811
136486
110715
101761
104559
132642
100028
101692
99193
142935
118563
99930
96524
141168
146162
141374
141353
111183
65051
102213
109066
111706
109150
119187
126975
97336
114969
126345
97001
100749
96530
97545
107673
120092
138890
102436
106002
140463
113948
118432
109393
146112
125190
105911
98076
100095
100836
128787
103887
115555
96407
104286
105108
103811
144720
98303
98328
98868
104610
126758
147771
100942
126955
98916
106108
118185
110014
128641
113754
132043
108493
98971
106030
121604
97158
125907
110023
95949
99300
126266
111650
97094
96010
105772
112421
124331
108758
118940
112415
103482
96242
99418
123549
111563
112269
114994
128514
104995
97588
99302
111060
97108
125474
105504
117117
126452
100553
119175
101832
98666
98355
143137
142209
109970
112935
121276
121327
133096
143018
115208
125707
131309
110792
105347
99648
98178
101846
98779
118985
119492
109960
95991
115075
96222
111800
100901
115053
120605
123500
98027
136648
117416
109049
110272
113943
145757
155670
103938
194642
99470
220607
188451
124892
207762
207579
184527
97386
220551
209962
247949
203561
247323
135462
194503
209854
247667
117996
158439
157001
190439
179767
245217
189418
118063
178022
96023
244174
197924
200978
247289
208988
178242
225773
214097
193428
166530
236129
188900
247361
99194
128478
164793
185786
205335
190202
198684
205074
220205
198592
165387
159068
202769
153165
228456
177538
189218
158383
172335
172453
187726
150298
204774
159380
236770
245978
162203
149796
213637
153619
244718
188970
171636
212047
182219
167730
219129
169952
188266
61679
207292
230166
225734
160314
63081
181874
152935
162943
195061
164074
187251
175596
230047
73252
63953
232413
182063
57798
201787
162691
73492
209081
52018
195896
200522
33291
175307
205824
168539
75808
173618
162196
68756
156707
19909
163041
42179
171336
35136
158030
158028
245951
239658
192698
209250
186926
165525
234515
243926
2111
159628
184771
194259
180923
68571
227855
232449
31775
245586
31741
188333
192975
185472
229963
9941
237233
197074
51383
179090
207053
195734
213347
219030
210735
246794
202233
237893
226151
93301
211526
200069
224691
213649
234329
187311
164662
242773
196656
245009
213201
193738
165522
208918
196229
56109
167777
156826
188557
176923
227844
184976
219553
156940
194020
210725
28129
201446
211493
210919
191119
177338
156709
60668
208806
240962
199254
80223
168237
70717
187751
159716
246168
191120
217829
166884
44708
177794
162477
60773
235686
217080
209107
228357
78364
224109
160045
196038
79221
203536
246322
195381
198894
87473
230645
73961
208116
210197
59213
197605
166140
160705
210056
226545
28518
213033
191107
217157
45024
189039
228161
209305
171468
161440
162605
240804
215342
152368
184486
54197
224842
196129
64669
26995
89411
65346
162840
46939
225177
201259
190083
241282
211848
100035
104771
136037
131680
102062
143996
127202
102324
109238
105566
110865
127240
111415
146806
100930
146276
99225
109534
109981
112665
101662
103838
100760
101953
97162
99265
110807
109445
102048
109867
111360
132723
98874
109850
101878
123577
115188
110127
145833
97636
98949
99645
110729
97239
102361
119219
99971
99197
146667
135395
121959
96206
117299
100897
131936
111389
144151
144342
114446
111595
109302
140689
110659
105251
122112
101755
99147
103446
97876
132056
131570
103895
100783
97043
99182
104500
132960
122191
109210
115277
97721
104395
99137
97226
111627
102747
99486
104027
113986
111195
112342
116915
101112
117476
122779
112196
128936
100081
113398
135597
104741
132739
102597
117864
127083
126120
101705
111517
102394
129402
96811
109894
99258
100616
127655
117496
101923
108686
105224
114899
114418
100700
102001
144886
130488
146081
98719
119312
182373
184414
216603
187389
174467
150876
166433
184794
103912
191375
214151
194377
194433
102964
244261
144267
185630
99050
107823
98764
99819
196337
197284
247073
193250
101415
130471
177636
207364
126407
190876
200806
20084
152464
220531
210710
166453
100317
213164
231813
96056
154441
152619
244228
229527
142679
96090
195904
232512
62160
228530
37468
157563
100683
209162
225638
96285
148954
223181
155727
220545
247500
247245
156223
247026
145713
167829
96611
188375
182028
205095
128739
174408
151271
107956
247424
248034
190745
162845
218705
187265
102971
178868
183803
168551
198959
194142
157379
235209
200804
246885
207982
178116
167079
126736
212160
201178
240185
148750
157684
226582
157547
229558
224737
247971
117414
161154
174418
247474
157422
238309
221007
202988
222184
226179
225760
148867
161863
181041
190775
155647
186668
247355
96305
238964
230565
223394
221250
241773
153924
180889
247929
187182
162320
150734
159636
230525
247560
198548
157733
192590
232891
247508
219202
100292
180690
106458
150689
156288
197722
168655
183779
196747
247448
221468
177118
93546
150612
237555
150237
210014
235711
219546
221984
207390
245137
225969
231089
185930
199849
241098
204551
215948
222208
187970
207606
210290
212405
159848
28670
180191
221574
151403
191182
232297
86343
149741
171355
152846
184675
186261
231793
203885
234438
180419
193517
151971
172393
164040
188954
163743
173418
194902
158464
201334
241513
162961
192237
179203
184127
189598
187229
178147
214456
189301
159460
244009
177691
172963
166679
222626
186215
165604
242184
194575
181259
232255
205395
164651
217374
42887
72741
93846
80607
172841
162920
184234
173319
84719
180742
57987
205967
177646
156876
57466
32764
82284
235966
200242
174541
26187
183936
174726
162277
167999
94742
198510
82896
28479
193032
200013
93507
95600
234903
125159
98165
98487
99573
122582
139021
102170
99133
124028
135085
221306
128021
118366
122432
116754
113988
115578
115440
139860
103729
111620
114615
117726
114040
112874
119490
116517
112375
99743
110855
107878
110156
137065
113589
109950
102522
120742
115041
96517
122525
115614
101921
101684
103280
110160
100631
114296
142820
124496
112243
143512
104242
103991
126148
116590
101229
98520
104261
160553
222434
211957
163663
110868
100182
125665
98167
156408
109992
120510
99036
152187
140425
229481
111476
152247
127162
247634
136934
169230
166374
158537
172280
195110
205445
235198
196212
164798
181222
208021
238801
174169
220430
182585
148801
170549
198733
240147
150321
224327
208215
187784
170353
204118
184094
242827
205087
193393
229357
208007
162751
222052
216303
161536
218725
241713
221975
181757
209306
183067
212448
235630
181706
172929
159946
162352
87857
155891
203905
160135
219225
154334
233820
151536
166841
180064
243864
238802
188525
214208
171081
207757
154265
214087
180978
219923
149839
198289
223000
209644
154364
191463
187018
220747
222662
205860
154703
187728
185599
202559
161351
150467
198367
159633
151301
173042
206508
185433
179067
157196
193602
209275
155183
208820
149228
192467
191778
219365
236554
176009
24399
225358
209590
64851
32605
202441
204927
229350
156561
226566
236460
176561
179533
177506
200261
172469
163356
71700
184876
225178
166501
160999
232710
154440
17620
235690
23523
240367
200415
26100
213359
156267
201101
207446
196371
212647
164434
236527
5991
198663
90052
178370
246191
180072
183945
227353
206908
194793
28472
201996
179192
185058
52851
176364
183200
73335
64795
195368
212456
223944
188918
177214
176880
191316
181199
196657
236560
58969
198009
216230
193132
227587
188519
213305
62308
44389
112185
114202
99751
109649
109738
103429
107798
100554
110903
111007
104522
247044
123227
99705
112576
112480
125922
120289
99850
97546
109102
113313
97130
98078
105028
138130
119172
113840
103170
113103
101153
136797
119559
138248
100255
110522
140956
97760
97053
110497
100280
112806
109485
108635
131644
101266
101155
103394
113268
108678
105210
112939
112076
115054
131355
116438
97970
103359
101594
112011
111434
109287
111454
117200
117816
122964
111012
114791
104316
101732
132798
140793
95796
124660
110098
97338
114545
108954
119034
126286
95982
111889
132375
192810
160092
151787
240999
225551
144201
199237
97304
39316
203982
241788
172429
190007
161587
98184
156488
220274
233169
209237
248005
244554
150908
247368
152867
152291
193307
120266
202588
158660
247699
247998
217294
247415
240621
247225
124406
171298
237089
201307
120998
184663
173328
247509
202674
99152
248001
123138
188810
179102
61531
209329
231708
40971
183542
236619
153036
226979
151960
229920
203017
237609
225366
221676
202178
168718
207898
214801
246193
192444
236961
183324
152023
203717
165444
174774
190482
195279
171000
37764
231443
239097
216620
159521
228673
210705
190623
203385
207776
210079
182227
173973
211417
200749
151826
161562
237177
162718
149698
236761
233936
205670
241634
185328
233023
156665
186308
186022
207568
175272
206179
232382
235543
245714
163249
192411
214469
196973
235496
209419
215744
194110
236807
218987
230465
181379
165365
208825
223402
164814
210322
156406
48951
222705
205856
215031
76796
197509
230641
201485
215167
236472
210281
210401
242504
197620
64537
57790
188774
182623
182021
16596
192384
90885
220645
76710
86766
196056
218681
185518
203936
170497
232273
210232
78481
188407
211483
98670
127414
108317
144020
119484
124087
138347
102350
114038
143407
117744
113077
138237
132633
125993
131956
114711
110487
116582
107863
96437
114890
98062
128943
103827
129554
107832
54299
96058
115706
108298
102080
145872
131717
99150
127516
97467
111317
104202
118633
146465
96358
144094
144681
141487
97028
137015
126032
101791
112223
115187
117548
120338
109131
97069
98082
140022
109342
120393
118373
108987
126498
98900
113464
129493
102309
121902
102157
112845
101942
137853
100698
124332
108605
104149
115857
113296
121676
144154
132892
119429
100997
109281
114827
109226
99726
122748
108928
136498
105458
103564
139271
109669
123251
109019
129385
108545
112158
117427
111135
118424
97455
122071
143897
114519
101707
113671
108881
144605
118928
135452
128877
115473
117475
97385
113397
115012
127431
126162
112049
111150
112147
128954
126866
109296
102178
103954
103086
102118
101779
101025
115248
109291
98245
109819
98926
139857
116068
98080
113422
104578
100825
101752
98634
116351
112988
111892
108544
110692
120088
102115
104067
139943
144664
125503
112692
124621
109702
117153
101992
141980
146102
134052
143161
125708
142539
101239
100314
95848
111581
108556
124069
112547
98709
99287
107759
121961
112659
98281
108614
103883
115499
109566
112982
109443
131660
105189
116773
103509
114240
145813
129403
138869
143331
96804
97173
240501
200837
234696
99297
246834
232786
204158
43053
174750
98479
188606
163291
133824
193972
191040
246836
159621
247334
190998
193264
175931
151573
198535
204016
196002
183307
247536
194795
200698
245121
119182
213105
245341
207788
174655
87587
228485
168220
216181
240171
219417
188638
239868
178184
153967
156572
152458
181779
192395
207394
200628
180585
168747
217282
208460
188117
221515
231056
181134
158420
159926
151438
222433
218348
154408
221329
58367
189675
188206
192117
176032
154385
205161
212271
243052
212216
163961
191152
151058
216563
206428
193898
152148
193177
238870
154798
216174
238534
200760
192392
152223
226598
234415
202973
214421
152379
158380
196535
217928
167339
244015
157815
88471
171539
153298
174691
201175
163495
232365
43750
81099
69416
210619
157428
183760
174030
186647
154614
220018
234803
153496
208848
161395
204274
178496
197983
198313
228561
214271
245368
153785
240289
245647
176663
214592
162931
212295
215669
195575
231160
198382
244336
222869
233958
210093
154024
237258
209704
212040
204912
230667
207773
221596
239377
218713
224192
214575
186977
153713
163609
152300
162333
217273
195845
161389
234025
161447
157403
238069
164907
157355
201763
157593
166393
157568
237297
209997
246297
161857
183441
228584
229970
160850
200727
153704
241480
151887
234026
175305
156844
196403
232950
159595
168316
45365
7443
64288
203629
158103
201502
239101
53213
164903
233249
221993
202414
198521
219637
183372
177382
166886
181018
209082
213479
186296
226670
211871
156447
232093
232910
198574
162531
211581
187641
194982
185918
175148
184809
201277
241576
243057
195132
58005
31287
219380
189948
240622
63462
213809
90458
217081
237321
52101
192125
164588
222610
179752
193505
176102
214925
225547
243549
196041
209643
93398
224420
240123
84860
210841
186367
181400
167705
162080
212725
188949
246242
229831
191475
81312
191070
89673
179956
193916
186243
78927
83369
204305
219915
89522
187149
182728
96848
100032
110901
124573
102706
108859
110886
119509
96934
109783
105256
105300
146583
99337
103717
96447
113565
98641
97179
96152
97311
144292
119154
100736
103764
112596
101999
99295
97172
122672
129632
146209
97556
100089
110465
104190
110366
108812
113724
115005
104458
140101
117061
123523
123983
96625
113607
98855
98194
109814
110983
104999
104606
104899
128735
116593
140678
129337
108705
130317
109094
128288
114251
132757
118631
123314
122775
109592
122508
116221
140025
118225
108877
96998
97446
120621
119969
144856
103816
100608
136113
142688
110591
108916
118236
104573
132912
109217
117386
98608
103950
37872
104455
102442
97068
110879
109927
147260
109616
147292
104324
117891
117730
142869
123221
111188
96352
98472
102040
96228
96602
108673
142067
111282
138378
105434
125615
135012
110475
117495
96779
237947
180794
156839
182305
247570
74943
213154
98773
180139
155770
167424
239040
96728
97417
207531
97227
247291
177219
55468
156344
182410
162975
212213
165690
109619
247836
154780
245642
215385
235703
238963
110233
156880
27977
155758
164593
216705
225096
174211
171172
162313
247914
176543
247426
161148
224463
246859
216114
228943
151200
213155
197881
247402
213111
226934
122386
191219
176971
156648
236493
169378
212285
238926
206874
118454
199912
103173
162868
247847
206197
206055
31165
247661
188906
226049
188908
226360
242488
160328
182904
153855
187042
192692
179120
159469
205297
203614
192955
239055
197541
149161
186583
238780
159835
215923
153815
155027
234865
155460
184263
170710
216357
227745
177959
153194
180382
218385
241900
226585
152272
171817
185667
163352
151382
240514
178844
152377
173659
186806
149524
159769
152847
171593
173947
238075
243372
158007
166972
212197
229448
244784
229599
161614
85198
166611
236659
218834
162730
194366
205219
23057
34141
191694
246450
193318
159171
220399
190763
219541
191099
194577
207564
198107
206843
242640
200293
188708
186291
220025
222719
210394
216674
220864
162535
215973
236128
196550
188086
225721
153443
180058
151715
160787
207837
222536
242228
204590
228828
197618
238507
219995
156971
222039
161917
183303
168188
204953
223192
233410
240701
226599
243191
245158
233411
165369
151769
218858
167482
178336
186985
213141
216003
220336
229317
182679
156794
161604
237886
158239
223345
164147
224758
204711
235953
179778
213447
163101
192052
219946
188838
223031
209090
209456
206171
215187
203279
196217
233457
167012
151884
222666
164478
158205
205685
158046
235148
184818
206259
151820
222025
75403
12240
200692
81366
159694
191545
162824
214536
208168
178891
59812
223429
5209
77359
62118
179475
76678
64468
221535
181839
39400
208902
189646
214663
205397
232016
234205
73874
2165
202923
211701
226782
205718
61688
68070
213044
198408
245055
157952
86940
225860
244505
219344
192400
209514
211402
76216
163261
201400
183904
206114
228732
202729
233549
7197
201071
232020
214664
187503
166039
185501
186775
158270
75929
184350
178024
216900
68340
201958
41583
60981
53947
88383
236782
181315
223409
206987
92112
92378
221828
88068
188403
183025
220235
203358
208137
35720
232971
225341
73016
221498
213357
65153
178213
59354
94940
167063
189836
188669
94711
104517
118537
102647
189377
121108
132880
146490
126082
103913
116901
99361
114842
112830
108687
125729
113336
108621
115366
116181
111248
101994
104142
99436
135461
111081
134535
104546
243407
238368
113427
246818
116031
247604
197684
118686
244448
230730
97166
187578
117150
175487
247548
180440
153828
177858
214993
119174
246970
172463
109909
99643
186825
99110
99288
246862
98049
184488
247737
216486
180927
156484
216752
150138
222440
176278
100377
210293
131185
236735
189539
195139
229995
224896
205594
155424
27475
172476
50582
45696
62078
18875
159051
184906
70647
214912
151153
75037
200533
171831
199421
242244
243189
209224
180541
239394
34978
204598
195614
191976
183314
195398
197933
185448
217370
225728
205782
207146
54120
193491
198084
228095
179649
222166
157464
156651
189720
245307
170608
163210
182100
160156
165955
238774
204702
157473
225924
245074
215055
187978
199048
206064
202112
227410
185748
182209
244038
242143
232501
245239
212017
29618
191777
152890
240076
240391
239965
182591
187207
164941
161754
177520
219350
182841
158122
156106
217639
232756
195795
157865
155885
160080
234296
196953
200346
156681
157457
244685
183255
86427
182661
229645
191587
197012
217614
192754
241059
230720
246699
241943
199196
63875
166569
214852
209112
218755
244272
160567
82780
43581
47449
234684
241204
224152
206246
199513
44181
205023
218254
227087
202681
164788
204962
241359
208994
238998
222343
222660
221235
224302
234430
36696
5913
243409
50279
175369
39708
190196
179260
163763
162258
187843
168939
154291
79110
165092
26875
237612
244262
221198
216590
192623
178126
226444
88291
164915
197168
217902
187957
235706
233962
188703
224545
202370
207506
185171
48472
194900
230027
66709
217861
223068
77200
82665
32439
195464
92064
244105
205625
87592
203277
192676
193676
205126
174095
244869
52793
211724
181088
64707
6100
181699
238934
199654
160204
216560
215270
166183
198843
235306
186790
50300
213327
183700
54063
230212
26861
197916
43711
191703
57803
39891
187480
85628
239927
188152
86027
201034
199438
233924
241661
54010
237376
177560
29237
174575
25523
224644
208896
201147
186187
203057
246469
208649
215364
161585
223602
194891
212205
206700
158070
183509
220625
230908
21830
54615
194174
173236
175757
17893
229777
204948
215188
227865
157967
200792
229309
206815
167288
212904
181282
190773
22283
60079
210077
42872
179802
221296
223907
203269
5422
183837
239803
216790
46322
219814
32816
185523
218901
89756
186251
38426
6793
67363
181180
47215
177229
215320
193923
180253
52407
11138
179569
174782
204034
205907
234514
161089
63684
235860
244159
72733
157185
234260
208966
195351
160872
189449
211441
68378
180227
51617
227043
82216
244257
186276
26394
177562
186828
186253
189588
163691
194082
214114
218760
87901
95167
72969
208075
199572
185371
238175
182065
185009
197317
193442
223981
54328
174543
205669
217404
184692
227765
59614
211104
207016
176179
199553
187014
244182
228870
189151
176524
203425
181297
210285
39782
190582
219044
194409
234387
8109
183781
192363
201295
184548
176715
225450
225541
219780
179611
174640
163488
181465
25727
222009
30795
215694
211739
206149
85463
238031
236851
187580
184931
238293
157144
227235
235568
203937
195623
184913
199199
80909
202763
212542
165821
225260
215979
225352
186003
237141
75445
220563
98531
247806
210838
236923
163972
131250
213419
235238
194886
201323
211446
206362
232533
161888
247619
186586
110682
101476
247020
177283
100239
233455
118930
204996
242252
101152
241605
223120
247517
193300
189206
128990
247882
218775
230874
247466
247732
177606
163701
160723
97728
202619
133194
247247
247958
106652
242400
212461
151811
241017
247514
190540
208338
198900
203713
172043
151180
201197
200597
215052
201288
185204
230480
186581
185639
196389
221087
247401
195700
96866
247769
200459
167190
228894
185520
18260
209330
154724
100815
127561
244694
203681
229265
183652
247603
247804
247669
174942
127386
247242
247698
247433
222575
194847
116129
213731
190036
158938
68089
164467
173071
214256
159681
223601
173908
156545
229818
204554
186180
171854
235921
215809
171886
207797
151891
55469
220631
246041
215458
240777
242081
170636
187662
185468
171715
162146
171225
195043
196719
159938
179099
160564
182120
197920
164245
204107
220443
176331
218237
155189
225019
183838
167162
155281
203699
184571
171592
208086
154689
183421
230776
233638
165841
150370
189796
156067
212818
217576
217196
207920
235835
160921
161915
227008
152602
207294
197408
167351
195933
157101
192046
163826
201383
226871
155912
221327
153513
239008
177066
214470
179618
176016
239201
164229
246120
191850
59722
171099
164367
203611
196599
75549
233024
167663
188754
42506
42265
83059
216539
81833
211815
39705
224604
82574
159298
195796
184346
181645
224129
202577
45213
227892
208910
177189
209774
188372
231411
227254
182960
175134
83565
174392
196629
34887
207454
185031
194952
234254
156429
210159
58903
164205
88958
224849
227277
16425
185622
196702
93017
203757
240865
232384
185848
47984
246737
200460
208248
30283
93052
243192
240229
229881
231952
208698
246184
223191
200308
178761
163199
195128
231099
166131
221615
186644
18963
90559
223516
83821
199879
57995
162924
160714
183078
70500
71315
213057
227408
153860
157734
246236
199719
72517
235747
167773
224735
163830
186263
207521
215472
81289
224766
221991
232087
65156
231603
48888
224473
244069
82357
184223
161565
185285
207648
187564
94495
195126
198512
41737
158412
203082
188097
235788
224024
198508
235972
212270
245692
242941
47905
195585
223742
57185
156713
187395
208928
216771
183369
191763
199241
212802
204983
177168
29914
229587
191923
188017
174215
115066
139038
133597
104208
114906
99948
111537
140067
99681
99466
112107
134670
132562
98130
110453
119746
117713
126568
112745
117493
119368
113231
134285
113102
115818
104052
109093
97564
115026
146539
138965
116822
110395
98977
97286
110925
97732
143016
135862
135144
116686
123837
121887
112943
88786
98875
121740
104450
120146
110952
145596
143150
129834
111911
111986
97827
76763
206670
152201
215169
247473
104979
247366
246886
98215
199754
210606
155434
155251
240435
98227
149918
96238
151168
211465
182222
109519
186414
206227
244013
160595
243376
161858
210871
232723
161938
198997
244564
236037
166636
200438
180981
175469
198907
149803
200088
179706
185913
227028
175006
216514
156915
168633
233995
202991
172199
187065
165474
211606
205160
236231
195347
232219
209106
158632
155405
176756
80778
206780
55542
151697
2035
17241
63051
208713
44586
53670
176318
223395
83546
180959
164263
41506
76987
211798
28523
21159
82967
228307
243225
75891
178195
1281
219903
165134
211685
183096
191025
221431
232914
206313
194842
189149
153896
211041
150406
240818
202880
158027
186552
222695
242046
218688
156120
151679
155886
216872
197264
184150
191026
164255
196291
223896
210790
208980
213652
176372
38211
194734
190490
242191
196484
38163
22881
219099
232407
245314
214268
196293
181299
75435
229949
47990
221041
236032
209887
188719
20546
88800
163626
228493
235947
26295
209516
164982
189069
178394
203147
88896
209791
219109
158057
188706
189458
219951
237336
193544
161250
221139
66614
207536
186976
155779
242060
231352
230442
205409
209974
93082
207517
241094
183249
158323
209603
22278
209137
232770
215877
236026
198026
61363
209228
188102
93578
214970
190495
204560
189438
207541
52492
202589
235052
197103
216559
190260
53978
166914
166097
73010
166215
191750
40127
45175
183826
168370
15932
199142
218673
213066
211591
210513
172951
172643
188173
206644
183920
161979
157030
188991
66866
186810
173105
185176
60701
220292
43305
218715
228457
220369
50524
195416
240173
172984
220317
217997
184883
189219
176787
226012
239135
243852
4648
54317
80063
233016
154742
149960
149267
99532
139368
129543
97096
96326
117448
125151
96558
109092
101074
123587
96329
110833
109250
108933
110921
114770
129412
111411
139412
96692
109582
101982
109148
154981
96912
142309
137762
116326
97204
109306
120805
104674
102308
116721
115008
96294
144511
122206
101844
97856
96634
102770
111384
127716
136407
100005
141885
129913
106490
118571
100831
96854
99976
119327
104355
110080
98952
121801
116700
104699
116728
138349
98331
96214
147129
110382
107675
123821
103829
111307
97064
104368
100934
109511
145367
110241
106184
99812
127315
138474
108694
106121
96837
96898
98768
126818
119730
127884
99448
108802
123750
131973
133170
102122
139121
116851
104173
106101
119430
132808
120031
100268
100145
112782
110862
102551
111597
136751
126107
96062
98084
101764
111071
112008
131804
141765
214007
220923
168276
247255
247431
181707
181290
247208
247400
193678
216899
236278
97676
239673
201642
176388
203493
232454
226757
171935
213345
153014
195452
218106
196066
164161
156498
161308
203712
219777
153813
176661
148890
190786
194311
221936
173369
216459
189148
202799
234056
217044
220331
153198
238404
181406
164009
150094
166874
155584
237413
153207
171730
225485
198899
237469
159503
166462
240787
175245
246338
189742
195443
211497
161801
191495
153032
187056
157825
149709
178325
153030
182172
243702
179905
70365
171740
212972
158529
225286
166994
152986
185935
172545
235384
221093
151797
160756
195469
162528
191570
150845
174252
158575
190329
216988
226607
211779
178892
226673
220222
187731
207074
168561
221716
163839
213541
191340
150445
237062
157031
205747
163260
175385
238286
32482
212373
217983
226868
200722
214366
208480
233702
236357
158615
212739
193636
212668
155022
155368
232054
170789
191528
157212
186404
151250
192786
235006
211753
200326
151807
152394
156326
202256
168182
177471
179060
152731
162161
218171
177734
210315
149598
233999
210548
219726
185467
167858
177587
196138
217842
224670
238490
196257
173313
227092
232679
189994
181118
244715
206336
159912
199596
150937
154341
184020
44033
19179
158690
185954
206888
158094
199268
153272
191514
227194
164378
245085
207220
155298
213130
222817
231626
174526
152168
218566
185375
151712
210988
175072
162936
175868
205025
240148
229259
225103
155043
187715
189661
166029
238748
151634
216542
208920
203009
242107
213072
185196
167432
227845
197457
197974
192595
222157
187844
193677
159535
195332
202459
152135
166372
174585
174722
156376
187050
161475
176125
182015
161489
159863
207642
225220
154299
203903
223707
189397
162657
174737
217337
217136
229342
172410
150354
24166
49179
38351
184158
233887
189870
220304
223490
188411
173736
239269
175881
151816
150801
160604
159450
241496
204620
171488
209215
152911
185067
198176
151572
159327
152573
187701
190790
158327
171398
239986
175648
223235
243847
204414
170914
246181
179736
220165
182532
223234
198758
210649
159038
198616
149914
192925
213206
211965
151818
159580
182130
159218
227138
178230
197718
156541
187062
156278
231679
206857
202945
201099
198544
195429
151005
232433
231282
164382
228918
158735
226208
239816
223134
195299
160032
203098
45100
165602
150123
200624
182931
199174
204347
217016
179942
173518
232977
190477
174784
196241
216856
171142
213356
196654
173304
151937
218421
200329
226644
192268
208103
164866
185655
157644
173997
185803
177157
232220
184966
193346
34733
41222
189998
157180
206506
197299
214450
216333
244275
214314
192109
175468
188677
177100
152898
236846
199160
158518
234110
219927
194557
209369
173423
189590
205068
170599
179216
197413
187128
192471
162210
152735
216953
216687
200608
176481
223782
205189
156543
192318
191455
177488
213280
178660
202172
154637
149352
153658
50758
242396
230045
197111
222163
239369
206742
187212
230411
159143
154768
170577
52873
152275
161573
202810
152862
227278
172928
149444
150181
151528
199412
149679
215238
240390
237044
179846
220523
198147
213191
231414
158479
150814
180860
149730
239072
234944
213140
164607
243705
168488
152812
213878
168231
185148
191138
160172
231296
215090
237823
168841
210848
234012
151893
81512
246461
176492
190806
231084
171815
194816
187922
195474
212500
233238
174139
209541
165681
154631
230310
158620
234814
184442
187117
185613
179036
157923
158645
159351
161365
206323
206586
164888
179991
154772
151472
195149
232021
83914
231476
164590
218582
149074
165144
161627
184375
187258
151838
227027
166310
175907
157330
206648
203784
161373
163781
229189
232052
197590
225624
152909
240726
225606
223500
202497
182318
157957
200654
193144
189530
156527
209374
151880
60452
196628
161337
228165
19191
176443
195431
188211
226869
183434
177086
226708
224042
171219
186315
220322
192838
200964
229403
196721
244208
225538
162439
155992
215235
212652
223143
177313
163653
204163
231546
230548
158583
197674
158400
167386
234627
210957
239597
230880
90854
186518
228281
219660
232719
21154
157945
228782
167765
234893
233128
200931
190238
195909
189342
175646
192286
154496
58092
68108
164719
202640
204678
187296
173506
166656
168390
212689
192703
227784
190831
72775
191435
219535
180088
220148
73723
168351
163235
94592
181397
213202
188477
197279
235538
199751
170894
67886
72932
202024
200498
234179
179610
183802
237611
174510
183747
241006
61579
81811
162045
158102
162888
192167
229651
50608
192916
172285
176432
186221
8293
196303
55587
235680
243324
210989
50152
184313
246014
189541
82169
192437
63999
84406
156795
64185
91313
75235
40286
208074
182330
208725
176363
181291
54611
237221
177304
164877
225188
205762
165819
58329
74817
229321
186945
176282
233089
168447
178478
77001
83900
238090
85711
184208
70050
26235
196580
154470
172080
239064
152969
180504
160751
190654
194563
168157
237386
157396
59727
205799
55175
234608
162734
220432
231805
192139
80709
161260
184490
201114
218732
165540
154563
237920
39307
156358
241882
182076
17795
7619
177519
68435
156555
39240
224374
170568
208717
191247
70708
240887
194060
221669
200327
179244
171478
74583
162124
62461
92516
244888
195210
224422
222241
178097
4986
212793
166673
180624
36871
227495
185907
154792
224375
171014
174468
192430
54989
176387
187511
198734
93753
177217
203216
187159
214242
64837
198492
95592
180879
180315
192568
193399
71341
55695
219807
229641
190194
220411
199335
207485
218345
203221
191122
117988
114323
126454
108756
110229
116356
133412
143431
117950
110750
125243
134394
141381
143889
108997
110133
112232
123264
112552
98572
139576
134920
109106
136016
137825
112442
104153
112644
112518
106214
123125
116427
30058
111933
107975
109697
99585
139248
110994
10006
144938
141370
98543
103527
131276
123316
110345
104540
131881
122912
97139
97504
119732
117461
61234
84201
109703
118153
105503
104602
111542
109803
18794
105560
109550
108737
115744
100237
111772
107891
127010
109367
117498
219403
198379
96411
216751
202655
153754
153444
225647
220821
152539
100351
119787
154369
195503
153125
215998
227849
247502
104335
246924
188859
103474
217095
138105
175417
97923
205473
116406
230681
161781
185202
232464
151295
239795
203702
224581
243435
163082
222321
225376
158667
159082
233776
199232
168314
199134
164991
172331
192362
176924
186238
192757
204515
196832
201138
191273
155041
185539
212814
173666
196661
210595
237680
202320
154325
196924
241671
223348
150415
164532
232321
193768
157778
197973
182461
171516
233502
224064
168615
191950
155018
211642
177256
175983
227166
207262
184055
219122
184382
239613
166674
59406
171812
242212
160793
220764
19439
152655
213905
84405
160015
238142
199157
241228
39833
237366
175810
85917
185269
175081
62182
209682
58729
172021
190987
183772
93757
71383
5727
185728
40312
51956
72125
39768
161815
92074
197866
161530
160980
56967
18686
45997
62074
59693
79196
246092
78286
95223
153456
165233
56878
223634
46183
233680
26186
63161
229559
191356
176689
198706
216182
63022
193085
174634
52813
157827
174746
246391
175263
164933
80662
242179
205307
224886
238930
193496
230774
197138
92411
215447
157648
65241
196825
198464
212273
212019
201453
243188
198412
47639
233930
208394
238847
164702
236017
218144
188302
175298
223635
203102
162881
178467
189696
222490
216048
178552
89003
223131
223453
202287
239445
226665
197066
210000
229072
62254
228771
201609
211489
84850
194459
233115
189478
181956
89121
177308
182783
238043
164901
181717
48940
207634
199227
199882
236265
42796
200535
35621
21199
200695
73151
164310
48985
163754
160173
184963
163693
242091
216921
162207
241293
242077
206049
201694
179125
16318
41418
222912
197706
210801
191439
205137
228981
235948
232154
74676
226171
191804
202585
181163
192134
171233
84788
53038
180235
189694
204720
200144
244819
34056
223312
228875
186665
165200
208419
198996
179269
99922
101659
124969
117291
113955
116102
104394
104804
99154
110707
100741
125559
98266
96103
104499
99447
131798
100733
103939
113361
113100
108971
104320
101080
100822
108581
103704
111355
123064
135608
98287
147207
104362
140548
115734
141097
109779
142049
97303
119470
110326
104037
109211
110138
111702
131253
109659
97105
97811
115173
111006
114514
127027
108905
115425
100077
106918
97131
109734
117336
125684
96796
125351
118382
99451
134304
104200
111244
129318
102276
112295
99588
3927
121491
247542
246981
246125
212489
112217
197985
217014
163727
111877
131941
190961
184197
195266
153910
125349
107686
97839
108046
183866
150028
155209
157036
183777
243990
173065
204063
154486
216861
172374
150062
200181
199898
213550
170891
170668
219280
212244
228725
193789
219422
194492
179065
243404
151672
219668
197703
229312
227591
189743
222842
230605
14348
161314
40467
152265
69916
190901
246313
77893
31391
186953
229015
222975
209761
201549
204855
85049
173395
156437
65492
223664
53592
82021
229409
243203
168836
81007
51705
45385
232867
186540
90740
16959
187096
204657
201708
241707
192432
186330
179819
189496
219382
194525
233362
198332
195545
162395
185175
208077
191073
180007
210374
191887
208209
199065
115100
96953
140607
144537
102307
143711
130799
100796
108537
97433
119886
108527
147994
105702
104382
110670
146561
144584
122089
131293
97142
96919
116491
125969
112617
138483
104468
109820
147090
130751
98591
117581
96469
130946
123895
98146
130041
119200
105326
125567
127673
110474
108824
120348
101639
136417
110459
146739
115908
110665
124602
100540
119741
137506
97846
99308
98270
133333
101967
104886
102035
73573
104367
120634
106509
114917
108794
96513
113594
97307
111259
105138
104065
113992
104278
111831
104867
122320
121154
116226
112796
108773
98683
126132
97710
117302
124559
97234
97283
111241
117118
103831
110585
96497
113274
111876
133033
102298
134969
108867
108775
115649
101278
103871
108818
116092
109164
102196
120715
110678
143715
116128
99351
128742
101325
101212
112370
115848
116807
116650
110660
103958
115971
100947
100189
128220
145830
147008
101787
115399
96396
111894
121813
99493
99311
112466
97309
115072
101729
115300
97580
104684
98139
125561
101771
162066
246904
187894
244370
165177
247471
228818
15590
247988
211348
225235
213100
238611
188339
151261
248043
173744
202641
213250
152484
189688
181005
166421
151864
241000
112932
195301
231735
169327
171502
113094
178088
201116
169249
179081
237052
220153
184943
247538
151458
161278
220495
230767
180233
210157
160925
215868
180765
191431
160967
236283
185197
188696
216195
180636
196742
227334
151995
215306
207554
171144
157123
194732
167726
208894
186528
163545
213183
153027
233497
171011
183157
160123
196851
180027
183859
174497
173850
176708
224400
206269
164043
190130
224067
203732
223320
210329
239614
165989
216516
165921
205935
238148
236960
222951
232352
219095
187002
225407
160195
160315
236876
193091
54210
241721
208081
204431
197211
217917
185153
204913
240780
164004
181039
225594
162278
204378
190383
156828
160643
193619
196695
240244
196961
159439
213566
222092
43149
191049
229943
66653
71398
221409
215483
220246
86920
160436
160939
188247
197930
85441
227016
213241
221860
191225
81554
215330
206097
67790
157970
182211
212413
215878
159511
211781
211788
221575
166729
57590
241830
192666
52042
36469
48414
199009
194858
157521
180122
19129
166568
200971
205380
238004
165435
162995
182265
14968
198365
180396
186448
160446
216151
184339
60615
217125
84394
49985
31387
231156
15621
193084
213423
164350
44832
182462
186788
225527
237831
186592
203409
234383
63832
163719
206140
192964
60970
174114
78058
245357
72501
190857
194284
194499
156998
164485
218142
212974
211783
71529
39985
215631
161380
245896
204740
214224
220996
210843
187385
203489
228251
208652
220210
219042
68025
178644
217824
221259
157413
204437
209410
195674
232916
184072
160392
237399
167177
65852
201606
89444
219175
194475
204058
189850
192689
188876
212186
216834
30908
227234
186821
83540
42605
204102
70777
85233
222818
162921
75360
223794
229257
150608
91699
209103
199666
185178
94605
92020
183140
206042
214817
94161
179922
66518
208157
92684
193924
187772
45566
44430
215343
154397
66415
207402
242717
187390
94700
225078
191003
212596
32747
209928
189760
224240
242364
153516
234848
244900
45367
180565
186492
168941
228256
200536
188857
12122
182674
203763
227688
222176
193819
49804
43312
200995
203966
47534
187684
203132
212497
94334
225672
190542
66661
157050
229026
221495
228247
180033
241363
211975
212188
227894
208095
204438
209158
45243
230842
61349
49489
186389
66843
243986
189201
74913
86244
61056
21928
240885
103808
101488
98392
98176
100103
101909
130520
105184
109985
110201
98268
99177
130955
117049
102140
113345
105531
129018
103890
134371
122419
118065
130945
29084
59877
105957
117881
103797
97896
122244
103904
137378
100742
134225
120673
113692
108813
129668
121425
127901
104244
147731
99136
247235
111444
108996
115888
111432
117855
102639
104086
110800
127408
111578
108779
116459
104846
113576
115837
146728
110639
136814
100866
99306
117047
104171
140225
104425
101869
116210
103872
97516
108060
104308
115067
99568
110527
114817
139242
129441
104944
127735
115585
101824
100732
129383
124222
98950
134921
135481
109671
105103
112019
102259
119662
100779
112144
118591
111518
109571
108823
100895
96229
121901
119700
136944
114426
121328
126245
123596
104767
109646
100726
113642
99511
115047
108811
139759
109515
116160
109055
138684
97862
124665
97797
121205
96986
142566
98459
140624
111372
127331
130592
104008
142823
108831
106899
116605
98238
96106
99357
114114
104385
146272
128012
111757
119447
126158
114162
124378
119288
99826
99408
101165
98108
135075
114212
114924
100607
102368
105804
132391
109327
116596
105886
105165
97928
101919
133522
104405
112427
140237
96654
123442
103785
104820
125581
103959
108970
123769
123354
116118
121734
110322
99201
139210
98398
109717
100585
106115
130734
111830
103772
98171
101913
115708
134945
119923
97214
118692
99544
109555
111868
115357
130202
148601
112039
178948
100454
155838
179843
175154
123109
159865
156046
195173
149832
188633
236691
97841
241247
174775
191055
224314
205221
213283
194594
183382
98737
197508
226073
203608
152689
157096
196348
70115
182104
157860
219675
243635
211954
230248
166691
245790
226946
188756
167492
208031
221925
200621
217062
209356
152780
191300
204477
180954
163958
201634
162545
221074
222413
244471
162468
166731
157164
180172
227483
205671
216871
233341
246103
151956
183633
210763
186509
232837
236173
220859
201373
192157
220119
226334
167533
217771
192744
177010
231346
171107
201282
233225
154066
160303
157929
232599
219470
166631
154268
232332
168216
223550
152423
207509
182289
245035
187137
242082
210335
218537
245966
187009
232092
212279
196512
221927
191520
177637
162102
203918
197894
172321
210669
177568
199260
201741
225920
210927
186745
203917
209448
204064
243652
195535
160739
166614
221167
216851
243234
223925
156107
194052
150677
174721
216409
152860
212573
202093
158550
195728
156483
164997
152002
152832
221660
174110
201064
173168
228186
34871
193388
159790
179725
196103
244747
152906
157624
234273
154520
152751
233753
153314
213032
217510
220376
173185
166894
241479
246157
195800
164008
199130
61488
231182
190755
194226
215599
233717
187671
226113
238903
244684
189606
82157
224772
179560
177571
225866
191302
197342
157591
34278
204359
217085
160969
196793
241107
19016
174538
226548
203081
199905
167597
180960
48916
65547
180631
201376
110353
111149
139004
131455
110693
143973
90096
114116
110289
107900
141167
124185
98521
127856
98025
117990
123484
104155
110124
98453
103907
116764
125865
115738
96976
122811
110221
110336
109798
112931
101349
116238
120339
75219
120444
26733
87716
102246
17375
109180
23547
99849
94218
136429
108650
74756
91207
14716
99724
148205
21792
104329
102631
108668
101972
117655
109168
117513
110396
132456
99720
99340
98536
103153
108007
113792
246949
122715
107689
128828
113963
120583
108734
126270
101689
122397
127691
130670
105828
116714
79281
140755
193623
163337
211732
201351
227337
233145
166252
220585
165924
157604
194711
186990
185777
152885
233033
174825
161216
158441
242575
213427
182835
182445
166551
218284
161420
204412
218101
223021
234909
232114
156143
199008
184470
182962
18776
181964
184822
68853
165723
214710
210627
232849
245989
182842
78942
243304
209125
152026
167470
199644
234166
206772
168136
223582
190814
211571
193202
189513
65830
192862
6743
185369
236767
233314
176660
232668
88729
183613
161729
217270
239644
165832
187685
165402
242335
220330
172981
226065
219834
190646
199779
198546
207854
160263
41104
1665
19634
61182
74089
72630
232764
181944
204704
64274
233471
186375
223752
219162
72520
200604
203078
222625
60035
31067
190214
47520
193642
85997
92283
166314
91171
60965
182540
245245
240400
220319
224105
183193
219683
242113
196897
23590
10101
175950
229018
215901
177074
200212
47707
93972
188168
64260
182439
204092
91477
175308
180306
242909
222362
189338
171750
201232
209063
234385
56009
182735
181961
91584
158712
91806
185393
186975
186358
240303
26948
199428
245091
237255
245473
184749
233006
191650
181486
166777
66274
238589
195201
86558
210534
238505
72233
74567
213457
201222
180858
230822
226291
211978
93985
231175
210351
42566
181637
214808
63589
178824
236196
210749
178521
200850
176629
245281
176093
11289
28332
213735
224295
166144
219664
37082
40462
194005
230308
179861
174332
203012
171334
236977
152182
71132
185215
45160
56858
166197
233358
79105
225650
41002
214998
71156
179002
198389
237492
165330
182592
179949
202055
243200
219103
235499
22803
224682
75591
228711
76614
197993
19514
244616
45370
176418
218314
228396
201762
205534
239388
6882
224745
166280
168184
188116
229502
69706
199718
241565
230550
72794
211812
202999
217544
184451
109771
124831
124793
125970
135445
140541
122315
104009
114677
121192
134583
147753
113616
122666
144459
120239
113020
104819
136725
127343
100777
120072
113133
104323
104181
109483
111678
118675
113809
100840
138486
110842
110575
124942
140619
140818
108805
143224
100370
143166
111970
105228
133693
115780
146862
117609
112166
109873
118379
96468
104243
112439
118216
116729
114885
135108
110818
142898
110491
109126
97849
116845
148143
98886
109101
139164
139570
112050
115145
126455
111710
129092
120544
99945
95806
106012
113608
126281
104920
102205
134993
110030
116823
105388
99954
119748
127133
127219
97377
114662
99606
98632
100048
139774
98290
101879
125921
98938
103990
112445
121742
108099
100754
119472
100842
99581
122936
126535
110123
145231
113509
116553
124365
110888
102008
102107
122826
97420
98883
118522
115736
98155
99560
111245
97568
127270
123181
127768
110633
141939
102268
118339
143351
104601
98838
114575
113663
112742
116842
101052
97850
98917
97092
113004
119976
101061
106497
137278
106038
97506
97638
97919
98935
98997
125461
148052
123025
112998
121970
113072
99579
108569
104585
102191
112886
101600
145139
115956
100751
104138
109064
100562
104733
105371
113405
124848
112837
106072
137357
101671
101071
108699
111460
115342
108962
137263
120843
137344
144652
96420
114929
108892
95903
114822
146897
104379
102004
100629
109570
136522
137426
125377
127508
121116
104241
106137
126068
120638
125966
138783
111025
97474
117045
102654
109549
102337
109682
97600
96474
100043
97561
118490
114247
96653
116843
128244
100647
148196
138840
112557
115751
104855
122625
116450
109088
137074
134958
126493
112865
113551
102451
101674
114931
99123
109707
120241
98650
112130
138827
137269
96080
78461
120728
132285
120697
123676
133977
137338
113169
136314
111236
102012
108909
99506
107230
108747
99141
148074
105965
121513
114407
111574
122807
131227
96526
108680
118058
127235
134699
110301
97535
116577
112063
99125
98154
125930
145803
112866
97035
112089
112333
100727
100088
108529
108726
100069
106240
97462
98586
97299
110367
122377
134188
143325
233667
185149
247058
239830
162325
206807
183600
156947
182114
217313
153294
199814
155782
240352
176250
223511
229043
223105
185727
220130
166432
232856
156637
210716
214174
229104
82783
156032
209160
223097
218412
80637
221951
92398
195942
83003
201166
202090
195604
178294
180054
33436
190777
205959
10693
210522
40722
188865
86681
238180
51840
38357
25615
202072
245064
39416
186134
218072
184900
59763
67097
223599
206275
242044
218318
227128
3408
1437
43617
185316
202533
192748
197845
30182
233876
157342
160637
160187
183618
199798
27492
49919
192791
217681
189152
74341
232287
228290
199107
224962
62654
241631
48522
175256
43756
233366
216080
163876
208108
206043
187067
45894
177417
27351
60800
193855
44575
204010
24201
182213
205096
9627
245488
243916
74595
182714
243219
66692
27140
197085
34230
50483
235448
85360
243195
207243
52580
220215
73138
192097
242148
240099
94596
77173
59571
2238
178939
57238
40696
6145
178167
182691
187301
69276
204533
197015
162447
239356
90608
163814
198676
189913
211049
209198
27110
152468
25758
218095
180755
20447
49270
164360
51015
183824
41990
172083
49591
222342
200852
237409
181003
171010
77817
214693
226935
41383
59393
60324
228736
87954
230067
96185
126075
105292
99350
122098
100227
111685
147013
137848
106099
132160
127088
98948
99756
101914
100257
96084
136153
146688
98545
97668
101315
111750
100688
115210
100353
120730
102660
101203
98348
128797
112650
120907
116016
109389
108437
97868
107954
103105
119909
97316
97976
99037
97347
128007
122812
142984
126584
97448
97607
98899
96286
98083
111392
132024
129959
129198
108002
106047
147523
114274
97480
98758
129087
96544
116191
98387
29866
96828
244048
182013
166155
198152
178912
182760
196993
247767
189569
149565
104017
247275
226918
156440
168354
184396
240050
247397
156062
223403
105830
57649
155019
213857
167206
230104
173785
229903
150191
159809
235793
215659
233495
154636
180082
213773
174213
197152
46945
28568
63322
150457
151997
163033
191295
188866
196596
158180
214746
152441
204020
232798
197226
233521
228008
212470
176475
238918
167335
193622
153636
219740
174557
230905
193170
160534
229408
151938
180195
244704
198184
202482
219980
239583
17646
221527
192397
191320
236606
221879
226635
246485
230220
191359
197380
187980
194103
244631
193404
19017
197486
92104
73650
190215
40340
209079
158665
193279
234130
89094
183537
200602
178274
170536
207477
212908
227826
223976
232130
60765
188966
229232
245498
180882
180479
13147
203745
159543
205616
214548
212154
212697
21860
40626
88765
185191
203582
223503
212151
204806
199610
44706
241034
231318
47050
48641
32266
245146
226789
200612
164516
94757
201117
180069
69464
182567
108674
98295
117777
104160
104442
137850
147114
100266
116870
106172
97826
121482
122342
100918
122502
104894
99481
101894
99580
113874
100560
98847
123448
97330
98517
111640
104752
103902
131163
126887
119678
104433
123563
110018
111073
116313
116410
104006
116579
102067
121133
134562
100915
104010
126341
131756
104826
127139
98293
102742
100143
106545
116081
136257
132504
101842
126470
105893
122950
133016
123200
100225
96833
105250
116917
99596
99946
99553
115331
99444
145990
102158
113561
99990
119155
130237
117477
124790
131537
109207
112425
137994
108999
122347
113232
112800
114285
117315
126693
193946
102045
157773
155291
97059
126171
96159
189830
195972
117997
154131
112162
213104
182081
46702
107803
227641
172405
64310
97095
229837
195663
206649
233085
165931
209023
167732
155934
200849
199312
228162
233086
241116
166121
236150
173662
191805
205902
75602
151149
185749
182916
201217
164166
153830
185661
195817
204724
212765
198036
184181
156323
226499
204496
185731
165468
156582
238385
245521
180006
240409
192265
230180
193402
236344
80273
204070
227721
196697
74458
19376
180119
199658
85607
157307
78810
212605
223674
197411
180948
237077
18849
83879
40089
205475
53178
35975
33262
181826
21145
62606
40775
65831
94026
193196
34368
245985
83058
178392
197687
222381
179685
76935
219005
44468
208275
191857
34478
186596
241127
236902
228846
164213
66619
40044
208986
226800
10624
200205
38170
216969
56160
163357
41475
242705
244281
209220
200587
74775
172435
215071
198848
206910
201862
198418
180707
159827
238422
73523
159825
159126
176701
181105
61311
179388
202349
187571
218551
177932
215126
205509
228572
190144
188406
200953
235802
196068
199514
243046
11970
156080
203374
220320
67805
201959
237796
206334
203949
33942
90915
190015
186535
175422
166311
197003
217580
44277
190180
204133
239307
85651
193340
184329
170264
68596
194518
73181
207953
202201
62555
72758
229454
203437
226596
223617
208135
208917
245549
48582
205505
195525
243853
162226
235633
217447
91164
197369
17374
202118
193417
184390
215059
44643
175874
234833
190712
182863
190920
180370
164821
233188
103288
66075
119346
113017
118481
15805
109265
243724
99363
99687
113550
223001
165925
112453
102117
104158
247349
225846
130326
124893
181182
224790
155200
214404
196787
181841
177717
170544
184261
185620
152950
219317
155942
246201
237161
158445
224253
180290
150714
154643
150829
185295
184738
194769
227957
202829
211232
230966
181943
231628
214328
202070
220108
206633
222952
242780
204321
219498
189143
183454
199796
173890
217636
174383
181497
227003
150799
213466
211721
243129
222217
151211
232456
161796
177497
235163
170600
192005
198168
204975
188376
198160
194631
174275
150064
243544
164502
202120
221439
196929
155104
181216
231031
177633
77917
155065
222472
156516
183325
217797
238738
193658
227956
178443
242180
225505
174359
48229
154182
240880
154136
170822
158232
59152
200866
246701
201608
169882
69845
64536
67904
215380
165057
182565
199669
177605
153632
218675
178414
202759
227381
60803
237384
234467
214436
233831
201658
184753
242592
214111
164511
224570
156821
187172
166667
198686
197459
206263
205127
212574
224088
177903
161579
216187
243083
151824
199704
200495
162077
219022
166045
204101
196048
211123
150667
192937
201046
191109
195690
167236
201426
190748
224052
201337
205887
173324
193290
218349
186560
221909
167371
214327
165938
156814
153670
224229
242828
157609
243954
162604
246712
209012
237119
197673
245672
192095
162994
164068
217542
192632
208997
200360
238493
180244
236893
185078
216253
199245
157674
223415
167925
150164
174760
203723
222088
206168
226102
195537
210867
207616
222484
201130
222483
231478
176488
189122
242070
236808
236251
185579
243504
236467
88636
160168
156752
46049
225068
222847
184515
8310
72395
89554
155448
216786
160862
79795
37954
207172
165936
174711
168034
190820
211715
206675
200769
241667
191193
212149
158069
55474
194044
70719
230549
33144
230972
238133
187118
189346
45485
215155
180545
165261
28832
229080
80748
227783
82973
191489
175010
233011
18392
244559
156779
207426
206733
245684
70650
243261
174664
19872
23075
78964
216074
161928
163484
195304
49909
230520
30936
242726
243475
85564
233615
236047
196738
216444
40810
192143
186499
180338
183114
227221
195781
239941
84003
51321
35754
178970
226579
246800
7411
178175
183050
205570
175893
237138
65217
228414
181093
205422
176152
233809
67609
73914
225421
221464
237614
224731
204035
93864
178905
155785
178542
161162
35603
4015
245691
228645
200759
173774
186219
194999
187104
222081
223187
153571
190749
219860
31866
187255
46837
161870
77419
163577
194024
9656
46631
129925
142841
96754
243812
187323
207490
156482
217601
176373
243736
244012
247524
121455
155858
99027
117896
247421
246826
185275
97406
247320
193241
247409
97141
168810
115252
98550
199267
174530
173601
161677
217108
237881
224719
161430
202089
224859
167270
222786
189008
233131
237278
186869
205177
198730
188967
230830
168114
173488
222209
164152
154665
155266
220404
214031
239211
185216
179659
159737
242728
159299
161694
161583
176358
225838
215971
242659
162232
155869
200605
150721
162292
165546
193790
175003
193163
150968
191958
224664
171477
226991
226992
163266
191618
240288
220175
188680
148709
162280
214861
235928
242720
208764
218574
187133
229438
219456
191465
156595
163227
234932
234080
168620
189072
202142
14102
221743
219909
224086
151981
163950
199175
215798
236006
156314
182267
190118
220733
179321
173415
181378
196951
175947
242915
235259
242419
204635
160212
152417
227773
211083
246074
161523
163868
226108
181602
161786
185762
172336
214319
157264
230122
175894
235664
195738
200281
162170
223700
243143
223010
198022
202918
230192
151061
167625
149070
154285
157696
151676
155561
224833
185915
206018
210480
243452
204086
210136
218619
217709
245853
183778
234395
206086
212589
172340
186889
181592
168075
154000
151120
203305
207113
153501
191568
161901
195527
167761
187590
150197
212474
191997
236485
198249
212081
156862
206661
239315
221702
185701
225736
246544
154793
191447
244885
186355
179650
151184
213134
235937
237369
206694
197487
45769
176068
159236
187084
218138
209965
216673
233109
167779
218629
184183
208340
176096
244830
177847
221067
152156
162165
237856
211605
162407
228150
153603
197667
180391
238213
237857
180820
231915
151093
221924
245644
238113
151729
153931
178290
193571
192038
199617
160117
182992
168391
150140
210460
211006
198671
151533
150171
151996
175740
199971
234276
220050
236530
205158
196750
148910
156061
153816
196782
184780
174800
215376
213400
172639
211612
221826
156476
156202
192814
196489
197303
211516
150957
212959
152146
214661
218942
231263
153401
245093
182685
229823
189890
205109
201470
151217
154744
212268
168311
154579
197124
191451
180724
176266
174218
175478
181213
150124
150820
177438
188793
152970
173992
200672
168483
165205
183224
182279
172085
155998
215388
238096
175729
199168
180780
151802
150173
159329
208824
225332
189605
210260
161134
152637
158267
204283
150739
198082
233214
155898
218719
150560
239202
220928
191438
164723
229593
167820
152597
170587
153642
236205
205271
245005
166786
159971
229708
160778
215225
199027
163570
149026
189016
191024
153051
152590
161288
151256
166506
158612
203965
170765
231427
176579
164905
184011
214764
214552
182503
157147
200098
155534
210096
191886
231784
163466
154015
157156
164875
207686
235574
199097
205346
226687
211081
181932
154598
226564
218930
206699
234774
209948
159322
181617
227906
156975
222357
245366
202808
218332
242503
220112
184695
67340
69026
223325
232254
171166
203938
188957
154644
62194
31537
232208
197769
177027
156048
179449
223669
214202
152521
184467
157933
162957
162467
199928
187381
203583
151855
219750
240679
175058
228751
244877
180468
239030
210665
234939
174266
191776
243245
225090
194934
243729
180790
178530
241146
236345
175747
164810
154054
187286
204488
177095
239009
226973
231700
212234
161965
215701
157718
156441
193475
199218
154033
216506
218620
161061
201967
180020
223135
179195
207578
238437
200339
199742
163306
167911
235463
210328
162958
191202
163332
241801
201720
223281
163292
239642
212102
207598
186051
191960
208979
193317
243809
217723
151644
153310
239950
198908
163381
199845
239344
234675
193494
222879
223377
164327
199135
206358
158177
162052
198062
227886
174312
232734
238176
152457
239010
214482
213779
178653
213970
222943
229036
196534
220152
204033
197131
185840
190243
211890
233229
154588
220615
216219
201877
155538
156822
207628
239277
205897
169685
149176
68276
188402
20640
192380
245828
229774
13686
171974
173029
177244
242982
213896
188209
92585
185119
217267
164696
213998
52574
220028
232004
177170
35376
74949
191313
77560
159525
80276
81432
92215
184497
199445
185814
215145
197547
71350
182027
245194
84500
25829
195805
194851
72183
61875
42009
213413
3249
161083
216616
99166
110060
113235
146696
98747
117013
142957
146108
122773
113682
100022
104039
98023
114361
141313
102540
126136
102095
122669
131085
105154
109146
100612
112999
103920
117091
114058
97713
113761
103964
134366
109254
146586
123039
113320
99551
110688
111063
122092
128333
111907
115398
104343
114311
118878
111580
121571
98252
120069
144882
96869
119871
126018
126673
143813
109496
130024
122859
104623
118007
114540
98927
96727
101137
101251
118030
115794
121905
142388
99497
148157
138277
131990
117875
100120
102410
120751
109070
117280
113831
109578
109068
98141
134679
104270
98474
123867
111391
98640
109330
102513
132228
106313
97915
114457
142698
113449
109432
101001
97980
96769
104235
131023
132888
119631
101932
120806
129169
101170
138384
121891
103798
120584
112699
117928
117542
110256
98843
109442
129024
121045
135754
97209
100642
110321
104498
115527
100954
129744
98651
141983
104197
96408
123680
116049
111015
104950
140461
136984
117263
121388
125769
102566
102021
128311
105529
136012
110831
108407
97301
145815
134464
247665
199047
247656
165042
175852
127744
196903
167216
109655
227919
226905
96892
195507
243526
243719
187674
177738
247987
163265
125609
201359
201543
204569
153974
204964
220734
246555
156566
202324
195669
228545
207236
63850
189133
158372
210902
40738
222077
207231
246636
65530
190972
166331
157979
72500
179135
77729
243455
209403
244322
194168
163087
197623
245090
159906
83859
88241
233018
160685
230499
30001
25393
228236
67660
236327
221571
163017
22325
10954
92238
239393
61342
18807
206059
158346
178335
204328
19790
88853
206819
241760
162311
202576
185071
183185
205682
199675
48418
231451
87957
166507
227421
234134
241855
156466
175323
192280
100251
226354
246969
64572
247222
178263
160026
246900
247961
247655
120397
207460
100298
217094
200077
208785
247575
247392
96268
96234
209286
204646
228194
225542
149235
192828
206376
194134
229915
45763
153354
203451
188010
182546
222591
156292
206070
159669
170952
184993
167848
184377
194980
240769
196610
194752
240878
223350
196014
172774
192942
183672
177644
237799
189738
198529
159497
150631
150540
174594
178475
204078
236429
166047
231615
205815
205265
193082
188698
182689
227796
162201
197327
209775
228418
197714
205305
244892
164919
165761
176296
240248
187008
243118
153542
156529
173487
168832
177916
244432
153449
152559
152961
164323
215808
228959
224128
208131
203492
224063
235922
158643
163720
186808
181265
184902
209300
217218
192156
152975
242902
184572
222225
224346
152012
233294
218535
200891
172664
205180
241871
150763
174684
168376
240236
225714
191083
218418
175220
171921
204773
213188
211822
236624
27175
213837
212119
72264
198615
163457
61270
60581
7103
232546
158004
196215
186832
75532
74664
164098
204480
19256
200454
196646
173322
165215
212354
173712
152814
160373
47713
9145
212582
152534
176012
65747
38173
159573
197201
53846
193316
71957
227348
43677
59899
236083
93326
23577
235716
93193
64900
89416
177957
41744
241586
158584
233248
236852
189213
199381
224834
47021
204211
210073
163412
222945
65479
190348
155280
155402
232107
160119
243531
201591
64924
162399
166207
220475
180228
241036
185824
224883
192081
243167
205244
212077
175364
207212
94208
232451
206858
186819
178789
166256
162030
188631
153891
56063
225217
85922
205499
76368
243030
80197
192385
13339
176667
206415
62983
196837
237443
211886
242235
232745
243767
92159
188012
85968
168642
3973
50000
88537
242752
228120
223933
211237
31459
81609
211853
203259
93126
28137
190989
75719
42466
241444
167510
220390
230756
181385
203602
182300
163280
232881
87864
229200
207120
52819
161011
93402
204165
195877
196767
28190
209398
244115
38851
82652
244041
229332
179041
234150
199968
214054
80101
162524
172996
181978
226292
214032
207119
225675
225326
218723
193361
232964
88488
229769
64698
160289
192256
201659
186943
214622
199038
198459
60811
167739
200848
86497
209425
195362
208232
219309
87125
187605
156216
238349
246329
90396
230152
200074
195179
239161
227924
188683
181723
64461
159055
43275
236317
90182
210539
73437
194394
224331
203117
226421
67028
55641
56100
209656
195308
161090
206965
209491
224447
222493
180421
159534
198200
179924
93560
182111
58853
60393
71367
60707
185190
163539
225146
236459
215769
221318
168734
224398
157421
158162
183935
225579
201098
59930
164672
179921
242154
156387
233565
166848
215202
70924
163449
219211
7232
185536
228128
234898
184290
194617
188652
160867
239974
234721
171449
221096
209882
156171
189083
239297
71013
62537
165843
214522
154243
193968
164957
83502
237501
92091
187800
161756
243766
246683
89347
206100
228202
241216
218389
74989
195230
230256
197727
156063
184969
195409
216378
176350
194524
161529
153598
203235
215985
121583
99614
114227
112712
100165
112810
115017
104443
134289
100023
145468
100725
97904
109411
111565
97633
105908
98664
111560
115080
96936
114577
125747
96459
102087
96150
97650
116362
96737
110134
117107
108759
104024
119499
96428
121537
124985
97442
112749
118939
109796
101607
121241
110708
114742
116622
104111
97119
100948
118459
112306
97709
100054
121778
141220
164302
233046
118469
175817
217114
145780
225648
200142
124569
160585
108628
237096
189955
247363
97955
98697
210525
103936
107986
220653
246974
230125
247318
150706
231097
248019
218576
103551
211767
186090
212418
219377
191871
153137
164965
149461
191383
210237
149935
163755
202077
230785
223017
191086
153711
247023
214189
246831
103473
234523
227753
241135
211464
193147
156697
99344
246926
167402
216258
227392
230511
100253
98402
226711
184288
184296
96994
156263
216312
97857
181713
196044
209379
196221
162263
101734
152266
189265
246036
181677
247511
98578
128362
108149
148773
247411
197393
100362
221216
247119
64296
241004
188634
191065
139856
231137
154047
107806
179923
196726
231098
224874
194155
155657
247642
200961
112877
172700
216124
225319
206249
100311
150991
213313
246821
97672
199446
98804
99859
160543
150750
160661
231477
186143
199118
241527
211409
165950
235409
241724
229266
207984
98397
193443
246309
100270
247893
246871
235197
96503
108228
196797
196678
196315
215607
160072
227151
179378
238625
172815
107866
149028
189456
224875
73175
205193
231678
97851
239457
201422
103335
242698
246980
190553
103076
208226
187913
100883
154708
234750
155233
208738
214047
189687
206177
195762
238603
99391
98096
203002
128599
203185
151653
158598
164944
225346
224653
96035
100316
97973
192606
100429
219408
180458
191706
175916
229038
214959
197186
164691
184524
96873
158531
128462
240419
151847
96086
199915
99290
248003
100398
160354
200375
109503
232799
233231
246971
215713
247006
209977
247758
218709
182417
196914
149069
161044
206916
181063
247551
247815
225276
160535
98198
242133
128987
247379
231768
247237
193185
218075
193857
177727
99325
193720
237576
188468
222715
178165
154137
98378
229853
205696
229314
180176
152352
159643
188523
209461
175606
198443
87399
244668
178832
218589
172638
171430
241967
195752
180559
219320
208404
156809
207707
155435
226021
180246
188897
189726
245567
226882
206777
159594
222124
151282
151117
232581
155150
67458
177050
182791
149938
237517
186348
159796
178688
154426
237901
187004
242225
191712
219140
180979
199711
176617
80469
165906
50656
68594
89385
211536
88505
203474
191994
193227
245444
88349
160267
181383
206077
86635
165708
184526
163887
199790
190705
49543
243723
232235
65739
230460
229000
42701
81364
225292
187220
189650
167837
50432
91533
228553
236746
5931
157293
235304
160826
66226
190304
155721
246617
207666
240333
84564
196408
186886
78624
239332
94508
81680
240307
224415
240042
217049
184995
178185
163185
187082
208005
223509
216701
225667
203224
208614
223271
21618
224651
194480
50936
175913
8788
195048
185723
241439
80090
50457
194094
76066
63912
165056
213275
89971
193936
222676
194182
185771
55096
58260
67824
179160
223984
237844
190055
198767
62554
67404
55675
192600
35187
200217
216013
200381
39169
64011
55011
204470
183499
94216
72549
62099
177776
202572
196341
185007
196627
169984
85177
195379
68332
242515
229546
192908
168674
193043
239983
224749
190958
89241
232336
88692
181090
156231
84121
170108
244572
190024
201907
54780
159685
153154
17419
214832
228582
179573
60660
182042
244791
86815
111997
102146
135697
55864
104832
130827
114302
108828
146440
128523
97860
118676
98672
124134
142453
103341
110667
132407
113184
111167
108113
132600
146293
132159
113886
130743
128713
128613
139473
124475
102058
133890
98778
104000
98309
114328
128126
108868
112686
98848
130887
118208
125627
110584
97608
117552
98323
13690
103806
104061
112028
101871
100256
136121
99384
98945
98228
101328
133608
98452
107367
124702
100380
99367
131722
135026
111584
100821
122908
130589
146060
121345
110722
109414
103164
126251
135783
147203
137463
100859
104837
135464
100573
111961
110154
114722
109952
42198
104911
103946
117497
142513
48931
24712
30211
102082
91552
195144
156019
219171
230932
109611
232084
184949
96814
101263
228600
103116
219268
232176
182872
200141
152977
233860
97450
174137
129392
247645
166036
104414
177574
162748
247752
73420
100808
156962
206339
211881
199448
108211
174445
213608
191687
166375
161555
202360
247080
68414
74028
219459
210753
245218
160840
180945
180004
137989
133156
154456
246207
190808
152562
204683
220379
118716
115170
200193
247550
116644
180364
212083
161330
209790
247764
185830
99097
236177
96780
225947
224462
161886
150887
159526
201385
166528
230466
100313
246927
103351
243737
232586
153568
181769
188827
109220
241150
189602
190029
173023
235298
156763
108068
247984
121433
151771
206169
226342
165606
162266
178448
104016
149368
184504
206196
200150
150753
194917
235123
244693
184400
152371
163059
209348
213248
164872
189173
191131
151841
220029
159777
190730
156110
151286
171914
190793
163977
188592
173588
204599
245846
159850
183041
217357
159052
153210
78330
203502
167048
171209
192127
172571
155186
238017
180581
155382
195498
182007
178416
180482
156384
154817
234854
200094
233338
214968
156739
150076
158446
239239
238279
189484
173738
195245
171228
205483
199397
154626
232009
166399
178108
223108
151806
163345
163422
202659
215630
217849
216429
228851
159557
212125
217782
154575
184099
244691
204062
173541
213434
172116
218640
196699
218913
161623
188679
160802
84496
94136
171128
171194
151070
68140
178247
180808
168204
161131
183258
154184
176200
183814
178804
153886
228597
168045
233123
194689
157842
158284
239194
159864
207423
220709
246271
194169
151274
159668
14613
174220
226425
166923
187572
199709
177566
193216
178261
232162
91134
157779
151756
154609
191462
188015
191358
192130
222286
40046
188275
155252
211925
179480
93614
187583
238321
172670
178798
156646
214230
170257
218531
179479
165799
157354
222130
199366
243119
198597
192612
189426
182427
149936
190449
166844
160547
202486
222579
81280
64144
165321
182724
85063
86252
205047
230843
91407
200325
204379
206628
233428
158182
44220
89570
162285
79211
73230
190245
165475
58353
78873
86579
231157
78536
156364
239476
152796
188823
189594
185076
211754
220891
154083
210815
162645
152795
50719
85714
239397
186335
187982
65107
233434
183529
245537
219399
47422
178280
229975
176498
183769
159128
223427
234371
190568
207742
183551
67890
182637
204798
243742
236263
175253
164054
216803
195153
87536
18135
209257
167287
92430
32771
190316
185517
231020
185905
200967
196756
217574
241208
189446
179522
77618
176511
195916
24706
66958
210381
240349
201401
81071
200601
218249
138381
122913
98708
98795
98495
97030
124210
114761
103928
104633
123882
96045
132295
110717
103832
123925
147164
112505
119603
144452
102084
102047
123030
117058
132251
134888
106032
233916
203809
116958
97110
113321
113625
119116
139579
132945
106007
98985
113763
97345
108664
100579
120061
143221
117370
110093
138870
104497
123074
126388
128005
101839
131353
100557
124377
126881
109995
142270
97587
126489
139241
119924
110061
103117
113395
136315
111368
109279
118830
147251
99488
117608
140444
103969
148024
119035
119685
99628
104073
100094
108676
119587
108956
124203
111917
213336
109372
233055
247152
97763
221037
186144
118148
107851
241977
115798
101518
121789
146027
247553
212135
117155
173472
134883
247329
101169
164779
212578
165913
163639
108899
203539
211052
107841
129408
165050
247003
223400
241536
165203
152710
172
96941
98021
246628
96399
246921
240810
248013
247461
178968
203847
151743
97972
207107
247149
160539
204537
98518
136581
247288
100384
175850
107955
108056
229039
246988
182820
247624
247185
174302
98765
184700
24861
66048
104085
188671
180614
247223
186271
187069
81755
116525
174747
185800
247310
175811
128337
100430
247398
231775
247762
97596
229796
108688
247183
199913
150578
228114
206482
153213
209360
234594
149128
228441
219315
207384
239323
217002
151930
193957
192776
167570
154216
209154
168721
209433
194059
181996
208197
210813
227508
174896
169887
185296
244160
185551
211778
241657
229794
196827
159362
238301
189023
178967
221194
158539
190576
224381
197276
150017
226645
204666
198006
156903
172934
150724
167889
210354
209866
215827
155537
212442
240136
151814
218684
229418
201960
201553
166238
181810
226826
164250
170477
243145
51101
177883
213957
160058
191161
182709
212938
170691
179359
211820
196971
236109
185030
192377
201806
213564
164708
191501
212348
178190
160269
221371
219512
244577
204827
232755
224636
163538
161878
241367
215585
242084
152788
198124
187202
214840
206180
187035
150717
228989
233175
149852
166622
241603
215345
210777
221165
241682
240077
220085
152471
182223
205796
218105
185367
243524
218645
222933
155381
177083
227226
173528
81191
34732
157069
195996
44617
183461
189741
221933
182360
218222
184253
238790
185558
185901
209400
189728
203832
236673
152449
230209
213085
189285
173374
242525
239102
181704
242166
220253
206141
218466
213624
240968
178635
243471
177245
55500
70462
157443
37209
16891
12075
210992
183575
80437
228769
71111
178006
66082
72041
231559
186868
232351
197809
36768
212762
227896
78821
183159
190740
245636
186027
176705
175918
179597
205992
194954
202884
74118
182102
84024
209278
81105
194471
196808
219840
177573
79284
222123
186546
1974
200537
190048
233067
160910
192008
90116
225228
225751
45977
203538
202601
216816
155768
212987
175183
242724
95236
199846
34680
43184
30778
43539
81011
80704
232979
167342
227080
40805
131913
130352
120710
124524
100752
118052
124953
96006
110022
109854
118548
108789
128887
108744
111369
122478
102730
99011
121015
112240
110113
112585
99559
112395
103962
132220
105357
116228
116065
146094
142710
118485
108558
125983
113873
140933
109151
104337
97197
104303
131841
110313
144529
100007
109255
119004
136251
97045
137759
65396
48275
15373
37985
47838
247266
100989
109593
246934
112436
100462
199701
196886
215492
160429
247462
99935
181571
105482
247572
180164
120474
192145
188497
219747
237482
247458
100885
155287
120747
200746
157472
182055
247459
99038
245113
177593
160737
150918
194724
247384
156851
164113
208214
227355
175412
157647
227637
236098
48550
238408
154107
148998
184563
161525
183201
28738
168675
156846
246801
209711
242614
195720
185932
149919
245926
236532
209617
216693
241255
195665
245534
198784
189361
233408
193339
226082
244058
156163
220672
195539
156597
191174
44159
224986
189891
215350
209464
165137
197117
212158
163487
153727
178073
209691
56204
64266
24090
20206
222465
192036
37703
193347
176460
197008
219194
235809
212993
236099
185340
214763
167348
31120
184314
190181
87600
218390
230655
203693
218785
223875
215032
88793
198017
220562
187158
198305
159217
78372
213463
73459
222555
190323
26377
153500
218205
73624
197192
214820
64176
43165
200120
218248
216047
179927
165965
175764
185609
230704
198831
214126
196158
231939
185081
218040
22552
239235
38933
28179
209685
207474
194632
239488
177406
203278
45291
165384
80535
55520
36732
86850
42965
209454
172195
223755
232771
189411
94059
157512
192098
174159
182971
199966
125104
147407
131825
102721
117603
133054
111695
129338
39815
100550
104694
113500
122682
131940
132208
118872
114177
113097
105276
143578
100759
109710
112170
112339
126226
104267
103706
110206
140246
99250
115986
100001
98661
126398
104125
113673
104116
96956
100686
98035
109381
110422
96663
101039
98370
104643
115764
102626
109292
96951
109658
116741
109171
110709
128794
109687
140147
136379
113896
119252
130185
108136
130106
101612
109810
104677
113223
108883
99947
110975
140483
112747
111124
101829
109949
102292
104963
108669
112974
119207
127852
109784
96705
110338
111564
113029
101651
97835
99364
110939
131056
98588
99144
109127
105156
109551
109021
116075
120833
104099
106024
177787
238242
247346
181056
241606
199521
196546
229109
233742
235726
166607
177057
161482
206669
181971
150901
174051
223685
241589
244834
202591
231882
231762
163549
247939
236641
216281
244702
200002
197549
247244
246892
208586
164525
164627
175101
185112
166763
155075
199677
172749
201203
227967
227588
206582
175240
158675
163462
222525
208475
174618
161392
218805
192510
214950
214121
225616
172678
219196
224582
184310
157200
152128
185464
187345
183134
183202
232470
201167
220528
158342
203977
165204
214635
149522
222776
203634
220944
183277
89487
219667
158490
180990
217618
221398
237061
150834
167134
199680
191401
176613
159381
232817
186776
211634
163134
193351
173338
179441
201583
154732
179427
213512
217622
238789
214631
150460
196141
214426
177484
176494
223039
209747
221952
162818
171492
173573
187197
152785
180572
245599
243082
217606
243611
203552
195280
192209
198314
202853
163992
198738
199896
223059
152776
229918
198511
185774
236710
209321
185044
232989
162797
234821
203733
153406
238730
195606
173646
160938
164520
179185
194016
161980
157935
233119
204273
233409
232797
245688
181625
233153
176324
160779
222606
184664
239628
160409
189776
221887
229490
185922
212830
242560
232132
190823
168609
151097
163259
223095
198434
209599
222981
224573
201742
156849
151417
192795
151678
211894
206329
200886
165006
185218
215308
202487
217067
218932
177914
152605
241427
233972
195214
157178
204295
174993
222283
165284
237581
168743
167645
233866
201242
236342
222022
184053
204816
237173
160711
244706
207574
154613
214035
200005
217612
219059
230649
186163
208616
199481
210677
183750
194819
194865
150384
211096
162295
239019
233704
179690
238689
212907
208023
212913
202682
173888
38239
168389
162502
215614
195315
225569
166893
207906
194370
213156
173385
26717
202765
229526
151215
162075
203487
199436
216103
153552
50683
223750
222623
243120
184133
191822
198783
245087
183967
161303
177326
213293
231112
215613
218485
207652
165067
162287
165391
238045
215108
164664
205191
204251
229574
184244
152301
208648
190206
183761
224098
196871
179379
166890
167204
228619
196696
232943
41330
194450
226812
154362
154253
229143
163073
230032
211914
212503
245250
239475
204089
166337
226011
74998
66137
73357
211941
215506
36976
231122
233008
230006
79006
182703
83560
233582
170098
219642
165247
9132
87653
173495
78332
207997
61385
49737
198869
58002
242224
168889
175040
185155
171661
232956
173275
216226
242104
189691
177328
186574
189095
200449
206931
230546
45733
227866
242786
231366
64887
216142
74395
229151
170453
235268
167103
242362
76857
64153
228109
178103
214233
239837
205247
218835
70303
67627
185741
214885
90295
158586
86310
211235
21135
236940
221637
182134
15389
208049
237520
213538
189203
27629
197717
246526
234660
81911
160170
34029
61129
67024
221576
64598
185714
18380
162286
230483
191837
222949
177418
174795
179612
210681
50050
204988
221105
79472
207413
28603
159887
212004
220525
202401
188026
200912
77800
242308
209028
66292
221699
220808
191080
34792
206132
35710
51965
160933
199607
101861
106501
130003
118622
99972
127117
126058
97207
98681
145875
131507
126033
99160
97933
103565
147276
108723
144195
113542
97193
109768
100757
98117
108629
120596
111306
122368
103965
126393
130226
96320
95727
96499
97918
119529
120300
109943
113609
103736
120412
118018
130109
117837
96561
98895
127600
101485
96701
116187
102263
122209
113791
109114
98677
97144
119822
98852
110375
98629
104945
113704
117397
106965
138258
110210
125076
139327
102296
127200
122403
113461
124728
98969
119590
96911
115102
108837
112302
118714
97990
102033
108935
109623
111532
105663
100079
115319
96815
119462
131736
148068
114901
110539
117305
97529
111406
102096
101748
129351
113865
120361
111169
97812
96874
97470
109075
99650
141350
109239
119329
96037
114689
108889
117086
116940
120923
119163
110583
123425
133710
64251
125640
223004
110553
247457
227530
231965
190318
104704
189281
228049
222269
232981
154832
181977
172709
107942
159738
207962
70350
247919
155474
247325
55558
11239
90619
85686
74787
75081
175500
167214
241252
156185
150448
176870
159483
214894
172518
151631
183797
151447
234501
194854
187495
240261
215815
242029
229784
219744
242782
207421
226898
182658
183976
92755
22228
188388
73664
7801
48686
167558
160077
188614
152905
192801
191142
160721
189732
216961
188400
155642
196713
235482
195605
192203
198073
153327
243287
165780
201987
215147
239418
220068
211839
156155
150811
192569
157883
208744
210410
208145
203192
204108
198986
155746
211176
213163
196136
226495
180026
59165
176727
198066
184825
213836
225582
203076
164433
153180
205993
73249
213128
207141
236267
155718
192013
245404
71331
219639
204825
185478
86939
222962
243781
202968
225373
219480
176223
154620
203103
201911
227168
183965
205468
226121
199927
186564
208422
195620
94077
11485
189350
242998
237275
75099
184878
233977
236595
190919
42877
181712
94083
202649
206041
182963
193436
231916
236822
245882
196467
199475
171816
85135
187173
194301
180317
175088
245640
166794
179296
222310
38852
230902
186474
236074
246189
240932
48756
217587
187655
244495
220657
207000
215362
193392
173445
209833
87105
108845
117533
101290
114333
98299
100538
100071
121190
128456
95920
99583
99662
147662
139996
100701
108107
98549
112697
116885
99417
111993
97597
96375
111511
114828
103716
109196
100547
109633
100335
96615
129888
123856
97176
131817
97062
141555
97354
130035
115494
104869
101334
135736
132158
134981
97174
97642
100340
104883
124368
118440
135195
98749
122428
108277
109672
95799
101366
99111
98614
119819
118892
104556
127115
104541
96213
110838
119959
102053
118085
113363
123133
112539
102473
119014
123144
109387
106817
119815
104092
104163
127099
110083
120420
99805
118323
98393
109532
124137
126607
140919
101708
120528
96872
102894
121950
138765
140115
108720
97774
138747
98970
98269
111171
103740
109841
108483
108303
104034
118259
113151
99076
96514
126332
105134
104419
139340
110282
96841
99399
119081
130225
107729
143177
109580
103041
97443
97532
133348
120763
102614
96699
97729
96410
99322
98742
134554
114075
102592
130483
130147
110164
122375
97517
109644
101215
109726
144840
100884
98282
134350
98226
98208
100186
96173
125594
122424
103769
95980
102216
136387
116508
129345
129196
110505
102333
108979
131589
104120
102257
98584
111861
109750
124511
120431
102089
105548
99934
112114
104380
100060
121540
110728
101949
100623
217384
152259
243803
97649
192559
186233
119770
166533
109031
120628
247357
197068
247702
223182
222576
100657
115197
201880
161479
242801
123424
120065
162040
237344
156148
246732
135257
152644
181861
67218
180127
161884
159392
183552
234860
239581
188141
237365
38959
20558
72968
244667
84047
38925
83155
93418
185568
151720
170343
194857
196388
200613
213276
204508
187644
193674
210921
210011
210647
181367
151416
228137
186542
163348
197258
199895
199334
245259
196464
160424
162348
182140
235965
163551
242918
178699
215452
201891
185780
72695
41733
153817
174735
213187
214422
184927
181555
157999
202828
81283
163053
203066
95420
228676
219041
64540
229128
77399
190590
201387
155867
229890
197490
197214
205730
209753
204896
202474
244071
191924
183466
191844
32292
76103
210204
240301
37861
186674
94139
165534
162000
80079
241044
181774
30541
164612
190593
156662
243399
181377
199177
244911
182509
198083
87808
230264
230288
90556
161190
57783
190571
219876
73534
229411
159426
223888
184806
167127
197686
183002
217707
239183
225830
221709
217859
188047
229146
197808
10145
67712
177470
173181
35709
54644
210251
197834
234847
191538
218244
95496
213876
187033
215336
219707
231703
201474
193293
197504
182452
219055
158386
204311
71839
203946
241493
211761
232531
212359
233768
242381
230957
223323
85623
181688
62799
179911
188448
75305
177184
88715
204193
160941
214178
179188
181624
43328
23738
67506
234207
198750
159985
71697
153533
239245
238967
85824
181218
241271
48214
233365
211840
204505
227858
195711
224589
164654
53668
63465
196615
89176
238562
76463
211449
235175
156771
216600
178620
73715
188868
193267
81190
166467
184073
238655
165076
32644
36269
176640
124529
101672
148141
120066
104036
132567
98653
112651
143905
116108
106510
114863
112726
110979
114589
98628
117834
96847
101859
111903
105087
128576
114291
119164
60829
47392
117847
97590
112748
101987
117080
120885
122126
139263
105442
109468
114035
101192
113183
114911
118195
101796
102139
146192
98907
98853
140754
111194
113970
131272
98469
116350
135803
108774
109229
125507
117751
100865
106153
29722
112327
115864
102486
108612
104824
111055
101762
98872
100632
141995
112048
140932
97874
96550
111957
121459
98233
124509
131292
109719
114110
211797
167757
164027
135131
162216
102310
106873
246840
205196
196633
177296
171222
247150
208814
113720
175198
230735
112389
221217
156987
171157
193519
237999
152943
187246
172157
175331
186815
202749
174968
201620
162064
205912
171566
189427
197253
229476
198480
173288
190271
205167
153382
151307
237139
245059
243044
165809
155483
243130
190907
246019
163616
178921
152737
193835
174032
235619
185948
168385
162839
153244
168856
190851
243198
154121
222411
199309
181457
238052
190410
222813
243701
191757
198171
79142
223064
226675
209199
213853
159812
93025
213027
176116
192088
205704
221856
235004
162707
153846
223862
159118
204424
181794
240235
195187
238887
190479
164974
158272
152364
218146
240492
159061
155532
149310
183348
229349
240530
199243
239300
199292
175226
211574
183145
174858
150847
227464
173055
174443
151984
217438
177153
156329
209896
239506
159200
157288
179643
150474
177403
177292
208154
237164
209285
192635
161907
211109
160344
174325
218204
197641
173779
214149
220083
226061
221703
152238
219806
170434
164961
206027
155079
229924
149953
174736
243312
61014
185068
177755
202993
156825
201647
237925
210175
158689
174859
208951
232525
210789
174002
158121
159193
228620
212096
189298
243714
212090
177007
224132
225530
196144
171473
150821
166813
197027
165240
181734
154422
237281
194163
184766
153702
201225
239017
161951
179298
156800
235576
196814
162346
217512
236189
151828
182066
156737
232039
191701
226993
182867
170992
175455
152249
200136
182718
152440
212820
243788
163442
175889
183900
212911
239503
203878
230240
245177
170421
204028
155371
234109
195763
151834
150822
159470
204051
210544
172882
176603
150184
201626
177163
217710
196409
179396
239818
155015
197463
197867
204856
166011
226994
184626
240224
203108
195552
185493
198872
153034
160795
198749
198162
176886
159039
192309
236421
223422
162335
186513
186899
185490
212155
183790
175301
201286
220627
154471
172402
212888
197467
150410
177798
194813
232663
150122
198077
184494
203616
207330
181326
157172
174917
193359
192043
176188
226722
196174
168349
170467
156412
202121
211140
199418
181877
214689
210038
178233
241996
198387
195702
161833
154130
183089
148699
201106
229809
214170
150100
158576
153392
187277
198276
182033
227732
184954
246418
168930
162541
192634
177702
198950
183250
155367
161800
168912
211453
214745
189932
170713
202006
217155
184272
232931
206599
244751
174558
165069
150789
170895
174389
167451
203886
164023
180989
158563
182234
244822
152984
220164
176482
233244
178234
193977
189881
173829
157533
160162
177423
219589
178153
155026
181611
160909
220910
157471
184149
185077
237759
158350
159331
176311
159889
211967
214814
208893
199852
159049
243442
232509
153160
239641
159923
165159
155816
199225
232819
180217
170236
240362
200603
180153
208956
244723
169859
159357
155756
183113
152794
244295
161782
208495
160847
155830
195878
176696
161273
184897
238144
167433
179315
178753
157610
85268
160644
184646
152443
215466
171158
197400
155333
193684
172074
227943
201417
181748
194477
212095
167296
218462
157255
162593
159400
184176
245958
178899
172146
209054
229429
150697
171681
150141
176357
226683
164597
155016
201088
211838
234772
228635
220169
174322
178259
151409
213000
245590
154521
180093
187125
152310
209301
160134
155092
208788
170320
204367
236356
154764
180298
210571
164412
167721
161241
178694
151198
217312
159120
151400
238698
162610
153682
210962
235077
156744
167054
191911
24264
54066
241677
246781
48126
164201
79838
174852
208236
234859
235049
230157
199034
226083
186865
152829
237318
170593
224051
166142
177872
214237
166745
234233
194329
159877
73703
204949
158407
202221
73559
182479
208400
155211
233623
170349
239481
162932
194922
198507
245104
179152
197102
214781
71693
224455
199734
35060
228917
174482
182473
197291
158480
71928
231466
161407
212850
212597
165167
203121
210358
216844
57212
219440
212372
200787
165980
50127
168922
190166
190454
182937
219169
213237
226306
183877
155875
83622
164528
171017
159677
246274
187848
185126
165479
225066
209557
164479
196079
203882
182036
224926
225132
219982
179497
42237
79686
57716
49151
36812
57864
49360
26734
63184
35901
17773
80345
43778
20935
84174
62527
14079
78319
32740
38240
87286
92578
64283
76159
39578
67814
83210
198075
221949
29667
71204
47485
69666
64303
54510
54322
14171
52651
204543
62607
52709
80284
243571
45140
64188
79806
56987
56348
2024
94737
237696
10900
73248
52097
60134
64037
28022
58532
94171
39953
37907
28545
22265
81584
38854
91517
6329
51782
61330
19920
54059
48189
74267
77736
188928
27952
84648
78953
27836
64359
84336
36435
32180
32053
79543
60487
67648
6921
71395
56744
33007
54147
61880
91539
64213
41698
73682
61521
53381
84537
49278
82648
58854
28913
52739
61804
84067
51048
75748
92035
41247
43396
39645
6872
61030
18666
73955
72972
53286
33168
85606
44025
54591
69040
53575
32213
79345
18570
91919
50987
49800
23190
30591
4359
32092
56688
92044
24874
47378
87029
93223
42363
55305
10237
75708
70971
79812
55797
199943
54967
75603
60472
55725
58268
51693
74078
71439
28228
41572
50567
83336
78125
35372
68694
185589
61380
69554
23495
71477
62328
68125
87529
59823
90377
45149
79700
62009
12826
43325
37914
78812
80598
68721
60271
54625
29091
92500
80340
41876
63528
22771
57749
37762
50491
53472
76720
53715
71426
52034
85898
29353
95638
52866
78651
21983
58586
73755
42061
64550
70313
47006
196669
73918
35620
28158
82056
87023
95233
75022
18234
40937
83628
5005
67789
87036
12452
161253
46864
41080
46493
49303
70951
74926
33088
49754
63317
55582
36795
29963
28174
28536
56464
14127
67300
41594
17950
18467
47778
26290
30913
48943
25264
85885
92631
52151
93299
70471
170103
61008
59617
188391
37820
29171
19088
33739
26440
35422
218952
74563
66962
59092
45190
42948
61492
66252
48978
60999
49500
74011
76170
62589
50623
58193
78454
26039
49977
68022
62075
64481
53179
42378
60805
63703
88153
60961
42778
169615
91188
55350
80725
50892
50190
67034
45994
76256
90670
31651
80391
39303
29819
77398
81637
80253
89284
34389
51779
81846
77665
68643
69089
43950
52727
28876
56966
48924
17395
82204
30495
58865
22893
45630
61284
56017
51043
23831
19192
35152
51398
62449
54622
70374
61002
53541
21049
79170
35481
56845
53400
77217
56767
239094
69275
48434
38609
44843
40525
69278
88913
65974
50906
35700
46050
31648
2269
82705
77428
57955
54571
21744
66361
89301
26950
2710
78452
35774
49258
91947
62953
50920
44001
62526
39563
68051
62443
44942
66714
67453
71604
74031
44104
79466
70723
23747
35510
200985
54034
79071
68499
67217
44324
242261
50691
82788
86958
182029
47009
70541
44239
20236
12738
21936
78078
60980
188539
4601
33594
50341
28245
28640
62970
77819
42699
36089
95711
85923
242406
85642
20790
13443
56535
150264
92468
75466
66875
32754
71868
82062
62413
166152
62437
235920
92466
152900
61924
213145
84486
94898
82813
148498
148519
74319
89120
48483
69164
57467
67495
88222
35936
90150
25570
86353
61725
95671
58114
14086
18898
28314
88252
12795
32989
63805
62064
77118
50020
58815
73317
8743
45192
39334
78565
65606
54348
79293
22088
61983
59132
84570
48704
91298
42007
72345
30850
33730
66785
16353
62084
76245
79100
16716
242440
93752
26131
20421
86704
80592
177955
17491
163864
57728
25363
244191
94567
73552
75818
57885
65007
71816
23004
25446
51111
75345
37216
94723
78557
18457
84064
53577
63740
30078
28250
10520
87051
91223
75259
92268
59917
21268
36490
232514
83107
57271
35842
170728
54206
86316
88892
13326
84734
47609
184274
237459
35342
33983
74517
71256
65232
62938
56393
39254
39149
56398
61746
48230
91945
82829
65357
30411
91427
58219
50774
50469
42721
77411
209017
42975
59833
2593
76722
51711
40392
14946
17090
48765
49544
12659
64415
16819
162808
54865
69479
26441
55188
73762
49287
25850
47002
44336
81330
95182
57932
27607
56913
36295
58664
80385
94561
67309
58246
64825
52676
70882
89793
53838
40374
47897
57611
69142
70655
26681
70941
79997
42220
69840
59112
73959
33473
63973
39553
35119
10523
72242
69104
29446
26409
55478
44802
36715
89833
166945
58236
23374
51388
21241
49916
76540
66027
90717
48559
65311
89831
84700
49666
49327
22347
23675
81059
41511
19494
220838
43530
42970
52226
34017
80134
64034
21538
71891
32931
39121
84019
182248
67832
42967
67714
27744
32911
70905
40834
75430
94937
86417
38998
44696
86590
94827
19574
69125
30782
50827
27546
18723
56617
28393
80849
16641
73347
90382
39147
42533
63010
64239
59331
89692
51273
85340
42461
67907
70813
81487
28510
30071
55673
230746
74487
38146
29642
91184
76501
54325
80388
27070
39323
80069
59827
66552
215233
52180
51599
91691
65394
71314
38481
9445
48346
79498
87384
45421
71357
53817
83270
79669
180473
73467
44989
227276
58085
80506
30092
87158
89343
89691
29687
44661
51663
39516
16131
65408
20739
82764
44893
51287
60785
94045
38985
83918
78456
56475
44289
87618
237616
47673
28904
91679
92773
63429
57863
65626
83334
52202
41883
84617
88802
235120
199639
45112
43637
90178
66303
80124
42311
42496
4288
20779
43957
69822
66895
42351
86578
46937
60726
38081
44315
20052
204804
229116
42991
26709
63241
72033
31226
44585
28873
35523
60184
79822
93261
89269
63417
8140
56540
242850
84118
65128
64755
30628
91863
40749
44668
41166
49048
21666
67755
53820
26515
2749
76764
67602
36678
77532
65726
74424
27593
31098
46549
50756
90255
56731
42027
46111
67793
28794
81937
40640
25726
59639
67895
53106
79827
16197
3409
198380
83651
32613
40712
214744
80685
20121
90946
54788
56209
225237
221760
37250
63452
136
61329
33814
35652
36686
49959
27243
89236
79941
60845
55034
87979
69379
8776
58126
216277
84376
198437
44458
90180
60908
47914
64998
63725
79474
94854
194437
94320
231832
89689
3201
59410
94164
59209
85176
4076
15723
41564
91611
84701
29025
17285
81472
2917
89468
89181
61029
62572
89111
234599
239575
12126
83674
38520
161153
70449
14300
85047
39623
70298
70006
42479
23871
10965
243819
84593
52307
80971
94905
73312
239646
79568
58836
73306
47140
28265
66849
164165
91849
90439
50257
221758
70854
96405
220939
68516
231865
169489
17635
215949
76788
70463
68329
24514
200932
50665
61551
53356
28412
79306
40672
69296
46171
28268
2242
74167
81949
57518
45104
48999
40417
95295
41039
71489
16101
81158
64683
85314
70984
75772
47205
93478
5296
22383
165298
79418
95049
227220
40138
93987
91169
21479
84066
81213
62978
47792
56603
80634
25517
68386
24804
35052
77412
91917
34942
48829
13307
78922
65043
18452
76665
73635
89119
66640
56729
33625
42622
65542
35917
90809
73359
94044
94565
30410
39972
49773
220554
55039
43060
234268
74017
78142
41029
37307
73339
35455
13680
87324
66952
58179
36131
71326
70576
93159
95535
82949
70469
51247
85718
238969
15886
53673
30894
38566
40358
83306
8494
24894
2389
49130
20022
52854
36462
83109
70687
34101
83749
27825
33121
14642
56254
20415
77926
2039
74730
47272
91437
69414
75789
62715
86893
36137
62653
51137
66746
94238
85342
39646
10282
33458
205154
50158
10348
49390
44269
92120
79486
47346
74388
69675
80786
66351
19760
71006
61614
929
92004
54469
81309
60509
55851
227156
71455
49217
49558
45718
60697
65137
15275
8234
76622
75039
82064
65857
75635
68497
71772
66634
75315
56980
52832
70998
28078
30711
73652
62768
88754
24576
42468
89227
71436
39766
68915
75307
35639
83057
47966
65912
172706
62817
59486
34346
85094
18374
33285
21938
48889
36741
220311
37260
86786
59932
91434
39011
37963
80903
244124
63550
59334
88408
85635
48428
53295
53438
53198
41423
224008
79192
87095
55983
66799
75167
32120
5185
43567
86880
27224
30543
198280
68870
39430
37203
51190
78839
88934
56566
54678
50136
64388
26652
58885
14025
68833
52750
67124
53001
69639
90371
42348
36959
85092
220850
28946
69377
23820
20414
49123
82582
28979
10519
30656
55559
63200
80312
35556
90227
66595
81152
92482
25817
37217
52798
36366
73499
51016
185936
45075
50831
56937
79897
20138
68356
33997
39301
59372
74715
22858
231166
59023
73008
70315
78168
71898
63613
59654
73396
78830
31479
70614
52237
28142
221369
68174
24239
69271
14790
13681
46708
46094
44242
78656
83825
73832
36235
92253
17416
6495
72054
45730
54894
63456
61113
179896
47275
88668
26514
69764
66764
37982
17368
30785
38207
92274
58141
17173
62583
15278
78619
26577
34300
60039
41505
66722
34779
77946
44752
93141
66073
69830
77976
182264
72674
84979
45992
13936
20307
51071
69112
35970
58591
23269
94016
37641
89577
30590
56195
76412
80249
70661
65497
42536
82857
232590
8480
67251
58804
74874
78627
85545
62787
66711
88845
35448
91640
63385
65548
69152
164891
44579
81053
82494
60971
28807
184536
67551
41512
60643
219805
37614
4412
80183
17908
28342
84586
93744
42570
67622
54354
54682
60457
14709
19553
11310
92886
90759
31257
16365
46489
59523
34207
27830
46120
79801
46947
21246
38826
229577
76737
64302
58356
63833
70003
42281
67350
95083
46154
83536
88018
188586
89725
92390
75537
63332
77600
86638
46197
65651
93833
87655
48508
85663
93544
31448
62798
71291
71495
80207
68316
86793
31927
90188
72880
203972
31335
66198
67884
39857
51919
50160
59855
80945
17471
41146
3540
170834
82097
78236
80159
164295
47045
87772
9221
82584
19447
64162
71592
18691
64940
90509
91179
76344
54234
50543
20961
38433
34621
37343
75211
94570
73825
67984
51895
12432
41729
7229
56169
217367
167319
87910
86483
9958
91797
162856
178590
82515
208472
86482
84522
93806
34909
62765
23786
92195
66549
88848
70571
225943
52493
88493
23450
63686
87194
67771
30580
49942
46509
72888
57345
186662
17726
83515
91438
55750
40599
80878
68439
51808
92748
38090
63072
27926
68011
43033
83626
58490
93642
60073
71828
41530
29345
92446
44853
52970
93150
92853
207447
194817
168024
52179
46194
88154
28319
19306
65138
208268
199072
95102
67194
16509
88140
29643
18518
30473
56633
59282
75009
163861
182501
240694
68397
49002
45330
71005
239783
47409
62273
92627
54126
33276
85279
46717
19234
35225
3303
24307
79716
194512
72811
57104
12942
94454
241474
171237
84583
82402
162993
6746
16443
94361
67459
218854
64844
50786
73482
52635
7439
15396
92431
50819
65464
152318
194290
63090
66767
62721
92832
93844
23215
83965
79625
17352
44634
42641
38884
71437
61540
40675
70753
66872
74208
61565
53662
36045
36971
50254
47526
73677
41363
41076
16635
75336
35670
46995
78800
6071
68510
22867
95254
36272
238813
67336
20892
199342
42481
66874
72582
53914
52215
43819
215159
57390
43618
49057
83429
79699
29995
69514
65837
44694
230448
73847
69849
22442
79799
46099
55424
62060
85535
81682
54770
16032
52482
66745
171908
3247
53322
2755
39559
51981
49955
2689
71688
84157
27788
67926
215386
29620
25396
49424
54258
27879
75571
33757
63620
74757
48150
88476
25620
65955
85595
48381
68818
22176
44680
80922
19631
78806
91894
31281
69532
66902
66463
86020
84091
33969
44425
62629
70376
7809
40116
61873
57306
35772
66080
52713
65144
64621
54593
35825
62235
45198
22164
77778
39888
31676
8877
13450
93275
81880
16105
55429
79904
222034
66326
95716
58543
83075
216504
75585
70939
20284
85692
45348
49472
69433
36296
34632
76762
33531
54237
34917
29214
89043
49859
53280
49790
73933
12770
37092
28031
241316
60975
9439
84677
13144
88485
179508
41407
206615
21232
79626
230237
38668
62649
62296
50353
57521
20004
75587
29285
44532
47413
13887
27345
74887
81756
199119
51935
62056
71849
45269
22062
20374
51389
53582
91068
49971
46809
81998
58944
37646
35326
84255
28367
56912
35459
84679
54624
71268
45970
38242
39220
233914
25797
198296
55400
82183
87943
37856
55842
61386
80015
48367
32414
63123
58996
39513
47081
37751
43000
41251
15293
83457
7226
170247
60468
57047
62531
77688
75212
84233
28971
76934
89886
81751
222252
59750
64584
37995
57601
89110
2588
55985
230284
49171
57908
152942
38622
31969
33309
73610
32166
203778
30488
51718
92868
21204
92094
83506
90536
66842
71306
73708
87032
82351
7722
167116
94774
70691
75356
6660
40341
66163
75710
64462
31950
50716
85833
65512
41964
25923
77275
77992
89776
46373
79151
25507
78666
26005
86094
70198
57775
34709
54688
188256
38731
69113
227635
73052
57859
164014
75423
77476
88620
45318
46410
69759
58983
92436
56076
92927
49457
71605
33949
39415
94234
156254
59867
55601
50653
85008
39056
18334
86925
49396
20941
56441
79915
88094
58794
72256
49362
54263
51601
37603
69855
240752
53423
182287
25352
83014
79972
37354
74247
43309
71580
88665
13556
31730
74824
32034
82395
37970
82533
80118
229225
90934
59809
69738
65294
55472
32460
35191
55353
46485
74404
48782
41115
32517
27530
84243
44604
84156
55140
42945
54674
10338
31169
28124
77826
37310
44368
64627
57235
43701
31803
70261
27283
33064
43192
82827
40345
35109
25156
200904
87254
67173
46060
70438
70706
59431
43923
57498
53485
74448
44246
189403
82290
62083
37604
65019
43746
202514
92069
93968
39052
48480
45441
47236
68544
51984
50749
28573
75752
46523
89786
7416
27371
74506
12427
94372
32066
54078
45298
59465
207622
88341
26926
51274
74737
85072
62507
11333
70453
52501
27150
22107
21113
60912
166305
42904
84353
88302
7970
36775
49410
27303
50284
25761
64125
8506
20501
47532
85129
45774
55126
72912
78675
40632
63522
84534
64750
45270
224726
52902
160836
32595
75567
57634
3646
79298
84063
41318
71088
65482
53768
39929
214557
92690
39844
89007
38913
86471
54284
81064
61786
91064
21966
57496
44274
94094
28118
82564
78423
76879
59526
5127
77387
66754
25229
60889
20143
49009
68281
23204
60759
76242
60966
91536
74214
60141
190731
72437
7206
86017
45898
76761
78622
95430
29223
49970
25652
58087
12085
42828
72258
50400
59903
81127
66968
48023
93465
59149
52467
89179
73340
34054
22646
86065
82865
77879
49083
80863
45412
61788
42674
66944
241819
51474
91720
27822
63910
24568
35658
14422
59199
60614
35961
69011
66311
63337
23929
73288
66433
49113
46040
64823
17488
46566
62621
86762
49738
81130
53876
93835
61696
72700
57982
55071
80518
77959
89388
49597
87551
94403
51270
89465
22670
83713
181404
50202
61364
81743
64334
18765
63901
233547
39604
89409
85276
9318
64330
25350
34475
89037
53108
15416
40643
63779
68957
68995
21062
68929
9096
8517
59513
75612
3830
30797
82508
44873
24764
73568
63254
82478
34044
83968
89814
30514
75296
59087
83769
62001
64291
29075
72808
81196
74534
51494
42452
70178
81186
21590
29586
68680
69242
82255
14559
53979
63019
35219
93040
46628
31613
78551
44720
59024
46346
3887
28660
77629
47110
76397
70725
41313
71016
61533
69794
23908
34416
86873
82516
15996
54596
45560
46491
203072
56724
55871
61658
22835
83643
29895
76456
7079
23653
90199
36284
19597
18606
32569
235441
235668
224006
75888
154516
75055
69269
93228
57458
87149
75861
162762
25531
82360
38944
16604
201293
75279
230083
82620
51051
82132
60635
23260
46685
53257
186423
74684
91428
57050
85867
63980
49557
33248
83374
28707
56277
74765
91951
11202
11645
174338
77961
66002
93635
32167
94306
33765
92041
69105
188941
7365
59241
95451
83822
206750
36149
82629
48109
74566
26758
79996
74503
43269
45776
55571
91048
237719
27904
44132
75689
198883
239153
52876
58582
28130
9580
58607
41291
81055
72019
46620
36560
57420
77982
73342
185117
49267
46217
63276
57653
90119
8682
212862
21055
51260
62893
30197
35085
21171
31401
180664
191584
75919
199564
57986
45425
64512
172988
217453
191229
226922
72293
51692
67219
82910
101164
68578
27659
97054
247059
75926
157152
46815
32975
88546
54766
194911
62754
77052
154874
34123
243422
195774
64891
246811
39263
60227
36797
41500
36881
17271
38032
73969
39954
64932
88315
45180
23279
86014
89737
37221
84573
79223
94401
20348
182141
16349
227680
224452
53185
54259
65734
85369
53282
72525
3987
49654
74356
34671
51898
68587
61333
53525
83185
66287
82659
88429
9433
46784
78209
62834
62259
86125
84280
90718
74450
62761
88814
31701
58004
86623
11500
61995
51047
5430
191518
32289
79338
58076
76027
57773
184140
36364
40562
60735
86396
82776
54908
75785
86879
66219
82198
54922
92131
86371
42233
27023
78294
190183
61887
38124
45862
65844
40950
58609
55372
48114
38677
67386
91229
63366
63003
77522
45401
25066
81234
42300
74021
46203
20726
73274
61622
236497
86492
16504
64864
51172
62905
59933
68701
71193
52886
86788
82666
46325
56754
68465
73545
27291
48095
45338
55347
23274
58691
95247
42584
59544
73592
6174
94828
59887
94409
59517
60387
86605
55762
20976
75996
24373
30861
95240
41463
35699
69614
56859
64255
31378
83360
38558
23914
44692
237494
86692
84548
81838
61319
245658
24949
40627
93107
30163
40953
59352
61536
88823
89561
23102
43135
4835
36877
92325
41341
49622
72204
68896
36224
72868
42775
72876
51969
76418
74287
33195
87070
80241
66008
84049
78272
45864
89579
187171
86359
73544
64453
92676
43017
31999
63915
64699
65130
61544
54531
39402
78192
83020
52243
76269
64051
35327
83339
94836
87006
79384
91843
84235
36624
52943
76161
45088
60905
93591
45688
89279
212636
73372
43127
17703
51764
12284
71759
81252
71767
29959
24521
61902
56923
88895
53364
52790
167381
175435
202847
8624
66833
46770
84459
43521
42337
75543
59797
83358
54150
40814
67782
19338
4348
41508
60979
77638
88749
34385
34776
48078
85699
36632
61892
29433
32358
67900
51358
35815
59737
52614
74770
47060
70120
71037
65752
44731
57905
231442
230797
78784
40226
33290
33078
81611
179587
74891
49946
50715
60358
84905
4032
69827
52308
58773
153376
43110
22984
73622
46484
66078
24954
74379
67170
83745
50095
52394
38436
90482
55803
95374
15844
80492
46352
89698
194956
24395
70370
35144
55942
31073
30021
50568
38224
35882
216990
63074
45463
57675
70923
196639
39691
34479
94805
48842
79588
45890
8886
28313
52926
34498
83611
75238
62898
202117
55512
10432
40161
32001
72869
74519
89964
26974
79001
66431
214103
95191
46760
53048
51560
40646
91044
82399
57052
28444
92467
208159
82244
73385
83869
52836
17356
77374
11634
38672
48316
41016
39043
18263
61742
61463
69909
65634
14245
22519
69273
37699
196005
38181
50632
59462
67487
2494
164022
187423
68897
219345
194618
92258
80853
28292
27314
38507
236966
74285
81747
46989
26078
33510
57176
77430
36452
64942
28691
213889
53235
62421
63379
25893
92960
58578
61477
26793
69793
43614
22686
78654
40428
38667
87522
94872
65266
74190
75590
92423
55546
40954
48927
68079
78422
32080
27517
38671
10826
43051
92899
25806
79784
84740
5923
40942
74546
46814
33951
61161
34958
59313
65451
77159
70233
46253
41584
65860
32967
78331
239811
72251
181872
37573
82187
55911
30603
67171
49331
53845
19868
82751
83837
68239
60458
26886
15153
46925
42257
92955
83641
86977
41872
69748
46219
53488
47952
69969
31597
39021
36359
210140
94555
53096
10350
28262
233913
86679
39033
205788
53791
63840
55088
77069
84438
70549
170859
54090
63674
72499
73471
32287
6869
13082
63132
197819
44954
91525
32041
40192
40369
48232
80875
4913
42098
43865
45989
81420
35222
76371
11839
3396
69650
43767
78024
27664
43661
55266
75663
57659
84215
52011
77384
161340
81651
57966
64200
94027
42057
76119
58760
11703
38923
63219
81906
48245
35736
70828
76304
2363
41081
173392
94338
75384
25077
75758
95366
65722
88290
35387
84983
192328
246147
93188
57687
45040
76755
202344
222636
83950
94213
30420
52132
59075
57114
56715
65720
95086
94647
92795
63049
69183
77018
66341
94869
71995
93055
21248
28460
86914
63659
68952
4269
50791
10541
44664
60545
89158
75560
91729
237766
77041
92502
14845
66836
67441
88100
92824
31384
87562
46599
89861
50459
61434
66924
51714
47243
12144
43776
25567
61239
70211
81400
92203
74178
86405
29412
40401
38107
14753
87401
85326
86539
57934
25478
93570
22114
85225
223573
73176
86855
71893
63174
79998
53121
71222
74590
181352
88558
71626
37445
46769
31158
68289
91651
94423
218021
16628
19503
79427
85905
74245
64154
32970
55361
62518
10009
7572
57478
48349
49016
171270
66791
42157
60173
27300
31856
90710
63658
72653
198565
185301
37557
66662
9818
35896
19891
47075
69138
48992
55422
81274
222868
87847
42331
61546
75311
57131
50014
49448
10011
5191
32371
187060
84297
89842
48993
73048
61590
80550
227628
225848
57878
66728
54733
85617
43888
195057
6706
193699
25566
159931
41036
234218
196233
59401
39424
188822
212243
82587
36379
50106
39431
60973
29537
228594
51439
236200
44168
45918
82937
40957
64687
37675
25672
46314
79979
92230
84629
246136
86423
79012
63976
34869
94623
24829
13764
58447
95466
93448
61624
69244
57977
151600
45080
6215
59657
55490
71932
177376
185362
84745
18251
91143
62887
245002
90101
85798
52478
88983
85841
50027
59805
3030
39241
215326
66439
52448
70307
30104
85099
83269
69603
39482
14342
186162
193511
49073
84354
94002
70253
10764
90750
207860
77733
69755
187350
50058
30059
87321
72548
184431
85959
93643
31711
55208
242537
37515
28484
2883
58721
11288
51063
25167
35149
76822
56978
11502
49787
80233
68083
58097
50100
86668
178442
243444
3576
70270
84971
88335
76286
61503
57871
84792
44632
90701
30565
49126
92630
162163
51207
56298
63710
19471
78814
181452
27017
45815
7207
48172
92328
71105
201736
49553
48926
179470
173985
171579
65290
92935
44179
205846
5419
25340
63547
54799
69386
61013
70850
30423
10648
56280
8600
167967
161304
62442
51278
68658
11799
95926
34657
79798
214142
87738
30015
73123
41343
12292
87060
39547
208739
47768
43343
240011
63258
170074
25996
76553
173448
157405
221411
153521
34445
79056
204023
186427
29965
34795
62365
47410
45883
45914
86231
83426
55957
50076
82543
72048
76118
235192
56628
16686
6390
67769
81170
79477
70979
86572
22948
53429
75177
78673
46923
48647
35539
77096
35082
87887
64790
79691
11480
76594
60569
70510
65152
79501
66321
72032
62166
78957
18077
44728
69370
22596
52593
157115
81132
234200
62637
69927
81844
188237
95417
6940
87030
47527
51030
35148
21410
22421
74316
79823
44463
90727
49606
225035
198127
161213
34746
22707
75375
36813
69274
30304
46648
83076
47621
190441
39399
49320
33972
64856
20395
10594
33907
15678
187183
34684
59692
33573
58293
60870
73273
83946
203506
218167
222839
72064
242685
182923
212217
85880
72335
90580
181583
68170
60372
46006
42765
167115
94193
91944
53718
62830
59601
86791
74862
34927
66597
56568
15046
5531
12136
79029
75607
20715
85220
48912
64287
95508
19049
65738
14597
34360
50466
18767
90056
67235
66577
65591
59317
38073
165644
209935
72077
39986
16375
76964
57500
88495
86672
33521
38063
62266
36561
244411
93131
83479
226038
176892
184645
27332
195564
76142
186314
80519
952
67599
182262
77697
66814
45602
58679
85515
51553
85357
45133
77530
67941
45533
33351
59037
20014
46697
39626
92043
82359
85792
91605
71614
93424
32749
207988
77789
191693
70252
67716
69979
51444
42128
20866
52291
48271
46178
54221
64549
207862
234590
48460
41400
83262
94751
56816
88585
31810
61557
70466
222701
216841
46038
79593
88333
28508
191162
80164
61631
92254
73551
92322
52041
61687
66679
82869
67318
36361
51731
189529
164711
52085
94770
78190
73672
83842
55330
232007
55073
71273
50237
148940
14742
78967
12824
68032
33939
4337
72162
84018
67211
59450
39816
37999
83048
85729
63638
92305
20232
59712
188471
64373
60821
64821
84549
92148
92416
82990
75767
49531
11405
86035
47222
49831
66157
58349
72681
18220
90242
28057
65068
8562
64666
24198
59752
62458
93080
50922
47599
50474
69745
73177
64616
91893
95263
83747
88084
53811
83812
43291
63520
57369
128
65789
157997
191011
40715
65641
78266
74123
90089
81033
85565
6959
5424
39567
49678
63519
54339
78371
33948
88533
87842
20755
72889
37033
29707
42428
92475
69880
44450
241212
71119
28501
49834
66702
94410
12099
84181
53942
61933
48352
78146
51538
91503
23402
25402
69203
61972
220597
40289
72375
55217
29437
68042
52117
35979
46944
71523
32089
240030
47176
94270
92739
226706
75206
50965
12794
67830
69200
204498
84769
71017
29516
13040
35228
74026
10303
38072
169622
94972
81904
77731
42734
63197
82045
44571
39739
67288
83646
27815
80430
87833
74954
49326
43293
84591
75223
82469
34652
19167
19785
50185
78416
236802
23604
62824
74603
31245
230435
69494
37077
83437
91144
65309
85779
75093
29746
50245
79931
58232
70528
72252
10086
77471
92654
94677
44491
23356
76640
92481
59894
42709
62623
45740
72086
70580
18108
43603
67267
216136
181111
208665
90922
245083
47817
72354
89437
61553
47248
94138
90722
70371
49401
30023
28679
76182
42449
29972
46411
71372
34653
95846
84009
36615
54810
82210
47642
17051
70435
107697
43378
58554
89871
57558
197271
52625
68009
39525
49219
62997
162248
70457
67236
37920
86203
171613
73817
86954
86735
195177
50293
167684
22628
54006
228946
22693
196864
25666
65575
207784
4828
41722
64888
68008
49494
84674
88821
89112
25854
61677
50101
87426
48463
76802
68815
92954
35614
80568
53501
72721
35998
61466
242512
3280
64035
74038
64115
84890
76314
211680
2152
51505
62261
71060
66765
50087
6409
3473
47823
84392
39531
63410
184203
75859
5739
75660
54648
18388
54882
90774
78112
57515
62108
54408
45009
88569
65927
186095
51411
14992
245286
77724
88453
57507
77567
52331
5539
95645
32651
87603
79178
62241
52039
48156
52860
22870
53194
18284
40237
56902
63601
82945
94750
55026
81991
86361
195290
72475
56001
63887
30517
66150
72612
51085
19579
60156
73509
202405
77996
30124
11928
79133
172800
74983
79267
89782
3901
65127
82948
27302
83780
84722
31976
228350
32795
50465
25466
11708
88966
19752
60165
76528
53041
55456
45152
245727
42443
157744
77686
60212
15596
16670
230856
65214
48547
90493
66715
69392
61819
94690
64495
66117
29596
69930
60364
83357
74925
86875
182848
84675
74555
41933
49990
34218
84735
82697
64736
95704
84688
67934
83752
33716
78874
26138
69374
59088
70702
86561
44611
42854
68484
67709
58216
72432
44566
69061
157057
198525
44804
92400
51816
65790
73895
80341
94641
50951
61366
23774
73834
79880
29403
80547
73192
43951
44543
39787
75528
57313
49408
43988
12112
33453
77899
46086
82744
90327
51083
74855
52776
89369
8971
89810
94071
53579
15310
12392
48084
92669
11349
35444
60222
91275
76631
41820
36221
73795
197935
82750
61915
18729
73403
64746
18755
70771
93146
37162
70891
66476
26224
72372
41755
51345
90522
52592
50344
94125
56132
32941
88281
69769
93209
67084
764
39895
56154
78680
45712
76402
183231
58905
81583
208089
58190
74611
18396
57726
63472
62142
62911
4529
84939
37680
47451
90743
54763
93220
36388
84300
23750
49089
75142
52063
185023
89714
47704
68642
13471
39357
54873
41904
62904
89639
40029
47270
11844
13701
20854
82267
74557
24737
1499
48169
235481
54586
23920
186831
29528
63218
231787
33231
77752
78325
70678
16102
69741
68905
235884
188335
62587
60097
37442
189643
93050
54750
243741
39749
10449
89705
209754
62170
178256
74393
62886
32025
206385
86748
35452
65829
36722
198612
48313
78659
55287
204330
66187
29977
44601
24027
22308
76147
70364
67010
39720
67770
40901
37836
85688
47559
27988
64391
61990
65304
65612
93022
57647
90079
29813
87783
79566
89766
72930
52940
27837
60945
93114
86810
32609
33873
65715
214222
80675
77814
40552
49304
95220
181410
75065
55115
66059
51839
27099
56313
21267
67003
65434
7850
71945
34412
90959
29421
95027
31861
236985
45120
47694
34950
13207
90246
211503
61286
56962
27931
195921
62429
16550
57394
85478
94397
47589
64193
47916
68137
77343
60293
78693
35356
52421
76061
55780
73495
75889
184849
46101
39065
42969
57895
174018
202368
78415
44823
46013
75931
78018
226658
27876
222302
70481
84667
56163
78799
40070
37136
70390
1285
37831
90763
38962
188498
215361
90434
69921
53452
83342
21600
78014
45983
23981
79227
69620
15035
63693
74022
91389
75265
23325
47415
31428
92459
211866
62132
48033
50505
30893
86058
63531
38309
16367
92135
224005
92403
93727
71645
80022
26448
61276
92641
81421
86884
4438
49614
154675
35106
6036
61985
10999
83432
60501
57017
48089
29102
41827
60722
91326
59227
17598
31300
86102
44051
197683
89706
67860
69621
200545
236145
74192
91772
217457
223731
217185
52424
71812
73518
79888
25527
57597
81530
54992
75367
44854
72059
63778
67623
66803
3509
66725
233181
52775
74821
70731
86409
67587
77242
79312
30598
93696
80670
6139
187746
19667
38396
69062
67645
23937
75811
37127
75692
52159
36537
2757
73920
52673
26350
79311
241917
75661
205969
30184
83621
87114
59140
48845
77649
40034
58480
55499
238190
91316
82381
88577
80142
33967
43415
95555
75284
26177
30480
65657
36208
78641
224291
71983
57524
80415
77491
168144
92161
86722
58115
175858
44024
10967
171728
166762
69234
8312
87527
60279
46555
206718
9624
38248
56960
42752
66271
84988
2232
92016
40855
27998
83097
87917
94571
43194
6346
53850
77845
184595
212221
41569
69867
41077
54879
79256
11626
78503
218119
56581
162908
206714
30751
35338
71576
41289
58791
49059
83260
53993
85996
39030
29771
60170
59740
89976
190994
71703
33933
92918
38380
68168
31210
43134
35609
60784
52628
193940
207815
93660
31857
217775
174442
71324
216102
58999
73066
38651
49442
25735
55877
16762
162780
95252
200894
28835
45138
60882
182301
193148
172023
17732
69434
214715
54891
72318
70903
71810
54074
173124
72379
208974
73043
87347
77865
232353
74596
78395
73541
75438
27668
160205
193269
83696
76432
167425
48269
88526
76919
171968
90236
65534
38097
92799
22963
72132
91561
204417
158880
169078
4518
9519
89101
57715
87280
72367
66530
63938
54855
75968
39047
91502
58103
91459
21502
79008
206449
207270
50468
69410
59510
55211
67694
164553
1383
149439
220469
57055
94691
84781
78723
83569
51632
202004
28429
82883
151829
177628
32113
243230
204522
13716
66159
199671
49583
191259
199304
231715
222761
8216
58320
60238
57530
93048
93116
25477
81890
88944
26264
78403
58217
77019
64191
43619
89632
39114
62236
84432
86157
33679
75764
51549
77726
87178
54601
85946
88114
49825
94916
93531
44150
78548
94504
88839
39633
80494
241568
86878
89151
35907
90953
15984
45476
40096
45358
239084
59168
38059
64195
60938
51883
59136
54917
67851
84184
40327
155377
30311
71235
229860
19903
59745
63592
64343
69463
67128
233581
69869
42562
89085
92125
78213
90294
57714
54988
71884
65948
161672
72005
79785
70839
47733
89211
34425
35764
36699
79341
76820
62597
49687
227524
91855
68975
63040
217640
84907
25437
18058
232996
60680
28173
73450
48155
40353
37935
93604
86613
65713
50528
30452
82445
82927
85308
68139
86646
29141
44553
92421
38841
74408
82412
60245
85868
34817
83559
83424
78268
71830
46931
75997
78062
216314
25619
221798
59768
55829
189439
199807
64347
72817
20657
85808
167412
85796
66841
54235
225813
37051
240695
82817
71972
55932
77511
240574
35767
7076
75161
35929
86743
24326
65926
62833
50427
41108
210083
180857
231153
23163
217525
76989
75874
54067
228824
205338
76825
79772
62848
80507
64398
15516
58848
70487
62747
75857
55318
40356
32507
55313
75644
77000
19886
38204
86839
78842
55252
86267
162136
173068
64843
89404
242074
162016
161200
67750
205384
91910
89105
40451
91555
27671
234039
21084
90203
189034
50437
83707
86134
49904
66988
78853
60427
71867
18264
216350
69295
71128
74540
88117
38883
60347
90162
85313
88789
49503
83295
86981
37708
77883
77360
69799
183941
34948
58925
72675
68373
185680
187860
12472
84326
71329
53686
26869
42080
61027
90664
27635
76094
90736
73115
77531
18064
177241
155972
150350
83364
163317
78782
33364
68674
19280
83755
200337
235671
241411
26353
231581
68959
77727
68827
32721
54272
31867
53900
40420
85973
75619
61032
61799
36529
68355
62788
94418
90461
35092
37938
81155
54286
1997
91867
82481
73231
33920
170465
46427
68248
51155
64499
46501
48855
69425
223087
30593
25467
226230
155588
69052
151921
9160
25482
88743
26576
94528
47658
83196
79310
53907
236063
59242
82768
88066
67074
69208
53350
84365
88717
49476
83266
54115
94172
44084
43506
185364
95091
60546
81153
78183
231979
159001
47322
37328
85251
83247
41847
87560
69301
89595
93853
78441
90639
63933
80758
79865
83234
85459
59668
17236
84414
69428
88028
95376
5584
49886
69821
87054
45713
90185
23189
60699
87183
199404
49264
74923
56456
73099
36908
92169
81163
56275
53970
34267
69545
70348
81356
42417
83389
38521
73326
65339
88463
71275
71214
71546
36233
68045
51933
18125
78519
81393
64764
216754
71419
28062
81597
67344
182131
26777
8633
70470
88742
65461
77691
67666
53109
48077
92626
89450
37001
45435
39745
64440
93253
78752
95536
176339
69498
84316
75442
26891
80611
50499
79616
76903
17232
16723
32374
19680
236294
54289
65179
83086
34099
65246
205172
85090
95359
42549
79578
93639
92084
28966
40594
5961
81227
168466
13330
81259
53536
37539
40390
15432
92685
57930
88166
82708
41082
62124
20847
76936
831
75476
94533
15014
51841
152811
68595
30822
38282
82682
74570
88862
91738
66132
53684
196812
74126
83456
18887
94704
87112
52780
202378
71346
244719
54207
27921
58039
93428
3737
33800
193454
41307
5093
44101
83343
46269
194907
54344
66565
26069
72927
39041
238958
72895
40908
63296
52508
28521
230389
94258
99771
86838
199538
88566
101139
173681
95694
85705
17168
24791
73680
42558
73002
88059
60042
237476
208288
28500
131
172219
65487
36239
77144
88226
51998
26842
48918
67916
70704
62495
193798
88234
81604
69322
184284
1263
241199
61297
8463
11423
63671
62679
15745
91982
77911
78966
78495
10096
76512
63987
48413
47978
32315
167020
90392
73185
70404
65239
54369
241662
78321
42256
70810
67438
36014
64805
49336
54014
91233
94291
77501
24335
187093
64963
26846
64072
232170
84504
78253
85039
51426
71073
95180
16735
36017
72292
30873
95275
84887
42955
44878
62883
242703
23872
60892
54705
191281
230732
51936
22037
21252
45179
85467
33029
45327
37740
85000
84026
71373
93436
85136
39269
85273
70142
200558
40264
55210
92045
188144
82000
51334
7159
225948
95318
74036
75034
94990
92033
244249
52353
40667
93619
205453
53805
23407
39420
59854
54762
78553
64779
44871
81377
153950
61662
83722
20809
80899
223303
33125
93678
82848
89480
58640
81009
240991
29466
33124
87793
92323
55438
36277
48392
66505
7614
72844
8361
67647
89644
79764
15772
245402
33700
25860
45457
82684
44038
41204
38042
52995
240376
82952
74800
88625
83240
86514
6360
31338
19918
10740
47425
38857
85113
20829
6493
34895
14887
33335
75480
25688
76812
34699
72539
69804
88780
89250
71464
50727
69090
78631
48561
201368
83888
4731
41169
210339
77361
55152
14173
93536
45952
87987
37113
64603
58275
90248
75262
90226
28813
196745
62636
86063
52133
37259
42292
74000
57519
51548
33174
92772
75344
60092
45078
56827
65199
71654
70297
90372
79278
49735
42001
21850
227342
67784
49652
68990
43529
45053
57741
52221
70990
76850
26428
63487
68491
93775
93069
62930
46754
54642
223672
90631
29356
88070
54414
59939
92234
49579
57896
68044
40826
65172
53973
69177
40999
72368
94371
14920
26148
36886
54912
64966
32729
92758
49814
82374
83998
243816
94992
19856
90015
58825
71781
70476
26007
17261
86524
76521
10420
30899
93485
48289
73982
54380
64190
83561
80773
22647
157047
75252
71632
95676
64994
47758
86149
242700
70264
88239
197390
173706
64169
49619
62343
80192
7364
44393
22604
67527
72412
7564
79438
27634
83518
46999
71082
74702
212306
86657
70545
49432
76672
85142
90183
81267
92290
84567
84103
67324
36164
80586
30034
88273
38862
95089
70915
84810
67748
36856
79882
27674
62586
79432
75053
231786
82627
23329
86647
84611
60685
46943
90211
179556
91200
43247
52065
63724
81502
58508
5132
43382
69469
93145
12651
89275
43218
47995
79722
43609
70299
64607
51382
33313
82860
69996
89295
52519
66448
63339
79640
82435
48188
43011
20391
66742
60700
28165
6410
24397
48502
55782
81465
244764
83588
95329
83345
82037
38839
199387
34318
57064
74333
91414
47586
90560
31303
40073
203481
94617
31710
82974
27324
67409
40129
76523
37347
88099
62180
40246
93493
49428
77507
86938
48212
56513
93008
205057
71049
94791
12540
79496
70676
71735
78157
47304
173196
89143
85201
174100
65365
75283
178816
33028
9601
77348
94092
87400
21903
43925
49433
58221
64396
73456
70327
70524
43984
163421
6395
86734
1415
79289
81260
91152
92089
210724
39039
56150
55196
221083
86767
189908
208826
37166
67665
78691
73935
45863
76890
23815
29066
32647
73829
28659
49508
56286
95649
31404
71174
56044
18517
87831
13495
13009
28076
188444
94895
14616
72702
56156
48567
83069
93360
56772
37421
25143
44905
78701
63000
47937
46097
173656
92025
77058
62929
74074
23346
86967
73885
83999
240613
93859
47852
3862
51056
74484
36260
42607
213640
43246
165078
94315
58866
37779
90938
52082
179314
222048
29855
37403
35504
43971
159927
76291
50601
30570
64290
42413
36979
72149
95557
74696
193197
95621
91825
23686
65352
81619
76784
39495
161758
80444
47525
72651
82317
18610
51183
56852
81023
18333
60199
26912
49150
217764
201540
35702
193814
44305
86624
34117
86388
25518
95698
88439
52402
76078
194821
69069
204781
78021
44557
78440
50128
46236
62229
7464
89489
57009
90846
83917
15106
95166
60755
88624
40346
64325
8515
81859
42696
89058
178013
87823
47906
72730
186038
203099
59385
65896
211635
30606
73163
161934
69376
73210
73233
44742
65283
19113
88196
73053
79255
62801
37101
91449
168001
67997
42636
27146
78210
76340
61641
71746
21798
91864
64109
85708
77313
90626
164738
214324
40431
81038
81020
80325
192963
57768
86721
194864
47846
61969
49665
59174
46605
151903
29703
57705
54438
70840
71279
231351
75631
38278
87467
92536
209834
201837
57372
167782
216642
51386
228332
56929
68099
83303
59543
92054
172767
72259
194958
5168
87457
31375
67063
49779
49658
47843
72382
76588
45057
59993
80628
69591
156829
51652
171100
43703
90707
88946
76290
77515
87063
81932
40523
83039
68112
57766
75492
21301
90007
45186
52137
160608
49529
230571
77274
46028
87376
59545
78435
87541
60109
71763
77753
76305
73662
15172
84705
68517
203872
43940
77329
91974
57085
31197
194120
46912
191233
39582
70815
34199
46151
83141
14144
91580
70209
65060
76569
54351
77427
56675
87685
46026
214162
238904
22174
9195
83035
59840
51360
56526
184317
210722
63070
21646
10526
214605
81301
64026
74400
61877
226394
73071
17653
20245
62664
181609
43086
35041
243351
221598
211961
38360
45739
80847
37563
21466
25003
34311
86049
60628
93588
57624
33024
62588
194320
220637
12304
82126
21734
47162
56833
83130
53905
73062
17923
58879
79166
87769
221013
76425
45323
90716
173574
89829
30249
94766
243798
49034
59559
59137
63214
45584
52660
92172
62113
46193
8111
27620
88818
83380
69701
40919
39928
43428
59498
47020
60213
44699
57846
61860
32606
74881
36767
43432
50034
82954
11919
205118
77154
94084
21236
63415
71603
215383
195080
39219
216946
88681
56742
93526
45079
192493
49280
38367
207829
89711
74473
190451
240169
62240
86619
227444
55810
92713
26215
64121
54691
72652
74035
178838
64202
85203
95611
71793
83916
93929
164465
51662
79704
38888
71259
186032
95603
27032
60963
95397
31882
58277
62944
84409
233221
83744
26894
91795
81223
245373
236813
198691
57677
219621
10062
26572
48832
167968
216320
34815
245302
180481
240627
73989
48149
52557
14010
58839
50612
25584
90416
35170
72490
60967
40355
42441
19908
91198
7223
24448
49074
56176
170437
171837
175749
205243
58206
51024
66995
69477
78056
76139
57407
77500
35320
94880
211334
36365
175671
213346
227798
37543
35870
13409
43214
88129
68375
73237
22991
52481
61850
39611
69224
74552
67708
56133
23034
85985
32588
88388
61254
229632
88587
60556
67264
65557
227518
243166
60816
149712
217875
69051
74513
45008
57489
62808
74040
25125
87413
75970
67743
244958
84702
158275
237700
84129
217669
47893
87620
57567
53036
44102
77194
87378
80065
172830
82033
34351
178121
46181
83067
75310
66935
159097
69595
85541
97882
83905
247056
44365
73907
73154
94818
41947
72083
14820
85151
17904
47519
56807
2886
197069
94894
72091
43242
89183
80083
82675
69679
85926
165499
58784
67737
82137
85658
39854
72386
55421
208142
20932
64713
220725
94815
8621
23629
31659
227609
73962
49136
70689
44560
51988
24757
222973
2245
70355
178189
47854
230910
88854
56054
182424
28981
69206
67581
85311
69435
19148
154866
16314
159698
150216
193100
181112
149049
149254
158809
169053
157201
236270
183346
217449
209940
150220
148791
94443
66429
91565
91289
26012
60719
206096
83459
54573
179871
238872
72786
210670
58434
206203
40679
54824
40628
220492
46510
93513
59936
83000
187569
167294
53590
21645
69612
55979
247029
5622
43606
213703
70548
209933
78580
14969
40719
94867
27661
176144
64739
94236
68934
163398
76487
71227
86826
29887
45122
83015
46664
190616
170667
241737
220493
224744
63685
54944
90956
71007
31334
60373
157972
218750
91243
32574
17189
89600
43363
72693
23652
60257
71696
25212
47375
221089
174862
225347
215140
44252
48329
46561
54447
167449
66025
47471
10686
31776
67711
70763
28993
95326
11235
225335
79240
95316
184229
52701
178504
50557
157478
76591
50966
78220
166007
181488
53992
47523
44413
78404
44284
86506
85130
55890
59934
71431
180731
67669
31397
54037
81572
88997
82075
184843
38160
77856
35239
21867
32079
81982
45005
184845
37469
91866
21202
85492
71343
43197
44814
77816
92262
87248
70415
46746
26898
77375
71444
33763
90651
80690
68387
33876
180320
190992
75419
79059
67430
243102
161382
64833
20781
89282
74091
42346
89544
47433
84031
72222
91861
14831
76662
56260
74187
60601
53519
30241
222390
218337
94951
46624
243380
38644
57426
50536
40256
89836
84697
94876
61292
65669
241334
44722
16083
36329
13425
90249
82807
73954
63965
60071
88663
8948
19303
233416
56562
47581
92369
59714
74023
33892
53310
94389
75998
243500
86036
26361
177355
76029
43241
46640
215277
31502
43152
64923
49511
186554
62851
88976
51429
29131
81622
66650
90360
13875
53301
89470
17420
54939
53560
39825
236944
26095
52820
79540
244726
62452
182388
236387
71070
63135
82590
67691
80451
163264
229977
176782
5766
186039
229535
217230
202357
5679
82250
92834
83564
40128
91521
74407
72815
173131
85543
199964
71946
196788
170795
66212
167233
73419
52387
225949
93450
59262
81550
3230
70169
36989
43674
244942
201882
178920
22685
84491
40504
56720
65327
93776
10697
41934
55098
34582
29686
76327
60242
80052
15923
37192
164993
157016
31444
48523
53203
59114
64993
49837
84986
61807
88632
160994
76965
87450
223437
205847
180229
224234
81723
57190
67020
43576
60118
161516
50317
19236
91881
35982
148555
211147
13835
31122
74654
85244
65968
66551
220542
242908
95043
161850
68208
94603
227469
50693
93730
87800
84334
50262
67035
67474
242277
43193
87157
79974
2049
69390
47211
183525
41700
28791
75180
213012
155433
45245
53220
57759
83742
70226
70249
32045
199891
91039
90615
46871
35589
80632
43786
171658
54861
165098
74618
75875
93922
68648
90120
28234
69108
90824
60440
79990
22318
77474
223705
43354
68671
91900
11614
224316
207182
54243
21158
63088
90374
74822
188955
90014
154209
66894
66029
7835
36398
73653
78059
67684
181353
207520
38161
91425
69034
225290
62593
92372
94032
26739
94835
77895
81738
94298
80941
219773
206491
11581
173114
74419
10798
190240
83567
80160
24372
62984
62035
82294
62573
92167
67125
80092
70830
195600
74661
211291
177512
73786
81539
83008
45608
226130
166301
88346
14711
74674
69780
39204
42937
50728
63885
89743
54515
80413
21586
95142
55649
73047
90909
38882
38865
238099
40333
81897
58611
85804
39829
66953
77901
69767
208525
69934
94339
63376
85199
202745
218020
181067
204942
83877
185011
7115
68690
75019
34584
57660
30674
87026
61733
77586
91716
185450
215068
85710
93269
91642
85450
70762
34574
85611
79061
212553
51903
72151
45253
28335
49026
211263
49228
68880
56763
239283
57184
50026
187546
73088
43995
49060
177291
34706
73633
218029
94294
35028
57107
236888
226537
38665
86001
32952
36674
178617
23724
79637
90077
58048
39451
85904
49434
53297
47001
52310
62534
66753
85038
67234
172442
19929
229585
55253
16887
64811
43294
58590
83847
41354
55536
47741
48338
77799
25060
78180
75203
81125
42715
56711
76589
83309
29841
26953
89631
66141
82798
78167
70692
91523
83283
83127
216582
23230
17364
26128
93133
51916
63283
72384
47544
14249
93425
91009
238432
57421
83446
86943
87867
169917
198688
240598
59302
77839
78063
76406
65705
72454
88850
34788
62987
93813
29505
65248
97575
55355
41064
107780
75897
74788
58266
86531
86504
158492
195342
58572
48711
95705
71585
49842
51284
93217
85398
53760
209057
34179
37759
200288
67974
89429
34270
243903
82725
202879
226761
211249
62467
88891
67423
80493
239910
32898
52035
194478
56776
45013
90110
62659
177281
226595
219820
63047
29530
83834
63557
2728
93784
53755
59447
77754
71904
34428
81358
14262
80046
157988
206048
65826
50542
58733
26447
84946
225503
52588
62122
218052
34340
51925
94152
45285
58059
80011
78971
93702
24809
48467
60823
87340
62431
29547
35134
59187
86480
63628
11273
92187
221292
90154
68507
29515
243085
58129
59319
24116
91979
68443
51346
48719
84346
167479
57944
68306
45478
48679
45916
90937
33980
69381
90296
79191
25717
28777
84370
231424
10527
199949
11885
88936
246176
200474
66495
76792
61554
71241
85735
66064
224507
209615
9365
15798
93667
86746
75149
19069
65945
92726
243355
36087
48738
63956
58809
62504
90070
28270
71277
73369
162976
73558
47954
53189
63266
6126
92576
59294
32254
6691
57146
157121
190137
76196
232430
59683
74754
66604
80565
61661
218985
62400
57497
57651
983
243080
25330
69719
47388
88812
47965
31163
79667
78884
70400
53700
86887
165010
180735
67130
87540
55838
11576
32393
70845
219655
216422
88233
64787
67686
71254
87164
92842
82472
241035
76214
32259
95211
72159
34847
77037
39015
94103
67836
77707
87895
156961
189554
47755
88432
63563
88519
77443
87595
52711
85908
79572
45897
40871
31688
78594
192827
45416
94758
74685
57756
77087
92959
80536
230811
9705
57975
91195
65388
65324
155943
229681
41053
22505
191019
92061
72828
23768
39224
66452
52622
53808
26904
50356
67183
205155
58184
91262
33792
74377
52864
30273
85825
229488
192504
57629
90329
74326
75225
87727
88771
83494
4414
82762
89046
94386
55575
63082
75408
50919
75444
55751
39658
82511
28753
23763
48038
48513
56319
80294
88112
28579
19711
87931
175292
6029
74390
74536
1207
161117
238696
28687
85855
165005
74574
68992
77298
186210
76581
92066
50355
77553
244647
74337
11736
70064
61577
213165
186121
35852
246259
38472
74594
73540
69356
212581
56921
84572
17309
244543
54886
46125
222436
48336
891
154315
75870
68196
66880
160153
49129
92915
79299
82868
44935
66881
54764
70665
34209
30065
39422
37810
61456
10045
86582
89016
60839
81994
94736
64587
68359
85194
165037
86684
209591
80865
20484
46617
56687
73720
73390
61299
184153
17545
65622
76954
14497
83022
41981
93142
93068
40769
82653
49403
171277
56656
95682
55665
87086
67835
44237
59789
39592
30469
66889
199169
35883
10833
70904
77208
2976
78995
85171
48115
74634
149590
30539
161690
12067
15897
20215
217461
226209
157676
225592
62192
58007
99059
6773
32700
153917
90234
39284
84160
95497
60202
93129
87956
71276
71886
94585
94954
66830
30081
72879
186260
70588
55945
79849
172066
86705
74060
50449
70394
45282
183036
72699
86403
23634
202979
233071
215231
44981
39961
9157
12699
68541
67924
56659
78134
28089
78071
85613
87657
70634
26345
201179
62120
82735
149380
85552
31342
40972
64933
92214
73719
65359
87138
83806
43969
76873
222845
59481
75721
32285
32713
166619
66129
76985
82325
62275
230281
37486
79488
214027
91469
89160
199640
92582
70570
35562
7390
50454
16822
185826
93937
58639
84317
65765
88212
10188
38914
73224
232392
81513
77201
34601
55100
87338
53081
68097
92512
84869
85677
234607
65732
67339
84855
57066
60797
68288
15970
245048
216811
78973
88831
190995
48175
47802
91419
48462
89093
78578
238477
29263
18709
93041
241821
65949
83009
245744
64117
18231
14042
49104
205832
222851
164680
76125
208170
37794
79719
63567
73578
47442
44122
213890
69058
36314
23287
220193
66234
59427
1399
93015
79347
61717
49718
37833
84985
86952
71377
161982
96077
9252
195593
238632
46835
80700
50603
34349
46439
72599
228315
92930
229464
56586
73286
80923
72831
168445
72711
64448
34143
34220
89435
57824
46166
72389
165438
41430
65850
64628
55748
80843
41835
2938
65147
48070
34725
69831
67142
88828
37513
58654
171690
187796
216068
53443
84888
67418
51715
81102
66665
44637
165429
16868
214351
184103
73258
70736
239692
49777
191301
49371
174990
32027
59029
66232
95146
86475
80282
72090
83323
92233
76766
81732
245995
85661
78508
152642
90972
54154
196324
182745
228703
43793
225106
65695
80466
70760
75553
80520
59742
199085
67138
7074
79575
80106
77192
71103
41138
23073
86222
77536
43858
80161
77808
68115
80827
38262
23276
65484
38030
192465
198702
206982
93571
73199
38592
16832
179614
85956
234504
62380
54947
73611
74125
213951
54417
64901
186091
238376
219818
79169
43386
60014
73862
79644
32184
55534
40012
4360
41020
59361
73702
53204
94159
190948
198919
228744
176396
243536
174951
221528
45760
61978
43826
61093
185020
67220
88659
162648
184568
199379
38543
90190
198178
94514
188114
64412
65834
90233
88067
41324
223692
160657
64671
79051
37562
73030
47223
64861
153374
9610
69018
85579
217070
199872
74722
83492
211756
83100
53171
87028
71801
218751
48148
46362
201326
155543
149871
148556
172282
153786
216710
70216
207994
159127
59816
231778
229248
35361
7360
51565
51591
76049
72085
132
14083
200455
240898
71955
64204
58837
28288
16605
46626
9860
62031
219364
16409
219884
241598
228255
233474
210089
41297
57595
224323
241213
74369
24386
241462
235801
39428
64189
161371
32361
54165
197007
76864
90428
81204
71255
91933
23203
39747
41136
93800
67796
77639
38535
71481
71616
246296
196286
49238
72593
35517
82146
58484
235958
76070
88662
211117
69369
216520
60069
59015
84568
51842
32984
154237
74948
40285
82509
57364
77408
56175
70083
46403
83315
95475
60526
91098
32172
49302
94776
13197
78267
165025
226325
71160
94452
72024
75842
6484
43085
91191
26219
70359
211864
95134
64617
218783
215448
76046
231591
36937
18297
94296
78679
228175
197737
95532
27819
16020
78933
81263
13347
187119
87559
55045
229523
21911
80997
24726
155648
65418
91511
172581
71531
44143
63483
95426
59621
62696
161760
62027
44851
239005
183979
244866
178143
47337
78903
76654
168881
150283
196400
162624
93196
215327
192883
52453
87488
89446
232960
49199
68215
90283
78661
86948
65979
62512
18249
162641
25178
166802
56167
93038
203460
192660
18908
46977
3649
197854
72176
84561
16853
50335
32870
86782
57510
32235
41788
41221
208745
243941
220706
210359
78152
26009
39318
236351
46533
20174
37808
51743
192042
59378
9531
160398
81861
50585
92256
50368
49135
4576
87912
51088
82414
245235
200231
72202
79965
203380
41010
85093
164968
186903
35273
9456
50329
95722
39226
94181
85345
89474
62907
32567
13880
57841
57170
71137
89051
87343
93991
69743
50854
86401
213695
64085
157268
156272
61908
74164
28511
36644
29801
65607
68645
4264
48130
225621
66710
30428
46544
165659
52914
81969
8650
212844
78896
83080
61051
88249
66283
68472
64914
88679
39797
82606
46637
94421
236649
75383
52732
64312
179940
90832
33812
230919
74504
61975
70552
66233
94496
88646
172488
149370
90703
88077
185241
240743
38279
43104
71072
81061
74478
37632
93432
43602
18412
30881
66402
83582
40461
202148
60424
41963
47855
95023
152688
89643
75175
66397
13184
91703
17787
94519
93202
48171
30086
67742
34342
87264
45579
85046
217663
32236
59756
81633
42572
196146
94243
68747
51534
31975
44151
197436
80513
82900
82821
83207
69663
91963
78046
44157
218608
90613
58457
235877
16623
89501
164397
24078
93028
8040
91530
90037
48082
56395
195247
27161
80983
58270
88650
88986
50280
168338
197466
48923
156525
59196
29946
188555
168092
201266
160255
188461
155755
43042
36197
33769
65428
198404
57912
37053
68500
87359
68027
69779
42089
82566
46487
25313
61122
56668
32649
74968
53539
48487
41335
72020
87812
163409
47614
230471
76571
92014
79791
50872
52760
19990
46089
217132
88404
75937
17998
213900
246728
84835
23845
83912
43322
73731
85786
54538
33354
88102
67738
62855
48319
65219
76455
40896
72956
76885
47318
81245
178005
37174
78881
48353
159337
90569
42896
52186
24963
21904
158020
82052
180092
76826
93480
171827
39454
79950
17386
238830
72585
184201
58446
82839
92342
71313
20710
179347
92356
64148
240016
90292
1741
154913
231763
44253
209037
32922
84911
184160
35088
64650
224290
57186
61413
210338
27337
59900
86633
37649
23742
84011
28143
24797
93759
31141
66342
41802
72305
77057
30512
85071
95695
217963
36152
45266
35411
72052
36953
45344
35042
81077
175161
74121
84415
84520
66566
71630
161431
68060
85556
22796
38134
73430
84274
179144
86775
76878
148644
25657
220647
91848
46323
24267
207039
230206
58163
89089
84035
47528
55319
33226
55613
54758
29660
92701
194080
193881
10908
83801
56081
29069
19249
244195
200404
177257
170971
77949
93630
224957
210520
69689
70785
73108
64467
173589
66750
69467
77035
59851
46857
62334
83802
2360
57358
46007
84397
202176
20152
58796
183714
30198
65985
68628
76945
68980
68247
70607
80215
66278
18183
172649
77190
65659
71076
21844
221236
81907
95627
87214
82316
188770
4398
36477
72422
236284
164829
43255
89892
170803
193651
182767
171747
177775
170722
170809
224835
212498
77852
64311
79983
61871
81788
73522
86180
87929
71811
17205
85872
66834
11193
60766
81702
19001
21803
83385
75956
95583
70245
28381
90090
90574
79062
224482
42842
21394
89350
37800
76251
187278
48638
212719
184357
66161
6658
40926
90520
55447
74835
77742
39823
84169
82106
95596
70819
68708
69605
95241
67057
49717
29042
40207
61426
54008
64892
46684
82498
56386
211073
50804
58680
182274
230196
245941
18124
60400
162792
80360
229865
62909
213589
45263
69763
45501
91778
47035
41879
212917
65350
72764
47127
59607
2223
70399
190569
240496
63506
186300
211442
32207
78198
174195
78229
69190
87045
224397
212426
190397
64511
57391
50594
55727
87218
30872
162380
226453
21982
75130
161263
177234
48058
27746
54502
185689
85164
68911
228820
11741
49839
71339
148870
44647
50717
57070
86419
27748
51796
14240
45274
28024
54361
45321
51734
16607
91364
45004
12442
58972
80697
83208
46423
57627
61201
64709
54385
197611
57963
217231
77165
82495
12800
80048
39803
16130
242761
79924
161593
219612
92015
73013
44738
55168
90674
26611
57973
75942
63389
14722
9746
63743
81518
87872
183384
34350
61815
63514
169409
153087
53345
81971
159264
87241
16028
51604
163580
148953
27076
31422
71734
236108
55067
13748
49728
182862
62191
218811
246968
172305
231390
52802
226366
82504
62033
87949
85929
195243
220154
27705
4817
198945
97859
79066
4705
206252
134608
95812
76790
222090
224157
234339
64436
75110
17870
198642
86634
48079
28294
87642
56862
83836
77045
51151
54585
81946
19969
92605
17756
90474
65083
82027
58201
91670
93802
32316
203479
64092
206717
195086
68675
82314
89900
56957
93847
82721
95515
35698
189200
25391
90744
237895
29658
70128
93733
198203
45944
45025
43812
65220
209010
175318
60246
66620
75555
57314
207461
52722
58712
36766
73094
82113
89150
74409
79350
72852
244965
27927
36893
28880
42809
85859
62165
204873
89320
76254
192325
228173
60768
23017
11307
87398
55207
93433
187559
80398
23035
88491
82645
55708
47515
51147
59390
62574
195107
42145
87416
65809
188163
83082
16892
89071
233633
165208
165768
194706
87056
40267
44630
79671
58281
80333
55878
80581
16548
82603
89209
233873
195090
197308
25310
177877
157401
162175
46552
217514
972
40741
95447
69024
68214
148651
80397
79544
89157
43030
72329
172379
149058
51790
61827
222716
80609
41242
192996
94073
50207
64095
33247
83476
213159
78116
58370
52899
244236
183830
65004
3859
218465
40020
80425
221872
241779
149771
160562
162480
148984
219087
149615
161840
230680
200657
152070
175184
163050
46287
219227
158719
149042
44347
224424
152894
162126
154177
217448
24899
172218
155467
148809
87270
214654
60078
18595
149381
50402
199714
177455
43385
186047
30917
53404
94587
18952
45600
241999
216170
34769
55784
21683
92926
12595
74984
155510
23227
88967
35561
164617
7872
45469
221646
48151
182640
51283
182853
80812
217255
171893
239906
175065
155628
29763
77853
201300
89162
75247
243645
35775
85993
26697
43307
235133
94299
89153
87314
76649
38269
80706
18916
60182
197392
11773
152838
96830
33042
79622
83214
202047
246931
197323
167810
99420
173849
39967
16776
28373
86258
55624
70976
58264
58861
43990
65289
45249
239218
227619
89200
20712
77473
28950
220238
21133
59733
230111
212858
195133
89274
211064
61918
226001
33711
62376
220192
159537
82569
194040
28692
56099
79938
238189
55509
157499
95016
24176
4447
74746
160443
20622
59358
167223
54044
207926
31669
65275
2644
7777
93763
163197
35672
21352
49975
91189
42867
173175
211476
156179
70741
95631
72196
94914
90451
30264
30313
228059
66094
64426
216210
167608
33592
245721
64784
80447
14591
84213
190727
227862
93499
19399
32486
208360
227018
93577
35471
57691
172020
13494
183788
92311
67721
6935
61776
228657
156245
83353
182643
30354
37244
44394
179787
56343
154573
177025
221710
239546
222458
203055
154191
157385
32057
94729
85589
48298
72062
85305
79334
80371
183047
65918
72537
41566
36799
237174
233910
201012
72307
72316
66716
93538
39327
61374
50862
73604
29603
78808
77260
91966
165879
76892
27391
67558
38217
55258
230803
71046
216577
166960
226929
234346
236230
21627
70896
77521
37674
35167
159702
30622
166451
178895
10547
90817
86687
164807
91293
200979
35432
197209
179899
44943
54143
35201
82393
162548
80796
32301
44096
68261
94121
50045
53926
93789
225731
40970
220457
32840
154236
29605
17922
185570
179258
11178
186946
31077
193004
195504
42032
47909
28231
26400
61012
85348
155126
25683
197651
40429
193650
26330
39948
62889
23084
180038
49947
94200
211530
66346
26379
181387
243352
219026
162906
244311
222796
84956
50213
154420
23403
72269
177351
181548
165853
183216
239411
83915
228564
171753
194638
50869
36626
182383
152220
198719
202631
21987
157290
48037
33150
18571
224499
174855
164817
204473
6680
57767
87003
89809
42097
92921
6932
88076
225511
241923
53206
215956
58665
185026
32188
77870
80213
225775
86278
47103
176906
65825
95444
68535
27750
65262
45731
33176
66873
45290
34955
237322
95455
77424
244926
72182
59330
23074
82309
85978
68570
66320
94892
85470
222113
82026
79069
228661
87058
79343
6294
63055
166944
148480
16187
149811
148733
29779
148937
148346
188292
87915
54226
62722
56920
35004
42527
81012
34566
182697
86129
204046
150550
80409
148316
149530
152350
68679
150461
150084
149024
227741
205014
148907
22547
220228
148315
174200
148486
150738
153737
21596
150446
152585
151928
148361
167284
75138
59976
75722
13771
216992
183887
38815
91465
25876
217913
205565
83500
52325
28757
68382
33897
213556
72898
156168
77244
18622
94049
36986
58295
40929
49574
82016
195295
156930
186292
46134
156473
53403
156898
74987
234543
228477
181459
182675
149236
177204
239761
84342
50596
75921
94708
93376
88167
55416
46461
217666
40786
15186
206840
35568
46165
231219
76668
196457
74537
161590
93190
234924
7513
73564
36090
41741
82170
79617
162381
162209
221986
152446
156023
44538
222669
19318
16798
86822
196665
79251
173676
46361
20597
55245
86546
83365
218373
177218
224734
80381
92946
244758
76011
197510
228671
190371
222112
50258
69711
165771
213137
2240
76930
167111
77072
18665
89788
80516
80797
25607
241326
37105
159235
50367
39830
27063
78581
75126
200785
75060
195976
230280
89292
204014
211120
16950
94137
79231
150120
149112
88422
65566
63318
226174
95267
92546
53153
94282
82442
88326
29919
52150
180675
29390
4513
48032
94387
29755
28121
49490
51664
148979
32375
71493
163025
141091
108857
233364
89276
29672
58330
99744
119067
102979
203051
197876
50918
70644
155145
22210
181652
223665
70070
230037
88893
70127
90291
48934
59240
34928
33502
178350
75836
73823
62980
89290
81795
53418
43671
29838
71950
207379
73528
235896
75651
76931
29082
216466
218178
45260
39111
166596
227073
90387
69986
46960
56712
5151
55317
46024
66789
84108
58645
174970
188459
85895
33108
44909
59626
182470
215050
245601
207849
245098
193233
236461
229363
88492
57040
168914
54576
43162
63535
75181
87998
94042
9851
59684
208643
20270
88175
77469
47116
175185
207869
83709
161816
90790
184911
86087
46592
191673
60989
36688
214714
224877
40382
80759
52139
75362
86856
161427
178840
202394
64870
225441
231252
73225
83199
79729
206518
58298
85235
165643
183175
62490
29580
216041
182389
53556
52509
60585
66245
48857
236935
85460
91787
86842
150547
107755
108114
198500
46582
96996
96771
107701
99718
180494
72906
52263
97170
101193
104336
96715
40787
101124
57938
98983
97612
88327
85999
6291
97159
100248
99825
99315
99840
107749
52349
51972
220762
183420
32890
241729
218990
238945
192609
88000
59983
77306
76200
26391
165847
199030
86105
237960
233222
67383
203118
26267
79963
63757
90564
236022
45219
237959
198722
233433
176900
211375
26109
211790
64371
238395
206788
187543
212767
229435
70603
185165
66678
43482
52447
224935
39372
228589
238911
245563
24925
173854
36308
36088
221274
93401
90648
82391
32353
35193
42693
19098
71506
85537
27800
228362
198254
190463
202967
192699
162405
225082
229607
153646
45426
84044
76895
21067
228368
72689
175930
63590
88865
42141
75675
67759
74606
69010
20928
198747
74524
58976
88342
47856
82243
80348
233749
32456
57628
63156
89428
239334
34134
47822
55670
90135
57503
186737
164181
84208
55586
82219
167274
67207
25959
84388
55283
38908
191106
92653
68274
59042
30485
86082
80537
78498
59314
50772
51422
59546
162464
164621
67723
38265
91687
243382
74786
166870
58435
156505
11381
66808
221601
62736
87907
16407
74077
94360
52440
69671
224624
210770
33132
20419
63290
75120
66612
53209
204043
52669
67047
50864
18912
50704
91742
190608
41243
86629
69707
243739
132516
94462
99716
103269
98363
97975
96839
97145
54542
55976
87357
96274
160790
60876
163071
62673
20019
56876
49251
30389
10820
86464
211197
67727
32626
59960
65123
51888
12032
23683
1939
212174
191047
68776
82689
164338
52658
95553
158459
61104
82724
92202
61611
34238
36737
36518
92635
8182
217919
41866
237254
240676
50554
72834
10670
44426
53834
161480
89090
83478
46609
65276
24615
91857
4116
94784
193566
190651
48173
82194
204155
172524
67957
8870
76760
69860
72037
180798
81214
63666
208583
91733
41134
47209
65691
21557
56620
41660
30846
51681
91851
78072
94499
198870
46893
36865
79367
72801
93558
38208
91803
54834
92270
31110
207181
196607
79668
65090
73366
58410
202115
50059
71568
85753
50534
206469
93456
67442
88210
171018
91287
27464
17859
80793
36743
87380
244180
32701
2217
226095
166579
236607
38475
71540
187741
198547
37577
41880
39439
94655
198759
33402
243902
90814
35850
70610
60228
43801
24794
156556
63814
38696
71600
73554
29873
179620
57787
65383
192021
64780
89360
233075
46635
229901
8267
87250
18445
11923
94222
76205
73609
86923
77246
238877
208452
192092
215762
82812
244896
30866
48196
73822
39763
22231
35357
203534
210118
84268
67296
68297
210727
68019
55749
61653
245038
91256
88763
47648
29457
21324
56527
33896
212760
41049
58448
49004
5720
215174
29804
73415
220421
91215
47024
81570
85030
95573
183668
37280
33867
52644
185504
83407
46132
41305
76326
31794
205303
31312
95589
26804
34743
86052
78237
197741
159751
204112
54076
34467
67920
13743
200914
52812
92463
55950
158496
57280
94434
53940
183991
10233
53328
42282
221060
80545
53767
156265
60875
32856
43548
94392
22042
90133
218297
59979
150866
149477
40294
152042
148881
60959
72650
54995
205852
84844
71139
95709
24969
30476
69107
63140
231431
31767
225069
56861
91432
89896
192972
183107
51415
54619
37934
65277
41903
24294
22301
200401
5244
236182
67979
51499
81371
91604
21703
77929
50984
88695
89502
246154
19609
200908
55622
87948
58043
70598
84519
53236
31625
30780
162046
201405
93699
23077
39102
52348
200049
53080
102942
122935
164578
152553
214892
204645
91101
74261
74275
188121
82007
87290
84585
241940
206565
16209
52647
154087
22137
76664
69734
1694
67390
86048
90960
241901
43072
239552
47866
65574
54040
186830
245362
49847
91220
44449
79300
65764
80269
162264
78671
80126
241986
149513
148831
232173
203260
59216
56312
83872
84511
76628
80642
67662
27549
54238
243829
42534
33233
14840
25865
96717
109620
207411
58187
195441
187861
198639
76742
63821
81405
176005
78851
80954
228636
241202
212164
228262
222345
219813
72411
53255
171784
63523
93265
45199
217569
73018
211358
94525
201273
26430
91225
77545
51533
80723
41640
62684
163993
235022
71818
82951
58867
25035
32505
40062
88698
16792
62476
39058
244230
95418
33856
76692
26156
88781
34070
37551
31221
228361
48257
44359
61489
88295
83073
6193
17453
76928
18603
221130
66672
89884
167326
73674
93932
71239
93074
92760
66852
73343
27257
189406
77214
83011
37350
82797
51522
75386
78766
91317
210530
60284
73632
23688
170888
80757
57459
85716
37118
43456
206757
72979
58363
46687
157486
81827
79307
25008
77735
31009
76301
27102
199126
201977
91119
95377
88421
33656
44541
223285
192306
149132
151339
194666
61883
86262
4647
52992
69836
93824
76897
39613
36595
90344
56571
77110
95582
59978
92874
53277
233272
108215
141839
197951
152787
99422
96247
210709
126979
199464
99731
160417
138420
152324
151136
174029
149896
15402
239784
64680
32686
70615
212286
28267
74132
78872
36739
52000
82604
12853
84290
4743
230638
66690
38404
37090
64880
59484
163780
14063
82822
55928
167138
95131
60200
35006
234536
171622
175903
75657
61888
77681
17519
41300
172065
69388
71173
28710
82891
163468
221080
44395
180524
66446
61098
95202
33284
39440
162279
79106
156698
198695
95266
182460
91807
230130
62850
49318
25916
35572
185406
186914
94644
70143
38877
67426
74899
245808
19144
38238
49180
29778
224263
48880
23829
85003
66689
70724
68761
86913
42050
63940
80751
244476
50239
30647
56046
84262
16103
244915
210283
188899
194449
238265
25635
95534
27461
42604
55688
79250
93976
193722
51309
81643
216845
246386
212532
73868
15261
23511
192560
9659
191624
69862
68816
53469
56815
84922
77251
56085
203195
180801
92975
198538
57579
230236
163893
181115
80635
215440
78399
227155
164753
72399
205228
29521
220567
74672
76605
75746
61248
23292
51807
25903
76440
4672
57969
91383
81386
23399
22370
28939
181973
30853
78188
87838
62677
40601
76732
47198
82987
214340
36764
34607
234861
165313
153872
160690
197682
79542
89800
199328
160450
189499
158436
25769
213476
73535
49133
203855
30845
73587
44078
50391
90424
59528
229989
244468
231292
48820
196692
182112
224956
23440
30051
192711
200982
223122
56851
66501
202078
158679
185710
164734
93353
25803
36403
217171
169943
23853
39298
168402
52503
39660
35380
79305
237675
218650
174435
206893
200016
41193
196911
223178
88683
167785
183890
6908
206642
171520
33529
61665
27411
184453
78080
48311
206431
17330
243748
221932
219248
59161
87361
93901
73757
84050
21999
186575
57367
48340
77080
73774
20765
33275
175513
62496
82253
70508
46456
72369
63235
11966
20057
13089
48003
60103
219755
48578
232371
21556
217562
46832
89334
158417
44079
31516
45889
218821
78085
42206
83493
234713
195597
201149
175066
168245
173906
174179
64798
245182
36286
56106
218313
74879
163341
59321
78145
209951
244039
173894
58091
237390
14667
59747
85516
73159
191551
204955
85912
63790
64879
155140
87632
91408
232001
89483
51223
69070
72453
207956
85965
195522
175204
76855
16663
226224
175854
76409
36762
58704
50979
215680
83961
67970
20287
45396
6146
47864
83465
73579
65856
34993
93899
167401
59311
88051
92402
173968
36020
80113
92293
49139
45506
199046
19755
79467
211315
61197
84393
12270
51929
84147
89677
237180
68828
84771
190725
185976
153611
205132
215258
16114
77502
41857
84786
93930
94225
40597
70158
63390
67302
66256
56092
64126
63274
90422
27450
166997
59616
217030
90410
74846
66026
19339
64083
183526
210730
90346
36218
70107
239526
72685
216063
69106
235732
33604
93810
241643
194281
240135
31046
162437
64490
216434
180778
80726
158555
4753
35858
50492
20383
66960
81996
44380
15564
87617
73320
75244
36840
76704
44216
711
94850
42296
12493
92973
38902
43141
29154
85111
80370
21251
215891
56179
72717
189452
64986
161239
24357
197781
236034
193131
212393
66703
92068
214434
226526
214336
19002
167852
93237
95296
50408
150252
16785
74005
23689
50628
53584
82091
72518
190824
65581
52785
93413
65403
89581
219047
39730
87040
90066
92559
163043
208756
154099
48180
87354
188913
200883
192601
62216
203749
226911
186072
84565
56390
70955
50487
77643
77401
84318
93861
215812
75526
53103
72618
82296
207678
78786
52267
198710
178490
70151
64045
83910
41624
84461
85964
76556
34485
27127
93627
68423
73819
73740
85293
16857
72069
88988
164869
159071
37620
40659
199283
160891
187859
209702
57424
81744
9161
232548
152932
46719
85745
222422
184998
94642
205593
83084
185419
174818
244225
224092
93396
165776
83805
61648
94746
92590
24271
85584
50834
54646
70377
6344
62403
54859
50150
84341
76408
90167
62530
165230
69549
209552
55164
27487
36503
51937
77354
93420
79935
57347
45460
68791
73851
176943
37412
85531
9554
50921
192979
94184
90400
162665
65462
228524
159491
187813
195300
165093
198917
180282
35365
94673
93148
222005
165891
79443
203005
159625
94034
197076
9649
78748
69888
14118
45813
213688
87386
182695
10689
7486
239524
245943
244387
33255
39580
24068
149643
65766
195056
194167
20602
63326
168362
81001
182457
235582
73319
68093
233500
212103
220799
90842
29076
68796
17627
42810
60062
59879
162451
35417
84544
19837
56360
38848
72341
42838
202096
92694
69534
47335
13693
53943
58175
49282
85312
83508
58802
2620
88397
62090
55781
56640
85878
86340
52302
88250
75611
48847
54906
26924
59454
90532
81951
23776
207972
91087
36778
100276
55974
55277
5699
94842
93593
88689
15994
195514
33626
91249
54722
83908
76141
74347
47613
58032
82763
234091
77780
94912
93986
84521
69593
93611
51873
69346
148971
51240
90426
87202
77591
23405
73749
174910
86725
95185
93766
58127
11918
59342
84599
62831
74258
41559
16817
73429
191523
30183
60534
12790
171069
49633
75615
62697
90552
81335
28152
212749
73746
87563
71425
188261
169968
184609
68456
188775
41856
59201
1571
242996
167024
246356
2648
69483
164260
203282
71135
44447
85853
159202
83712
79019
206602
37106
86466
92680
196095
234606
39887
235839
61220
75156
33379
90557
38502
65928
180110
93177
83094
218235
190665
79348
163218
158723
27025
179909
46453
221590
46215
75681
70184
58069
229219
233177
150705
150087
160211
164351
151726
190393
83033
87462
47082
55385
193309
92017
94210
70599
47722
42087
56271
73944
73585
232827
196198
36618
90554
12007
70865
183840
227190
207298
64757
54550
196638
245385
83458
219651
45399
62378
97165
197827
84059
21423
94576
167157
204797
94658
51738
55599
29150
85568
244883
187276
164356
54623
22250
78079
47459
51221
87108
167868
70623
19625
161544
165089
227614
239876
161824
75856
49660
92803
55272
68741
202083
65187
45295
156102
17905
90841
74593
26483
88666
152415
35634
205659
192297
64592
187168
225280
201457
219085
49913
53885
37093
40625
89053
54368
88773
49944
196890
10317
86979
17063
247711
96862
186929
206546
86609
66133
55325
183438
72903
70712
217090
53534
25955
83549
225391
187879
236352
201160
62645
47217
61464
93823
60005
56454
50775
61241
71873
45022
67308
82003
49196
64902
80308
50157
79145
83893
55279
66081
79563
64141
49480
197164
93815
63402
94297
21392
228391
8629
71765
58518
67259
64544
241783
197569
7152
63502
93049
217190
27728
28326
3650
77980
20000
35223
217032
94132
85741
68902
88693
47746
31051
82094
45779
63646
95104
94039
85800
82690
77480
40772
88797
80169
55844
72317
73639
88019
94176
16340
234393
36810
78563
94626
92777
80484
6049
77861
180094
240947
44400
217302
64103
214551
92469
43768
62485
44848
186891
242882
12531
84182
58009
238987
53899
79886
86983
77297
36096
70420
214447
53000
41678
85527
45629
60879
95614
58453
163206
161629
66006
201737
233743
162174
45135
200805
172312
22772
77462
89251
157360
77820
161282
159130
56800
187928
193730
228348
85059
212925
175762
159948
159317
88960
196040
219384
245462
2416
9185
91379
28232
93682
76092
91889
89599
52445
242476
68238
45874
66035
49524
85420
163396
238618
69097
228272
30639
199203
231010
16600
43686
19847
182207
49137
202790
72430
207865
58803
40248
94209
45150
185825
80705
93761
219560
212552
43996
155535
85955
71862
93530
50002
51446
76470
198002
17911
208431
221761
191240
162074
156334
205470
207029
216537
201497
15149
59438
2999
56727
60385
60852
157321
62783
208709
61522
160668
239582
80549
95548
31837
2750
63422
207085
20853
157873
71549
86068
171938
181938
177967
156901
95684
58602
230149
80077
93992
83159
192243
70493
234103
63112
54843
203128
74485
173113
242387
246069
198198
217506
87449
43449
185779
235560
90692
29147
91106
83984
56710
67668
87320
2584
71982
82899
73195
67693
72130
232735
67734
199758
85098
53929
76189
93136
47911
71947
221115
33479
211771
14551
80657
65096
4878
70936
67982
81748
166087
51952
70927
33919
95456
214743
61289
192405
63131
27641
74825
43132
51507
24523
6956
65077
30888
233312
52534
205452
192254
76584
45937
75982
51484
72937
47656
95607
74313
81068
60898
48758
70504
21458
95701
24054
74829
70044
19725
47674
85058
55716
95518
46625
212094
15869
91368
40832
159567
5798
76166
206877
107704
97392
151430
172659
177911
238814
56799
26045
51777
40739
46796
22716
49931
69363
53580
81613
13683
68601
36830
151503
150792
152159
74088
85795
26730
81626
89106
213518
91489
22453
197597
191751
91338
17579
62317
84683
33444
168863
206057
193101
68547
233838
240423
204663
66423
231799
75621
60461
17578
93249
79689
49883
35362
32940
17745
75147
69298
212688
166707
244652
45247
35284
30519
205946
77086
47640
73168
198125
239375
64360
95554
219430
190711
217385
198497
19681
240520
170572
29484
189310
62576
179326
62021
22178
180713
85848
205270
172924
77503
229051
173740
228578
196714
74317
192672
206090
56056
77392
208651
87750
76155
94988
79180
58020
93500
52609
61919
48323
83224
85109
49599
37644
163715
242819
40360
43440
244163
21977
51668
63087
238839
229294
85403
240265
89417
22815
34835
21298
239774
72324
23005
74432
103226
102483
152433
73670
53643
68455
199139
88933
30165
218782
43043
79817
211936
37630
230862
81254
55590
76807
74413
18540
80840
25436
52879
17682
78189
48948
84372
70914
58439
190804
88778
50796
92538
203746
90440
172341
55774
194582
61306
165798
61578
41736
24446
75472
220976
39676
28661
176794
164180
91339
178266
92145
208492
31680
45689
185977
205627
30018
91845
50600
72306
223620
172136
181458
173507
171278
149511
193467
171976
170414
174776
77326
84216
194126
182177
221480
202010
223703
16195
173521
178375
89142
195769
40868
173398
177082
157312
211455
42725
35063
245221
48868
212433
240259
84718
181022
80225
45277
25072
53476
80959
41118
39057
43044
28336
94201
26713
86757
38727
91334
67780
32082
204391
64163
10611
49676
25981
188528
233182
51262
55078
8039
43257
160463
192771
213441
56779
199562
54656
166892
72850
59725
179493
221776
167418
40728
195482
75548
70855
74699
91034
79833
74279
60587
69419
77161
203176
64706
9984
18166
31061
79088
219965
65343
13493
90364
74269
59058
59608
38444
46239
67880
61218
79130
59033
94230
46623
54811
37760
220766
51629
77466
38692
66511
186556
167823
17727
242205
73145
240675
53498
58442
75980
66976
173089
172391
180125
171945
178955
198169
150010
82142
184473
172650
61739
27612
231064
219232
19699
177785
30266
90389
51163
207404
211474
49018
24427
88052
50549
200669
199703
92062
25824
70931
66016
65378
219984
78054
207464
212683
18648
87821
71365
68091
66856
24538
49125
82616
186785
162650
60045
55672
73338
164489
39509
166623
58299
78731
57143
206461
44034
201455
38615
32132
76041
94512
37939
21826
16412
74514
20278
75690
5750
167620
55814
28560
51068
191707
165120
32212
10262
89260
211182
227661
208113
194598
84841
233466
22995
77956
19487
51165
84955
64100
82897
42916
47970
40255
236651
82473
93449
210027
172857
51651
92697
59053
90866
28211
95353
208307
80281
57490
94180
53085
43839
54660
186672
33409
39333
203742
59631
13447
233530
55401
220823
89723
25787
47720
84649
87391
91564
237467
69875
219006
155334
86610
185943
206891
233003
209608
241358
60791
194830
97066
113686
159406
53877
137
76120
113481
233848
219205
68879
74549
107874
85772
161572
165446
59310
71478
44270
63986
33808
191637
86362
90483
37330
16291
19689
24900
195637
20882
178616
176526
65354
5277
11497
235549
75641
152298
161210
80362
83064
84794
53857
59051
94597
197163
246720
62121
54686
10874
34626
42398
93137
191737
71780
212840
159447
161637
150324
148856
65065
149691
156864
156812
57439
94547
59624
240548
232224
183610
63726
63622
15137
48365
166272
59494
236454
171089
170115
215051
181858
184000
169932
58630
8281
71689
53666
48791
81351
42018
54968
162391
84170
238957
84071
159574
77611
75137
80021
92822
17214
240003
75398
107766
201468
54262
26279
56726
93467
62810
79431
7985
62524
226009
52094
186901
57822
75348
233531
70306
77477
37789
84321
242738
167021
224101
64228
199830
35035
88664
95412
10410
216594
209097
44830
225389
84753
61912
47353
55753
80688
11869
70880
185640
40247
176914
41714
89852
48495
44377
31979
56991
29698
78524
35656
200508
94659
236067
179403
161964
77286
34971
71123
72178
89858
213382
179254
161063
86030
48534
55094
39436
241155
57603
72283
231302
200420
190746
226059
239893
50688
65804
51982
71591
45924
19905
101351
84631
89859
168372
73621
93343
86532
78257
95523
88163
36652
73435
67247
78455
240559
205485
86018
34602
53758
83192
6597
73476
165286
32197
168292
79999
78230
87679
77772
198105
55349
90896
53292
81902
91950
67108
72608
76517
56449
3153
85609
204151
86302
70028
58725
58531
200791
72312
240538
92019
67031
24282
151753
173938
239004
179240
212755
211004
242298
50982
31740
212544
221992
231827
172251
197837
50824
161930
177577
150301
152525
51279
199698
152792
159922
150228
148474
148988
169197
227015
149661
48650
242285
67152
176706
207766
192763
148936
175578
169292
210674
75592
80386
180835
55391
237883
39860
2758
4095
56465
26261
13899
210092
50654
20387
242238
222963
53609
74813
103008
101123
126228
102923
246922
240484
161054
101314
99802
246977
215056
213132
238752
220570
101440
235245
154804
107871
8437
39537
50927
3076
25211
79155
62927
87523
56094
55963
64872
36279
81096
95524
17781
66272
48217
86474
173682
46513
148338
80206
43725
204862
165553
58744
47034
97653
101150
99796
82307
97952
118908
99708
35516
99798
95894
103443
107707
101346
95995
97315
26721
66024
100415
97020
108027
97468
107710
103157
98506
108234
95754
107814
96194
98567
96452
40147
99852
30257
29563
85253
54315
83899
58613
49719
51607
35654
32305
74293
71750
20515
85231
234896
38762
56704
36643
78969
87281
23674
84852
224716
160356
210961
5747
84847
201388
79912
28626
56181
233015
95050
57548
50742
84211
219798
66099
93954
71332
85499
156338
71961
51907
71364
50253
66686
31139
59244
47815
83307
88448
64517
61260
39789
26792
26190
69473
17867
90072
76998
92018
71743
91936
66263
219137
233632
53233
77273
44170
209987
166137
29380
55022
95052
29623
91644
95178
43453
240389
243394
73395
41844
38878
3829
27306
46242
189638
201593
6678
193706
178107
202032
90871
30709
46016
38122
78468
242949
221740
21037
160176
7893
173775
24781
175035
204189
191404
198401
67206
62998
173016
213769
7706
33085
57605
82217
46674
29732
83777
87748
47573
87530
91952
75955
59218
189485
204818
61180
90958
71808
208821
84140
90955
69721
202493
77371
90005
79711
215465
159779
184461
46701
77577
83584
69266
39474
47227
73051
40650
89721
188942
19022
6468
233397
67897
176216
165554
237694
93495
240131
59711
204233
188635
210857
218338
64361
89244
196177
20469
73848
83605
36415
95338
83935
60915
245132
91472
56155
23464
87730
204871
246220
30625
83151
37293
201330
77988
35611
211533
48571
160188
63494
18804
91494
218458
219072
3329
61569
54612
55952
68697
83475
51186
1914
61243
74426
92791
233594
20423
42204
57879
190349
214196
22554
48450
21842
95664
66213
87212
202992
35768
233335
57452
80419
83184
87852
80604
60840
66085
45407
58783
86515
87524
37285
32270
80659
59413
57447
7161
82663
221977
52698
50550
47491
81796
73882
22621
54737
42340
3290
31027
89319
182145
237954
36770
85095
192367
14866
189961
71813
187208
74559
184423
241630
229829
210878
234832
70668
85229
77162
204326
211381
91276
53014
167421
9641
54513
95516
66172
24254
201036
38080
63982
207573
13328
204898
149834
171413
161068
29954
78428
165126
163794
232717
211388
64018
87366
3695
193470
83996
85123
56506
48066
60595
61630
233402
82409
35738
24410
81090
31235
49703
73162
73284
93804
59739
90087
83557
27006
57976
68524
26455
17316
230398
89207
92855
44351
243097
47377
30368
23476
220916
39767
66400
86324
31567
51103
29767
90706
193895
93528
4329
67176
46333
59729
69533
93139
90833
60994
85491
93247
187156
221150
47057
153833
58743
2881
45972
68752
73679
69539
68304
38359
86370
58323
56304
3686
209312
90838
91237
26551
86927
228901
174539
72408
66108
153464
69782
150256
62516
149307
226311
47246
55495
65855
172915
77549
54566
87528
238809
180389
90514
164463
173935
92887
231136
62319
167624
165439
240334
178358
84716
184204
98105
246809
217170
78032
91156
50646
83677
74497
79847
42535
191800
171184
185417
32370
49938
82104
172378
165138
85569
82387
44828
66861
31692
80879
195066
229968
64430
190112
241473
89990
70109
170911
50885
82061
79831
64565
56821
188553
63762
83772
154495
90646
200470
13905
75533
238940
188590
241552
89913
66582
25294
172468
91846
204504
34462
232492
182018
48614
162223
58159
199586
39075
82837
38760
71710
176031
230298
240340
205405
192048
95057
17701
9263
83272
79876
81874
92751
67909
87875
92814
42833
92971
64950
229532
30215
165235
191589
156552
206962
187150
152465
91292
199683
148466
57286
165532
67335
184193
178310
77974
187334
193164
195891
76863
170661
244317
94793
7257
149260
39648
5538
242214
183852
192394
168097
93580
58715
195248
37238
47069
212951
152478
149759
184755
23121
198209
23946
30767
203497
35667
53484
93760
225823
51780
221316
13973
55637
41630
153400
59356
37662
19305
214136
231788
79108
194538
156377
80135
199231
57315
89614
199991
56148
27270
71722
235200
42289
83470
246438
75151
50031
11875
62484
213258
173832
42578
6254
49382
95164
90470
86797
71211
82285
61343
65001
161619
232129
76475
90404
58256
41182
43447
95495
59847
224662
50479
43446
80729
61473
175146
57081
67137
36245
32031
15375
158006
86886
36321
73423
7510
75071
56925
66115
67393
65700
79041
226310
62057
83400
72656
156004
77139
29983
9660
93357
77338
88603
90625
45169
228452
31761
61110
211119
74748
15311
94632
184352
74272
93550
241818
70025
240386
62742
62802
32403
49453
2928
181234
28119
82236
222685
52831
205420
183892
35669
92410
42367
201148
40817
92880
241076
45652
241147
243535
157666
238063
217109
227352
86580
230737
63382
35855
224521
84574
66116
208487
67594
85876
53074
42531
9074
86591
177274
73668
179501
26434
174617
26648
15862
5240
25557
45646
41099
5957
85897
189702
57250
231058
90544
87165
157946
47274
77781
196608
243836
192074
209126
67087
53331
87660
157642
177306
66275
192140
25447
74897
70444
64438
218262
156462
163575
220726
230728
205596
232314
213619
69188
23740
60037
52329
82404
43498
66408
85842
46810
162750
58868
30499
85653
38277
44718
92036
58686
58499
68585
207157
185672
232078
44700
211509
50003
223763
70450
181623
180296
31053
33480
20338
78602
240560
73227
29252
54598
54190
72425
93518
72982
16890
91274
185763
43499
78365
42513
47389
214613
42644
181159
18643
69952
82109
185272
44230
71172
52867
214074
75323
192181
245596
237949
47134
82265
57779
59376
91767
93988
179094
217532
212615
76469
184681
80323
60368
81313
190365
192190
180423
216477
165655
163753
41008
83340
244676
244330
85521
216697
12911
157738
234107
195337
12892
209496
55065
236473
175944
203094
70475
163942
57564
26424
69204
7992
162197
46534
36614
81654
52330
52925
88711
200240
26201
50997
46415
203612
245320
46758
178649
66017
67864
78704
185615
190394
211744
71201
75475
44318
92407
81726
245655
